# 2000 stars found using the following parameters:
# sigma=1.00 roundness=0.50 radius=5 relax=0 profile=0 minbeta=1.5 max_stars=2000 layer=0 minA=0.00 maxA=0.00 maxR=1.00
# star#	layer	B	A	beta	X	Y	FWHMx [px]	FWHMy [px]	FWHMx ["]	FWHMy ["]	angle	RMSE	mag	Profile	RA	Dec
1	0	  0.045811	  1.281770	     -1.00	   2345.83	    228.69	      5.73	      4.70	     12.04	      9.88	38.00	 2.494e-02	     -3.99	Gaussian	0.000000	0.000000
2	0	  0.040732	  1.656210	     -1.00	   3325.26	   2371.63	      4.04	      3.82	      8.48	      8.03	62.20	 1.923e-02	     -3.58	Gaussian	0.000000	0.000000
3	0	  0.041183	  1.154679	     -1.00	   1189.76	   3061.67	      4.39	      3.83	      9.23	      8.05	-2.19	 2.529e-02	     -3.40	Gaussian	0.000000	0.000000
4	0	  0.038325	  1.164254	     -1.00	   2019.77	   3347.67	      3.72	      3.72	      7.83	      7.83	-86.01	 2.319e-02	     -3.21	Gaussian	0.000000	0.000000
5	0	  0.035273	  1.201563	     -1.00	   3295.46	   2025.27	      3.77	      3.55	      7.93	      7.47	79.39	 2.472e-02	     -3.21	Gaussian	0.000000	0.000000
6	0	  0.036309	  1.161225	     -1.00	   3246.04	    917.01	      3.46	      3.25	      7.28	      6.84	50.98	 2.306e-02	     -3.00	Gaussian	0.000000	0.000000
7	0	  0.037216	  1.161571	     -1.00	   2704.07	   3418.78	      3.40	      3.26	      7.15	      6.84	79.09	 2.151e-02	     -2.98	Gaussian	0.000000	0.000000
8	0	  0.034571	  1.178294	     -1.00	   3072.39	   1916.62	      3.27	      3.07	      6.88	      6.45	85.70	 2.051e-02	     -2.90	Gaussian	0.000000	0.000000
9	0	  0.034071	  1.166936	     -1.00	   3410.92	   2265.95	      3.30	      3.02	      6.94	      6.35	89.30	 1.979e-02	     -2.88	Gaussian	0.000000	0.000000
10	0	  0.034302	  1.182386	     -1.00	   3210.70	   2099.70	      3.22	      3.05	      6.77	      6.41	80.12	 2.026e-02	     -2.88	Gaussian	0.000000	0.000000
11	0	  0.021275	  1.189458	     -1.00	   3543.70	      8.02	      3.34	      2.74	      7.02	      5.77	33.61	 3.384e-02	     -2.81	Gaussian	0.000000	0.000000
12	0	  0.038331	  1.088532	     -1.00	    186.36	   3043.40	      3.34	      2.84	      7.02	      5.97	0.99	 1.958e-02	     -2.76	Gaussian	0.000000	0.000000
13	0	  0.037244	  1.039016	     -1.00	    279.33	   3784.65	      3.09	      2.78	      6.50	      5.84	-2.80	 1.810e-02	     -2.61	Gaussian	0.000000	0.000000
14	0	  0.032329	  1.140765	     -1.00	   2872.66	   2916.86	      2.82	      2.59	      5.92	      5.45	84.34	 1.517e-02	     -2.55	Gaussian	0.000000	0.000000
15	0	  0.032916	  1.150147	     -1.00	   2059.76	   1580.90	      2.70	      2.55	      5.68	      5.36	43.82	 1.321e-02	     -2.50	Gaussian	0.000000	0.000000
16	0	  0.031460	  1.144637	     -1.00	   3533.77	   2580.92	      2.72	      2.47	      5.72	      5.19	84.94	 1.168e-02	     -2.47	Gaussian	0.000000	0.000000
17	0	  0.032501	  1.132495	     -1.00	   2884.01	   2078.35	      2.53	      2.32	      5.32	      4.88	-89.79	 1.033e-02	     -2.33	Gaussian	0.000000	0.000000
18	0	  0.031116	  0.518442	     -1.00	   2250.03	   3526.24	      4.53	      3.74	      9.52	      7.86	76.22	 6.418e-02	     -2.24	Gaussian	0.000000	0.000000
19	0	  0.030666	  1.100384	     -1.00	   3365.59	   2021.98	      2.43	      2.22	      5.10	      4.67	86.04	 7.965e-03	     -2.22	Gaussian	0.000000	0.000000
20	0	  0.032405	  1.075602	     -1.00	   2385.82	   2345.80	      2.32	      2.32	      4.88	      4.88	-44.52	 1.894e-02	     -2.20	Gaussian	0.000000	0.000000
21	0	  0.034321	  0.971393	     -1.00	    349.72	   2897.85	      2.54	      2.21	      5.35	      4.64	-1.76	 1.270e-02	     -2.14	Gaussian	0.000000	0.000000
22	0	  0.032379	  1.102932	     -1.00	   1776.68	   1753.13	      2.30	      2.12	      4.84	      4.45	25.11	 9.246e-03	     -2.13	Gaussian	0.000000	0.000000
23	0	  0.031727	  1.129118	     -1.00	   2276.85	   2523.93	      2.23	      2.09	      4.69	      4.38	88.21	 8.111e-03	     -2.11	Gaussian	0.000000	0.000000
24	0	  0.029841	  0.697817	     -1.00	   3067.46	   2116.02	      3.43	      3.37	      7.20	      7.09	88.72	 5.054e-02	     -2.09	Gaussian	0.000000	0.000000
25	0	  0.031460	  0.978437	     -1.00	   3428.55	   3274.10	      2.95	      2.62	      6.20	      5.51	-16.09	 3.467e-02	     -2.08	Gaussian	0.000000	0.000000
26	0	  0.033300	  1.007293	     -1.00	   3207.80	   2164.24	      2.15	      1.95	      4.52	      4.10	63.63	 2.172e-02	     -2.08	Gaussian	0.000000	0.000000
27	0	  0.032234	  1.059149	     -1.00	   5365.87	    897.57	      2.36	      2.04	      4.96	      4.29	48.58	 9.381e-03	     -2.08	Gaussian	0.000000	0.000000
28	0	  0.029874	  0.728258	     -1.00	   1884.51	   1754.47	      3.26	      3.00	      6.84	      6.31	80.86	 3.903e-02	     -2.02	Gaussian	0.000000	0.000000
29	0	  0.031500	  1.025092	     -1.00	   1700.26	   2243.65	      2.16	      2.14	      4.54	      4.49	54.45	 7.738e-03	     -2.01	Gaussian	0.000000	0.000000
30	0	  0.030520	  0.594257	     -1.00	    972.75	   2198.32	      3.24	      3.24	      6.81	      6.81	78.04	 3.409e-02	     -1.96	Gaussian	0.000000	0.000000
31	0	  0.028096	  0.486664	     -1.00	   3301.05	   2325.34	      3.75	      3.65	      7.88	      7.68	75.49	 4.813e-02	     -1.94	Gaussian	0.000000	0.000000
32	0	  0.033598	  0.539895	     -1.00	   1208.49	    986.45	      1.80	      1.46	      3.78	      3.07	78.83	 5.988e-02	     -1.92	Gaussian	0.000000	0.000000
33	0	  0.031076	  1.058678	     -1.00	   5086.89	   3257.18	      2.15	      1.88	      4.52	      3.94	61.80	 8.386e-03	     -1.92	Gaussian	0.000000	0.000000
34	0	  0.029366	  0.725264	     -1.00	   2815.35	   3590.21	      3.07	      2.56	      6.45	      5.39	78.37	 3.091e-02	     -1.89	Gaussian	0.000000	0.000000
35	0	  0.031375	  0.433419	     -1.00	    257.67	   1005.66	      1.64	      1.63	      3.44	      3.42	79.05	 4.481e-02	     -1.89	Gaussian	0.000000	0.000000
36	0	  0.027444	  0.536523	     -1.00	   6319.59	   2326.18	      3.72	      3.35	      7.81	      7.05	77.44	 3.904e-02	     -1.87	Gaussian	0.000000	0.000000
37	0	  0.030309	  0.895700	     -1.00	   3349.38	   2131.57	      2.29	      1.93	      4.80	      4.06	-75.86	 6.600e-03	     -1.85	Gaussian	0.000000	0.000000
38	0	  0.030267	  0.699549	     -1.00	   3115.52	   2276.15	      1.55	      1.42	      3.27	      2.98	66.37	 4.954e-02	     -1.84	Gaussian	0.000000	0.000000
39	0	  0.030938	  0.684741	     -1.00	    422.45	    840.60	      2.58	      2.12	      5.43	      4.46	9.48	 9.102e-03	     -1.80	Gaussian	0.000000	0.000000
40	0	  0.030566	  0.509813	     -1.00	   2458.67	    100.13	      1.69	      1.57	      3.55	      3.30	67.24	 4.924e-02	     -1.76	Gaussian	0.000000	0.000000
41	0	  0.031220	  0.829905	     -1.00	    836.54	   2206.86	      2.21	      1.94	      4.64	      4.09	3.64	 8.276e-03	     -1.76	Gaussian	0.000000	0.000000
42	0	  0.024776	  0.444646	     -1.00	   3092.61	   3014.06	      3.94	      2.15	      8.28	      4.51	72.12	 2.530e-02	     -1.75	Gaussian	0.000000	0.000000
43	0	  0.030125	  0.923955	     -1.00	   3235.51	   3633.61	      2.01	      1.87	      4.22	      3.93	77.14	 6.182e-03	     -1.73	Gaussian	0.000000	0.000000
44	0	  0.029861	  0.898680	     -1.00	   3325.89	   2205.51	      1.95	      1.95	      4.10	      4.10	19.31	 7.128e-03	     -1.72	Gaussian	0.000000	0.000000
45	0	  0.030667	  0.687431	     -1.00	   2162.80	   2761.54	      2.96	      2.79	      6.21	      5.87	28.36	 3.354e-02	     -1.71	Gaussian	0.000000	0.000000
46	0	  0.029818	  0.903973	     -1.00	   3109.55	   1001.74	      1.94	      1.89	      4.08	      3.97	66.17	 6.107e-03	     -1.69	Gaussian	0.000000	0.000000
47	0	  0.031069	  0.729989	     -1.00	    835.33	   2876.70	      2.13	      2.13	      4.47	      4.47	-89.40	 8.251e-03	     -1.69	Gaussian	0.000000	0.000000
48	0	  0.030273	  0.618120	     -1.00	   3239.18	   3381.57	      3.10	      2.59	      6.52	      5.43	4.19	 3.223e-02	     -1.68	Gaussian	0.000000	0.000000
49	0	  0.029773	  0.891841	     -1.00	   3094.52	   2117.94	      2.00	      1.83	      4.19	      3.85	-87.42	 6.268e-03	     -1.68	Gaussian	0.000000	0.000000
50	0	  0.030128	  0.802748	     -1.00	   5536.32	   3721.68	      2.20	      1.84	      4.62	      3.86	54.76	 7.264e-03	     -1.67	Gaussian	0.000000	0.000000
51	0	  0.023719	  0.298984	     -1.00	   4264.36	   2953.32	      4.54	      2.43	      9.54	      5.10	76.16	 2.399e-02	     -1.65	Gaussian	0.000000	0.000000
52	0	  0.025197	  0.379368	     -1.00	   3051.39	   2068.52	      3.74	      2.27	      7.86	      4.77	56.86	 2.278e-02	     -1.65	Gaussian	0.000000	0.000000
53	0	  0.025771	  0.318719	     -1.00	   3564.35	   1939.20	      4.35	      4.17	      9.14	      8.77	7.84	 4.036e-02	     -1.64	Gaussian	0.000000	0.000000
54	0	  0.028970	  0.576160	     -1.00	   3335.16	   1974.51	      2.62	      2.28	      5.51	      4.80	10.23	 1.836e-02	     -1.63	Gaussian	0.000000	0.000000
55	0	  0.029324	  0.829091	     -1.00	   3419.23	   2364.68	      1.94	      1.85	      4.08	      3.88	-88.84	 5.894e-03	     -1.60	Gaussian	0.000000	0.000000
56	0	  0.031584	  0.602637	     -1.00	    973.70	    902.29	      1.94	      1.88	      4.08	      3.95	-2.10	 1.711e-02	     -1.59	Gaussian	0.000000	0.000000
57	0	  0.029708	  0.767911	     -1.00	   2249.10	    840.06	      2.01	      1.89	      4.22	      3.96	35.57	 6.069e-03	     -1.58	Gaussian	0.000000	0.000000
58	0	  0.030071	  0.538400	     -1.00	   5667.28	   3726.39	      3.31	      2.41	      6.97	      5.06	12.64	 2.535e-02	     -1.58	Gaussian	0.000000	0.000000
59	0	  0.029911	  0.524048	     -1.00	     69.21	   2036.58	      2.35	      2.35	      4.93	      4.93	72.02	 8.229e-03	     -1.57	Gaussian	0.000000	0.000000
60	0	  0.031400	  0.263729	     -1.00	    894.30	   1015.25	      4.35	      3.35	      9.15	      7.03	73.71	 2.865e-02	     -1.57	Gaussian	0.000000	0.000000
61	0	  0.029234	  0.689854	     -1.00	   5963.84	   2596.31	      2.23	      1.85	      4.69	      3.89	54.27	 6.083e-03	     -1.57	Gaussian	0.000000	0.000000
62	0	  0.029116	  0.770446	     -1.00	   3352.01	   2253.93	      2.01	      1.84	      4.23	      3.86	-89.40	 5.497e-03	     -1.57	Gaussian	0.000000	0.000000
63	0	  0.024299	  0.262723	     -1.00	   2349.36	   2836.35	      4.39	      2.55	      9.22	      5.37	55.05	 2.100e-02	     -1.54	Gaussian	0.000000	0.000000
64	0	  0.028732	  0.616049	     -1.00	   3014.25	   1886.61	      2.26	      1.94	      4.76	      4.07	-65.02	 4.206e-03	     -1.52	Gaussian	0.000000	0.000000
65	0	  0.028971	  0.460464	     -1.00	    497.49	    502.56	      2.68	      2.14	      5.62	      4.51	9.08	 6.355e-03	     -1.50	Gaussian	0.000000	0.000000
66	0	  0.024169	  0.256114	     -1.00	   4200.22	    747.22	      4.38	      2.47	      9.21	      5.20	70.94	 1.973e-02	     -1.48	Gaussian	0.000000	0.000000
67	0	  0.028560	  0.529061	     -1.00	   3224.38	   2449.47	      2.70	      2.08	      5.67	      4.37	58.76	 1.189e-02	     -1.48	Gaussian	0.000000	0.000000
68	0	  0.035458	  0.296627	     -1.00	   3282.26	   2291.06	      1.34	      1.03	      2.81	      2.17	11.15	 5.755e-02	     -1.47	Gaussian	0.000000	0.000000
69	0	  0.026663	  0.481455	     -1.00	   2740.50	   1625.07	      2.74	      2.23	      5.76	      4.69	57.45	 1.367e-02	     -1.46	Gaussian	0.000000	0.000000
70	0	  0.029416	  0.340917	     -1.00	   5903.13	    194.03	      3.48	      3.48	      7.31	      7.31	75.55	 2.663e-02	     -1.45	Gaussian	0.000000	0.000000
71	0	  0.028550	  0.675631	     -1.00	   4842.89	   2505.21	      2.00	      1.81	      4.21	      3.81	69.31	 4.897e-03	     -1.44	Gaussian	0.000000	0.000000
72	0	  0.027869	  0.439689	     -1.00	   3255.38	   1834.40	      3.83	      2.47	      8.06	      5.19	1.75	 2.917e-02	     -1.44	Gaussian	0.000000	0.000000
73	0	  0.028924	  0.631538	     -1.00	   3020.26	     78.68	      2.10	      1.83	      4.41	      3.85	40.28	 5.218e-03	     -1.44	Gaussian	0.000000	0.000000
74	0	  0.027972	  0.292365	     -1.00	   1397.94	   1510.33	      3.27	      3.18	      6.87	      6.68	70.18	 2.046e-02	     -1.42	Gaussian	0.000000	0.000000
75	0	  0.029650	  0.599339	     -1.00	   3681.31	    259.98	      2.10	      1.89	      4.41	      3.98	35.10	 2.228e-02	     -1.42	Gaussian	0.000000	0.000000
76	0	  0.028745	  0.570069	     -1.00	   6330.03	   1829.74	      2.26	      1.84	      4.75	      3.87	46.87	 5.871e-03	     -1.42	Gaussian	0.000000	0.000000
77	0	  0.028471	  0.628313	     -1.00	   3110.98	   1932.95	      1.99	      1.83	      4.17	      3.85	-85.57	 4.480e-03	     -1.39	Gaussian	0.000000	0.000000
78	0	  0.028348	  0.492654	     -1.00	   3362.80	   3726.49	      2.86	      2.38	      6.02	      4.99	63.71	 1.755e-02	     -1.38	Gaussian	0.000000	0.000000
79	0	  0.028838	  0.493514	     -1.00	   1450.38	    309.02	      2.36	      1.95	      4.96	      4.09	21.34	 5.258e-03	     -1.38	Gaussian	0.000000	0.000000
80	0	  0.028962	  0.545674	     -1.00	   1453.89	    806.78	      2.20	      1.87	      4.63	      3.94	18.74	 5.264e-03	     -1.38	Gaussian	0.000000	0.000000
81	0	  0.026303	  0.291267	     -1.00	   3664.59	   2718.71	      3.69	      3.55	      7.76	      7.47	9.22	 2.552e-02	     -1.37	Gaussian	0.000000	0.000000
82	0	  0.027395	  0.354848	     -1.00	   3119.75	   2187.08	      3.00	      2.99	      6.30	      6.29	83.72	 1.885e-02	     -1.36	Gaussian	0.000000	0.000000
83	0	  0.028472	  0.619545	     -1.00	   3177.66	   1097.95	      1.92	      1.82	      4.04	      3.82	79.42	 4.427e-03	     -1.34	Gaussian	0.000000	0.000000
84	0	  0.025826	  0.243898	     -1.00	   4057.01	   1627.35	      4.16	      4.15	      8.73	      8.72	80.62	 2.825e-02	     -1.34	Gaussian	0.000000	0.000000
85	0	  0.027814	  0.244926	     -1.00	   2482.25	   1580.11	      1.56	      1.54	      3.29	      3.24	29.30	 3.710e-02	     -1.33	Gaussian	0.000000	0.000000
86	0	  0.028037	  0.228736	     -1.00	    133.73	   3331.59	      1.93	      1.92	      4.06	      4.04	83.68	 1.915e-02	     -1.32	Gaussian	0.000000	0.000000
87	0	  0.025978	  0.344277	     -1.00	   5496.16	   1551.44	      3.02	      2.24	      6.35	      4.70	49.17	 1.076e-02	     -1.30	Gaussian	0.000000	0.000000
88	0	  0.024773	  0.223348	     -1.00	   5655.32	    611.40	      3.79	      2.62	      7.96	      5.51	66.69	 1.230e-02	     -1.29	Gaussian	0.000000	0.000000
89	0	  0.029649	  0.548867	     -1.00	   3146.43	   2142.75	      1.96	      1.85	      4.12	      3.88	-88.65	 6.789e-03	     -1.28	Gaussian	0.000000	0.000000
90	0	  0.027407	  0.208371	     -1.00	   1070.00	   3545.26	      3.78	      3.43	      7.95	      7.21	79.32	 1.741e-02	     -1.28	Gaussian	0.000000	0.000000
91	0	  0.027440	  0.352853	     -1.00	   3530.33	   1393.51	      3.31	      2.54	      6.95	      5.34	5.94	 1.971e-02	     -1.28	Gaussian	0.000000	0.000000
92	0	  0.027673	  0.388823	     -1.00	   3365.06	   1010.54	      2.56	      2.26	      5.39	      4.75	6.90	 1.161e-02	     -1.28	Gaussian	0.000000	0.000000
93	0	  0.028102	  0.501935	     -1.00	   1799.94	   1332.45	      2.06	      1.90	      4.34	      4.00	30.83	 3.796e-03	     -1.27	Gaussian	0.000000	0.000000
94	0	  0.026790	  0.209150	     -1.00	    881.09	   1000.85	      3.90	      3.50	      8.21	      7.36	6.20	 1.505e-02	     -1.27	Gaussian	0.000000	0.000000
95	0	  0.027976	  0.495853	     -1.00	   5434.29	   3675.81	      2.16	      1.83	      4.54	      3.85	54.80	 4.359e-03	     -1.27	Gaussian	0.000000	0.000000
96	0	  0.027988	  0.525177	     -1.00	   3050.64	   3993.61	      2.01	      1.86	      4.22	      3.90	80.54	 3.653e-03	     -1.27	Gaussian	0.000000	0.000000
97	0	  0.027827	  0.522408	     -1.00	   4844.05	   3217.91	      2.01	      1.81	      4.21	      3.81	67.30	 4.129e-03	     -1.25	Gaussian	0.000000	0.000000
98	0	  0.028702	  0.285288	     -1.00	   3386.46	   2337.90	      1.38	      1.37	      2.90	      2.89	24.06	 3.057e-02	     -1.23	Gaussian	0.000000	0.000000
99	0	  0.027475	  0.225744	     -1.00	   3676.12	   3079.14	      1.63	      1.59	      3.42	      3.33	62.90	 3.025e-02	     -1.22	Gaussian	0.000000	0.000000
100	0	  0.025646	  0.409248	     -1.00	   3271.33	   4259.76	      1.56	      1.35	      3.28	      2.84	26.96	 2.364e-02	     -1.22	Gaussian	0.000000	0.000000
101	0	  0.027913	  0.522042	     -1.00	   2688.82	    950.71	      1.93	      1.81	      4.05	      3.81	54.69	 3.626e-03	     -1.22	Gaussian	0.000000	0.000000
102	0	  0.027868	  0.434950	     -1.00	   1929.97	    455.34	      2.22	      1.88	      4.67	      3.96	32.24	 3.769e-03	     -1.22	Gaussian	0.000000	0.000000
103	0	  0.026679	  0.170969	     -1.00	   2732.58	   2467.02	      4.70	      4.70	      9.89	      9.88	87.80	 2.740e-02	     -1.21	Gaussian	0.000000	0.000000
104	0	  0.028245	  0.506741	     -1.00	   3574.73	   2630.80	      1.96	      1.81	      4.11	      3.80	88.44	 3.997e-03	     -1.20	Gaussian	0.000000	0.000000
105	0	  0.028025	  0.510139	     -1.00	   2139.92	   3181.89	      1.91	      1.83	      4.01	      3.85	-80.86	 3.750e-03	     -1.20	Gaussian	0.000000	0.000000
106	0	  0.027721	  0.235400	     -1.00	   2274.09	     83.23	      3.60	      3.58	      7.57	      7.53	75.42	 2.014e-02	     -1.20	Gaussian	0.000000	0.000000
107	0	  0.027621	  0.494586	     -1.00	   4518.89	    801.60	      1.97	      1.82	      4.14	      3.82	53.63	 3.615e-03	     -1.19	Gaussian	0.000000	0.000000
108	0	  0.028014	  0.428154	     -1.00	   1718.18	   3938.97	      2.09	      1.96	      4.39	      4.12	-53.33	 3.909e-03	     -1.19	Gaussian	0.000000	0.000000
109	0	  0.029040	  0.358440	     -1.00	   2761.37	   2242.84	      1.77	      1.60	      3.72	      3.36	76.27	 1.983e-02	     -1.19	Gaussian	0.000000	0.000000
110	0	  0.027571	  0.337938	     -1.00	    574.13	    781.94	      2.50	      2.07	      5.25	      4.35	9.77	 4.281e-03	     -1.19	Gaussian	0.000000	0.000000
111	0	  0.027734	  0.446893	     -1.00	   1615.63	   3248.64	      1.97	      1.97	      4.15	      4.15	87.30	 3.360e-03	     -1.18	Gaussian	0.000000	0.000000
112	0	  0.027668	  0.482904	     -1.00	   4392.74	   3247.65	      1.98	      1.81	      4.17	      3.81	67.55	 3.515e-03	     -1.18	Gaussian	0.000000	0.000000
113	0	  0.027467	  0.446642	     -1.00	   5606.12	   1431.05	      2.10	      1.85	      4.42	      3.88	50.71	 3.910e-03	     -1.18	Gaussian	0.000000	0.000000
114	0	  0.027547	  0.323617	     -1.00	    486.73	    680.52	      2.31	      2.31	      4.86	      4.86	55.72	 5.031e-03	     -1.18	Gaussian	0.000000	0.000000
115	0	  0.027868	  0.387336	     -1.00	    994.54	   1690.98	      2.26	      1.97	      4.76	      4.14	13.95	 4.046e-03	     -1.18	Gaussian	0.000000	0.000000
116	0	  0.027983	  0.390114	     -1.00	   1683.73	   4182.49	      2.15	      2.03	      4.53	      4.26	-45.91	 3.718e-03	     -1.17	Gaussian	0.000000	0.000000
117	0	  0.027668	  0.403163	     -1.00	   1431.36	   1578.69	      2.23	      1.89	      4.68	      3.98	16.95	 3.289e-03	     -1.17	Gaussian	0.000000	0.000000
118	0	  0.027869	  0.276000	     -1.00	     26.40	   3816.86	      2.59	      2.37	      5.45	      4.98	4.29	 4.460e-03	     -1.16	Gaussian	0.000000	0.000000
119	0	  0.027562	  0.304926	     -1.00	    195.81	   1128.45	      2.35	      2.35	      4.95	      4.95	69.46	 4.770e-03	     -1.16	Gaussian	0.000000	0.000000
120	0	  0.026056	  0.185780	     -1.00	   3763.02	    554.41	      4.00	      3.94	      8.42	      8.29	71.36	 2.029e-02	     -1.16	Gaussian	0.000000	0.000000
121	0	  0.027705	  0.461967	     -1.00	   3130.44	   2001.66	      1.97	      1.85	      4.13	      3.88	-85.65	 3.172e-03	     -1.16	Gaussian	0.000000	0.000000
122	0	  0.026422	  0.266882	     -1.00	   3375.22	   1737.74	      3.44	      2.40	      7.23	      5.05	26.51	 1.440e-02	     -1.15	Gaussian	0.000000	0.000000
123	0	  0.027607	  0.476071	     -1.00	   2901.88	   3394.82	      1.92	      1.80	      4.03	      3.79	78.46	 3.335e-03	     -1.14	Gaussian	0.000000	0.000000
124	0	  0.027075	  0.258438	     -1.00	   5735.77	   2096.52	      3.11	      2.96	      6.55	      6.21	76.16	 1.476e-02	     -1.14	Gaussian	0.000000	0.000000
125	0	  0.026203	  0.236520	     -1.00	   3146.31	     33.30	      3.25	      2.66	      6.83	      5.60	76.30	 1.166e-02	     -1.14	Gaussian	0.000000	0.000000
126	0	  0.027099	  0.252968	     -1.00	    363.12	   3341.38	      2.81	      2.56	      5.90	      5.38	77.66	 5.739e-03	     -1.14	Gaussian	0.000000	0.000000
127	0	  0.027673	  0.376317	     -1.00	   1106.78	   1227.81	      2.24	      1.92	      4.71	      4.03	15.27	 3.720e-03	     -1.13	Gaussian	0.000000	0.000000
128	0	  0.026387	  0.220697	     -1.00	   2183.65	   2985.51	      3.57	      3.30	      7.50	      6.94	78.80	 1.656e-02	     -1.12	Gaussian	0.000000	0.000000
129	0	  0.025856	  0.247584	     -1.00	   3240.12	   2081.52	      3.18	      2.50	      6.69	      5.26	24.51	 1.129e-02	     -1.12	Gaussian	0.000000	0.000000
130	0	  0.027391	  0.303448	     -1.00	   3377.05	   2083.62	      2.76	      2.33	      5.81	      4.90	6.87	 1.031e-02	     -1.11	Gaussian	0.000000	0.000000
131	0	  0.027307	  0.330695	     -1.00	    687.02	   1579.70	      2.36	      1.99	      4.97	      4.18	10.64	 3.533e-03	     -1.10	Gaussian	0.000000	0.000000
132	0	  0.025505	  0.257150	     -1.00	   5117.09	   1268.44	      3.00	      2.36	      6.31	      4.97	36.52	 9.076e-03	     -1.10	Gaussian	0.000000	0.000000
133	0	  0.027318	  0.393247	     -1.00	   3628.13	   2131.10	      2.03	      1.87	      4.27	      3.93	89.74	 2.755e-03	     -1.08	Gaussian	0.000000	0.000000
134	0	  0.027587	  0.361988	     -1.00	   1636.52	   3904.79	      2.07	      1.98	      4.35	      4.16	-43.15	 3.332e-03	     -1.07	Gaussian	0.000000	0.000000
135	0	  0.027030	  0.211898	     -1.00	   1272.73	   3147.47	      3.14	      3.08	      6.60	      6.47	84.92	 1.240e-02	     -1.07	Gaussian	0.000000	0.000000
136	0	  0.027194	  0.413760	     -1.00	   5112.01	   2214.78	      1.98	      1.80	      4.17	      3.78	56.39	 3.022e-03	     -1.07	Gaussian	0.000000	0.000000
137	0	  0.027331	  0.272854	     -1.00	   4070.16	   3487.53	      3.01	      2.53	      6.33	      5.32	4.17	 1.282e-02	     -1.07	Gaussian	0.000000	0.000000
138	0	  0.027422	  0.404511	     -1.00	   2980.90	   2169.46	      2.00	      1.81	      4.20	      3.81	-83.91	 2.776e-03	     -1.06	Gaussian	0.000000	0.000000
139	0	  0.027460	  0.274958	     -1.00	   1487.25	   3979.02	      2.63	      2.49	      5.53	      5.23	-88.71	 6.874e-03	     -1.06	Gaussian	0.000000	0.000000
140	0	  0.027514	  0.393695	     -1.00	   1670.08	   2182.04	      1.97	      1.89	      4.14	      3.97	7.51	 3.172e-03	     -1.06	Gaussian	0.000000	0.000000
141	0	  0.027371	  0.310823	     -1.00	   2843.36	   1558.63	      3.27	      1.80	      6.88	      3.77	-23.67	 1.318e-02	     -1.06	Gaussian	0.000000	0.000000
142	0	  0.026769	  0.270100	     -1.00	   4399.26	   1433.48	      3.51	      2.61	      7.38	      5.48	4.88	 1.633e-02	     -1.06	Gaussian	0.000000	0.000000
143	0	  0.027340	  0.413593	     -1.00	   3501.00	   3048.79	      1.92	      1.82	      4.04	      3.83	86.68	 3.039e-03	     -1.05	Gaussian	0.000000	0.000000
144	0	  0.027209	  0.384765	     -1.00	   2709.17	   2006.15	      1.93	      1.93	      4.05	      4.05	-3.94	 3.007e-03	     -1.04	Gaussian	0.000000	0.000000
145	0	  0.027953	  0.256670	     -1.00	   2260.68	   2752.98	      1.70	      1.54	      3.57	      3.23	69.48	 2.055e-02	     -1.04	Gaussian	0.000000	0.000000
146	0	  0.027070	  0.381042	     -1.00	   5306.74	    958.81	      2.05	      1.81	      4.30	      3.80	44.59	 3.131e-03	     -1.04	Gaussian	0.000000	0.000000
147	0	  0.028873	  0.241504	     -1.00	   3150.49	   2004.01	      2.98	      2.77	      6.27	      5.83	29.38	 1.489e-02	     -1.03	Gaussian	0.000000	0.000000
148	0	  0.027252	  0.374667	     -1.00	   3846.98	   2050.98	      2.02	      1.84	      4.25	      3.86	-85.89	 2.696e-03	     -1.03	Gaussian	0.000000	0.000000
149	0	  0.027075	  0.260523	     -1.00	   3812.42	   2060.25	      3.28	      2.56	      6.89	      5.38	40.00	 1.221e-02	     -1.03	Gaussian	0.000000	0.000000
150	0	  0.027386	  0.314054	     -1.00	   3261.68	   2042.52	      2.56	      2.23	      5.37	      4.69	67.42	 7.044e-03	     -1.03	Gaussian	0.000000	0.000000
151	0	  0.026504	  0.247423	     -1.00	   5374.47	   2333.18	      3.04	      2.52	      6.39	      5.29	73.54	 1.002e-02	     -1.02	Gaussian	0.000000	0.000000
152	0	  0.026755	  0.223110	     -1.00	    538.70	    312.07	      3.11	      3.02	      6.54	      6.35	79.95	 8.325e-03	     -1.02	Gaussian	0.000000	0.000000
153	0	  0.027465	  0.337903	     -1.00	   2649.49	   1927.61	      2.51	      2.25	      5.28	      4.73	65.83	 8.223e-03	     -1.02	Gaussian	0.000000	0.000000
154	0	  0.027699	  0.338565	     -1.00	   2516.49	   4076.50	      2.69	      2.48	      5.65	      5.22	52.29	 1.104e-02	     -1.02	Gaussian	0.000000	0.000000
155	0	  0.026924	  0.300485	     -1.00	    796.84	   3004.75	      2.14	      2.14	      4.49	      4.49	56.74	 3.480e-03	     -1.02	Gaussian	0.000000	0.000000
156	0	  0.027161	  0.311848	     -1.00	   1003.10	   1618.47	      2.23	      1.96	      4.68	      4.13	14.55	 2.957e-03	     -1.01	Gaussian	0.000000	0.000000
157	0	  0.026670	  0.206690	     -1.00	   4477.66	    794.39	      2.98	      2.82	      6.26	      5.93	77.77	 9.121e-03	     -1.01	Gaussian	0.000000	0.000000
158	0	  0.027160	  0.228848	     -1.00	   2142.31	     15.09	      3.49	      2.02	      7.33	      4.25	76.97	 1.083e-02	     -1.01	Gaussian	0.000000	0.000000
159	0	  0.026661	  0.239083	     -1.00	   3067.50	   2572.21	      2.88	      2.44	      6.06	      5.14	81.17	 9.022e-03	     -1.00	Gaussian	0.000000	0.000000
160	0	  0.026862	  0.221448	     -1.00	    133.56	   2463.08	      1.74	      1.74	      3.66	      3.66	61.41	 9.912e-03	     -0.99	Gaussian	0.000000	0.000000
161	0	  0.024691	  0.126513	     -1.00	   4226.30	   2975.33	      4.46	      2.41	      9.37	      5.08	63.22	 9.589e-03	     -0.99	Gaussian	0.000000	0.000000
162	0	  0.026067	  0.226125	     -1.00	   1751.36	   1818.09	      2.97	      2.46	      6.24	      5.16	64.00	 8.104e-03	     -0.99	Gaussian	0.000000	0.000000
163	0	  0.027218	  0.352323	     -1.00	   2320.80	   4023.74	      1.99	      1.86	      4.18	      3.91	89.95	 2.820e-03	     -0.98	Gaussian	0.000000	0.000000
164	0	  0.026670	  0.247541	     -1.00	    603.71	    613.76	      2.55	      2.06	      5.36	      4.34	11.31	 3.227e-03	     -0.98	Gaussian	0.000000	0.000000
165	0	  0.027151	  0.344312	     -1.00	   2030.49	   1327.99	      2.00	      1.89	      4.21	      3.96	34.50	 2.569e-03	     -0.98	Gaussian	0.000000	0.000000
166	0	  0.026964	  0.290701	     -1.00	   2737.78	   3528.56	      2.28	      1.96	      4.79	      4.11	53.26	 2.129e-03	     -0.98	Gaussian	0.000000	0.000000
167	0	  0.026595	  0.214759	     -1.00	   2461.36	    769.24	      3.55	      2.67	      7.45	      5.62	23.75	 1.194e-02	     -0.98	Gaussian	0.000000	0.000000
168	0	  0.026993	  0.335823	     -1.00	   2904.34	   3471.22	      2.04	      1.90	      4.30	      3.98	79.81	 2.332e-03	     -0.98	Gaussian	0.000000	0.000000
169	0	  0.026931	  0.359730	     -1.00	   4467.72	   3201.72	      1.97	      1.79	      4.14	      3.76	67.86	 2.635e-03	     -0.97	Gaussian	0.000000	0.000000
170	0	  0.027098	  0.349118	     -1.00	   2515.99	   3773.75	      1.94	      1.86	      4.07	      3.91	79.41	 2.553e-03	     -0.96	Gaussian	0.000000	0.000000
171	0	  0.027119	  0.308120	     -1.00	   2036.14	    431.94	      2.18	      1.86	      4.57	      3.92	31.97	 2.759e-03	     -0.96	Gaussian	0.000000	0.000000
172	0	  0.026790	  0.237582	     -1.00	    231.62	   1640.86	      2.50	      2.11	      5.25	      4.43	5.47	 3.212e-03	     -0.96	Gaussian	0.000000	0.000000
173	0	  0.026522	  0.222741	     -1.00	   2206.68	    342.10	      3.22	      2.38	      6.76	      5.00	25.28	 8.340e-03	     -0.96	Gaussian	0.000000	0.000000
174	0	  0.025245	  0.155398	     -1.00	   3690.46	    390.16	      3.62	      2.86	      7.62	      6.01	80.35	 1.022e-02	     -0.96	Gaussian	0.000000	0.000000
175	0	  0.026179	  0.205068	     -1.00	   5201.48	   1063.42	      3.16	      2.79	      6.65	      5.87	78.30	 9.839e-03	     -0.96	Gaussian	0.000000	0.000000
176	0	  0.027151	  0.339968	     -1.00	   3098.87	   2386.40	      2.02	      1.81	      4.24	      3.80	89.25	 2.361e-03	     -0.95	Gaussian	0.000000	0.000000
177	0	  0.027241	  0.269420	     -1.00	    759.59	   2879.78	      2.27	      2.02	      4.77	      4.25	-7.14	 2.984e-03	     -0.95	Gaussian	0.000000	0.000000
178	0	  0.029074	  0.319327	     -1.00	   3341.71	   2120.73	      1.50	      1.36	      3.16	      2.85	62.50	 1.527e-02	     -0.95	Gaussian	0.000000	0.000000
179	0	  0.026653	  0.216726	     -1.00	    383.00	    480.02	      2.64	      2.15	      5.56	      4.52	7.85	 3.233e-03	     -0.95	Gaussian	0.000000	0.000000
180	0	  0.024792	  0.128522	     -1.00	   4634.12	   3251.18	      4.24	      2.42	      8.91	      5.09	66.35	 8.132e-03	     -0.94	Gaussian	0.000000	0.000000
181	0	  0.026869	  0.286803	     -1.00	   2184.73	     17.74	      2.25	      1.88	      4.74	      3.96	30.21	 2.747e-03	     -0.94	Gaussian	0.000000	0.000000
182	0	  0.028537	  0.225403	     -1.00	    637.46	   4083.75	      2.44	      2.21	      5.13	      4.65	-18.13	 6.764e-03	     -0.94	Gaussian	0.000000	0.000000
183	0	  0.026143	  0.129826	     -1.00	   3199.08	   2291.33	      3.96	      3.80	      8.32	      8.00	75.33	 1.405e-02	     -0.94	Gaussian	0.000000	0.000000
184	0	  0.027102	  0.325725	     -1.00	   3196.34	   2059.74	      1.97	      1.86	      4.14	      3.92	88.34	 2.356e-03	     -0.93	Gaussian	0.000000	0.000000
185	0	  0.025478	  0.092526	     -1.00	   3785.14	   1013.02	      4.76	      4.74	     10.00	      9.97	86.28	 1.532e-02	     -0.93	Gaussian	0.000000	0.000000
186	0	  0.027014	  0.332371	     -1.00	   2116.06	   1827.95	      1.91	      1.87	      4.01	      3.93	63.58	 2.524e-03	     -0.93	Gaussian	0.000000	0.000000
187	0	  0.026904	  0.332180	     -1.00	   3787.80	   3364.99	      1.96	      1.82	      4.13	      3.82	80.85	 2.510e-03	     -0.92	Gaussian	0.000000	0.000000
188	0	  0.026681	  0.242817	     -1.00	   4804.47	    777.12	      2.59	      2.15	      5.45	      4.52	40.36	 5.398e-03	     -0.92	Gaussian	0.000000	0.000000
189	0	  0.026833	  0.328768	     -1.00	   4074.01	    424.85	      1.96	      1.83	      4.13	      3.86	50.05	 2.600e-03	     -0.92	Gaussian	0.000000	0.000000
190	0	  0.026469	  0.225078	     -1.00	   5932.60	   2082.28	      1.81	      1.48	      3.80	      3.10	57.11	 1.121e-02	     -0.92	Gaussian	0.000000	0.000000
191	0	  0.027158	  0.202293	     -1.00	   2491.44	     19.51	      3.56	      3.39	      7.47	      7.12	78.69	 1.520e-02	     -0.92	Gaussian	0.000000	0.000000
192	0	  0.026893	  0.319159	     -1.00	   3783.36	   1223.69	      1.95	      1.88	      4.11	      3.95	75.35	 2.200e-03	     -0.92	Gaussian	0.000000	0.000000
193	0	  0.027069	  0.338824	     -1.00	   2880.67	   1413.79	      1.92	      1.80	      4.04	      3.77	88.32	 2.491e-03	     -0.92	Gaussian	0.000000	0.000000
194	0	  0.026525	  0.195275	     -1.00	    464.28	    253.62	      2.43	      2.43	      5.11	      5.11	49.46	 3.462e-03	     -0.91	Gaussian	0.000000	0.000000
195	0	  0.026677	  0.310854	     -1.00	   4957.35	   1739.97	      1.98	      1.88	      4.16	      3.94	62.30	 2.344e-03	     -0.91	Gaussian	0.000000	0.000000
196	0	  0.027322	  0.308510	     -1.00	   2285.42	   1189.98	      1.97	      1.89	      4.13	      3.98	46.73	 3.003e-03	     -0.90	Gaussian	0.000000	0.000000
197	0	  0.026431	  0.200253	     -1.00	   1388.42	    523.36	      2.70	      2.59	      5.67	      5.44	-16.48	 5.295e-03	     -0.90	Gaussian	0.000000	0.000000
198	0	  0.026796	  0.318051	     -1.00	   4462.93	   3608.61	      1.98	      1.82	      4.16	      3.83	71.30	 2.484e-03	     -0.90	Gaussian	0.000000	0.000000
199	0	  0.028696	  0.223174	     -1.00	   2339.42	    205.93	      1.78	      1.63	      3.74	      3.44	70.74	 1.376e-02	     -0.90	Gaussian	0.000000	0.000000
200	0	  0.027472	  0.199518	     -1.00	   2517.72	   1063.10	      1.65	      1.51	      3.47	      3.18	66.09	 1.789e-02	     -0.90	Gaussian	0.000000	0.000000
201	0	  0.026475	  0.210270	     -1.00	   4495.52	   2608.31	      3.01	      2.17	      6.32	      4.56	13.32	 6.847e-03	     -0.90	Gaussian	0.000000	0.000000
202	0	  0.026511	  0.291574	     -1.00	   5936.19	   1609.90	      2.13	      1.83	      4.48	      3.84	41.72	 2.790e-03	     -0.90	Gaussian	0.000000	0.000000
203	0	  0.026559	  0.241021	     -1.00	    648.52	   1562.86	      2.17	      2.17	      4.56	      4.56	60.98	 3.172e-03	     -0.90	Gaussian	0.000000	0.000000
204	0	  0.026907	  0.322603	     -1.00	   3429.78	   1274.71	      1.93	      1.81	      4.06	      3.80	74.68	 2.287e-03	     -0.89	Gaussian	0.000000	0.000000
205	0	  0.026655	  0.295832	     -1.00	   4379.78	     86.79	      2.09	      1.82	      4.39	      3.83	47.37	 2.532e-03	     -0.89	Gaussian	0.000000	0.000000
206	0	  0.026775	  0.195744	     -1.00	   3169.03	   3586.63	      2.87	      2.31	      6.03	      4.85	5.09	 8.810e-03	     -0.89	Gaussian	0.000000	0.000000
207	0	  0.025438	  0.146566	     -1.00	   4702.46	   3770.07	      3.58	      2.87	      7.53	      6.03	-68.51	 9.624e-03	     -0.89	Gaussian	0.000000	0.000000
208	0	  0.026808	  0.304179	     -1.00	   2935.68	    301.82	      2.02	      1.81	      4.24	      3.81	47.32	 2.412e-03	     -0.89	Gaussian	0.000000	0.000000
209	0	  0.026530	  0.226401	     -1.00	    964.20	   3882.58	      2.22	      2.22	      4.66	      4.66	-76.70	 2.605e-03	     -0.89	Gaussian	0.000000	0.000000
210	0	  0.026925	  0.267916	     -1.00	   1900.31	   3960.59	      2.08	      1.99	      4.36	      4.19	-59.21	 2.213e-03	     -0.88	Gaussian	0.000000	0.000000
211	0	  0.026886	  0.301076	     -1.00	   2563.26	   2284.05	      1.99	      1.84	      4.18	      3.87	87.75	 2.139e-03	     -0.88	Gaussian	0.000000	0.000000
212	0	  0.026731	  0.195077	     -1.00	   3130.53	   2246.16	      3.61	      2.52	      7.58	      5.31	85.99	 1.093e-02	     -0.88	Gaussian	0.000000	0.000000
213	0	  0.025125	  0.122571	     -1.00	   2831.61	   3485.08	      4.04	      2.30	      8.49	      4.83	72.24	 8.050e-03	     -0.87	Gaussian	0.000000	0.000000
214	0	  0.026201	  0.155625	     -1.00	   2238.69	   3178.43	      3.49	      3.28	      7.33	      6.90	80.46	 1.138e-02	     -0.87	Gaussian	0.000000	0.000000
215	0	  0.026780	  0.291069	     -1.00	   4107.62	   1857.95	      1.94	      1.94	      4.07	      4.07	-1.72	 2.184e-03	     -0.87	Gaussian	0.000000	0.000000
216	0	  0.026769	  0.261927	     -1.00	   2014.61	    181.85	      2.22	      1.88	      4.66	      3.95	27.70	 2.516e-03	     -0.87	Gaussian	0.000000	0.000000
217	0	  0.026714	  0.205428	     -1.00	   2718.50	    938.24	      3.24	      2.07	      6.81	      4.35	-11.56	 9.077e-03	     -0.87	Gaussian	0.000000	0.000000
218	0	  0.026784	  0.293739	     -1.00	   2871.60	   1516.63	      1.96	      1.87	      4.13	      3.94	82.90	 1.978e-03	     -0.87	Gaussian	0.000000	0.000000
219	0	  0.026460	  0.210373	     -1.00	    595.59	   3258.50	      2.27	      2.27	      4.76	      4.76	84.52	 2.578e-03	     -0.87	Gaussian	0.000000	0.000000
220	0	  0.026365	  0.236737	     -1.00	    953.12	   1448.53	      2.30	      1.98	      4.84	      4.16	12.72	 2.298e-03	     -0.87	Gaussian	0.000000	0.000000
221	0	  0.026862	  0.183765	     -1.00	   4398.33	   1887.38	      3.29	      2.26	      6.92	      4.74	56.46	 8.032e-03	     -0.87	Gaussian	0.000000	0.000000
222	0	  0.026469	  0.148208	     -1.00	   3475.52	   2448.02	      2.97	      2.96	      6.23	      6.23	86.85	 8.835e-03	     -0.87	Gaussian	0.000000	0.000000
223	0	  0.026522	  0.241898	     -1.00	   5332.27	   3251.69	      2.14	      2.05	      4.51	      4.30	37.93	 2.432e-03	     -0.86	Gaussian	0.000000	0.000000
224	0	  0.027246	  0.212449	     -1.00	   2538.26	    367.54	      1.59	      1.47	      3.34	      3.10	18.44	 1.264e-02	     -0.85	Gaussian	0.000000	0.000000
225	0	  0.019781	  0.169512	     -1.00	   2034.16	   4262.08	      2.93	      2.76	      6.17	      5.81	73.53	 1.311e-02	     -0.85	Gaussian	0.000000	0.000000
226	0	  0.026088	  0.135973	     -1.00	   3269.57	   2024.57	      3.67	      3.40	      7.71	      7.14	8.27	 1.103e-02	     -0.85	Gaussian	0.000000	0.000000
227	0	  0.026943	  0.170798	     -1.00	    298.24	   2841.70	      1.82	      1.74	      3.82	      3.66	85.30	 9.539e-03	     -0.85	Gaussian	0.000000	0.000000
228	0	  0.026796	  0.280398	     -1.00	   3450.57	   1887.61	      2.01	      1.85	      4.22	      3.88	87.55	 1.922e-03	     -0.85	Gaussian	0.000000	0.000000
229	0	  0.026887	  0.285849	     -1.00	   3188.90	   2338.52	      1.91	      1.91	      4.01	      4.01	33.55	 2.257e-03	     -0.85	Gaussian	0.000000	0.000000
230	0	  0.026988	  0.279354	     -1.00	   2883.77	   2054.96	      2.03	      1.83	      4.26	      3.85	89.45	 2.015e-03	     -0.84	Gaussian	0.000000	0.000000
231	0	  0.026923	  0.283630	     -1.00	   3200.88	   2136.35	      2.01	      1.82	      4.22	      3.82	88.36	 1.977e-03	     -0.84	Gaussian	0.000000	0.000000
232	0	  0.027129	  0.292262	     -1.00	   3103.83	   1915.80	      1.96	      1.81	      4.11	      3.81	-88.57	 2.104e-03	     -0.84	Gaussian	0.000000	0.000000
233	0	  0.026681	  0.285408	     -1.00	   4159.78	   3324.88	      1.99	      1.82	      4.17	      3.82	70.10	 2.195e-03	     -0.84	Gaussian	0.000000	0.000000
234	0	  0.026628	  0.282589	     -1.00	   3511.43	    923.94	      1.94	      1.86	      4.09	      3.91	66.03	 1.996e-03	     -0.84	Gaussian	0.000000	0.000000
235	0	  0.026641	  0.255966	     -1.00	   1409.28	   1464.96	      2.11	      1.89	      4.44	      3.97	18.28	 2.224e-03	     -0.83	Gaussian	0.000000	0.000000
236	0	  0.026433	  0.250917	     -1.00	   5393.39	   3455.55	      2.12	      1.80	      4.46	      3.79	56.84	 2.340e-03	     -0.83	Gaussian	0.000000	0.000000
237	0	  0.026319	  0.189868	     -1.00	   5386.05	   2903.50	      2.65	      2.34	      5.56	      4.91	11.53	 5.876e-03	     -0.82	Gaussian	0.000000	0.000000
238	0	  0.026718	  0.279617	     -1.00	   2011.07	   2531.02	      1.89	      1.89	      3.97	      3.97	-1.23	 2.076e-03	     -0.82	Gaussian	0.000000	0.000000
239	0	  0.026724	  0.263976	     -1.00	   3751.21	   2379.95	      2.01	      1.87	      4.22	      3.93	-89.80	 1.844e-03	     -0.82	Gaussian	0.000000	0.000000
240	0	  0.026527	  0.266943	     -1.00	   3027.05	    742.03	      1.98	      1.87	      4.16	      3.92	63.35	 1.979e-03	     -0.81	Gaussian	0.000000	0.000000
241	0	  0.027058	  0.125496	     -1.00	   3251.13	   2068.05	      1.68	      1.66	      3.53	      3.50	28.18	 1.673e-02	     -0.81	Gaussian	0.000000	0.000000
242	0	  0.026571	  0.271084	     -1.00	   3016.44	    526.93	      1.98	      1.83	      4.15	      3.85	49.59	 2.013e-03	     -0.81	Gaussian	0.000000	0.000000
243	0	  0.026535	  0.209836	     -1.00	   1978.30	   1610.57	      2.85	      2.53	      6.00	      5.32	72.51	 7.911e-03	     -0.80	Gaussian	0.000000	0.000000
244	0	  0.026374	  0.172153	     -1.00	   2963.33	   3678.38	      2.79	      2.12	      5.87	      4.45	58.50	 4.328e-03	     -0.80	Gaussian	0.000000	0.000000
245	0	  0.026515	  0.264789	     -1.00	   3592.30	    649.73	      1.94	      1.84	      4.07	      3.86	56.06	 1.952e-03	     -0.79	Gaussian	0.000000	0.000000
246	0	  0.026495	  0.252059	     -1.00	   2944.74	    137.71	      2.05	      1.82	      4.30	      3.84	40.94	 2.069e-03	     -0.79	Gaussian	0.000000	0.000000
247	0	  0.026183	  0.205272	     -1.00	    795.89	   1846.86	      2.29	      1.99	      4.82	      4.19	11.58	 2.066e-03	     -0.79	Gaussian	0.000000	0.000000
248	0	  0.026731	  0.265095	     -1.00	   2889.95	   2139.78	      1.95	      1.82	      4.10	      3.82	-84.65	 1.887e-03	     -0.79	Gaussian	0.000000	0.000000
249	0	  0.026159	  0.179485	     -1.00	   3347.69	   3143.94	      3.31	      2.46	      6.96	      5.18	31.81	 9.553e-03	     -0.78	Gaussian	0.000000	0.000000
250	0	  0.026147	  0.164167	     -1.00	    305.87	   3586.48	      2.50	      2.26	      5.26	      4.75	-3.22	 2.322e-03	     -0.78	Gaussian	0.000000	0.000000
251	0	  0.026227	  0.167691	     -1.00	    339.56	   3182.50	      2.34	      2.34	      4.92	      4.92	76.00	 2.378e-03	     -0.78	Gaussian	0.000000	0.000000
252	0	  0.026588	  0.190713	     -1.00	   3401.14	   2695.64	      2.73	      2.35	      5.74	      4.94	17.65	 6.145e-03	     -0.78	Gaussian	0.000000	0.000000
253	0	  0.026192	  0.093529	     -1.00	   2429.13	   4128.33	      4.04	      3.75	      8.50	      7.88	75.35	 1.038e-02	     -0.77	Gaussian	0.000000	0.000000
254	0	  0.026657	  0.253581	     -1.00	   3375.66	   1773.65	      1.98	      1.82	      4.15	      3.83	88.72	 1.730e-03	     -0.77	Gaussian	0.000000	0.000000
255	0	  0.026568	  0.249497	     -1.00	   1846.40	   3130.90	      1.92	      1.90	      4.04	      4.00	-71.03	 1.835e-03	     -0.77	Gaussian	0.000000	0.000000
256	0	  0.026638	  0.252467	     -1.00	   2784.23	   3382.10	      1.97	      1.83	      4.13	      3.84	86.30	 1.731e-03	     -0.77	Gaussian	0.000000	0.000000
257	0	  0.025818	  0.180567	     -1.00	   6258.63	    460.52	      2.61	      1.92	      5.48	      4.04	46.43	 2.205e-03	     -0.77	Gaussian	0.000000	0.000000
258	0	  0.025140	  0.103139	     -1.00	    193.72	   2286.22	      3.66	      2.61	      7.69	      5.48	-10.32	 3.607e-03	     -0.77	Gaussian	0.000000	0.000000
259	0	  0.026368	  0.231951	     -1.00	   2904.31	    117.73	      2.11	      1.84	      4.43	      3.87	41.41	 1.955e-03	     -0.76	Gaussian	0.000000	0.000000
260	0	  0.026225	  0.176318	     -1.00	    922.23	   2057.23	      2.42	      2.35	      5.09	      4.94	70.40	 3.090e-03	     -0.76	Gaussian	0.000000	0.000000
261	0	  0.024917	  0.081886	     -1.00	   3795.47	   1850.29	      4.35	      2.60	      9.15	      5.47	81.30	 6.305e-03	     -0.76	Gaussian	0.000000	0.000000
262	0	  0.026404	  0.201808	     -1.00	   4570.31	    886.59	      2.57	      2.29	      5.41	      4.81	70.18	 5.023e-03	     -0.76	Gaussian	0.000000	0.000000
263	0	  0.025808	  0.171060	     -1.00	   6328.41	   3299.21	      2.77	      2.16	      5.82	      4.54	21.12	 4.038e-03	     -0.75	Gaussian	0.000000	0.000000
264	0	  0.026442	  0.239450	     -1.00	   4750.57	   2978.92	      2.03	      1.83	      4.26	      3.84	66.42	 1.804e-03	     -0.75	Gaussian	0.000000	0.000000
265	0	  0.026459	  0.226330	     -1.00	   1511.94	   2093.48	      2.03	      1.92	      4.26	      4.05	18.46	 1.716e-03	     -0.75	Gaussian	0.000000	0.000000
266	0	  0.024718	  0.111142	     -1.00	   6013.03	     36.13	      3.73	      2.27	      7.84	      4.77	44.65	 3.588e-03	     -0.75	Gaussian	0.000000	0.000000
267	0	  0.026229	  0.230735	     -1.00	   5660.82	   2331.85	      2.08	      1.81	      4.37	      3.80	51.52	 1.838e-03	     -0.74	Gaussian	0.000000	0.000000
268	0	  0.026284	  0.169158	     -1.00	   3821.59	   1504.47	      2.74	      2.15	      5.77	      4.52	61.34	 4.388e-03	     -0.74	Gaussian	0.000000	0.000000
269	0	  0.026356	  0.206203	     -1.00	   2302.09	    184.96	      2.17	      1.92	      4.56	      4.03	31.98	 2.049e-03	     -0.74	Gaussian	0.000000	0.000000
270	0	  0.026373	  0.153477	     -1.00	   4427.73	   2320.71	      2.88	      1.94	      6.05	      4.07	66.53	 2.446e-03	     -0.74	Gaussian	0.000000	0.000000
271	0	  0.026153	  0.125958	     -1.00	   1358.49	    740.39	      3.08	      2.99	      6.48	      6.29	75.45	 5.597e-03	     -0.73	Gaussian	0.000000	0.000000
272	0	  0.026442	  0.192611	     -1.00	   1027.73	   3168.81	      2.10	      2.10	      4.41	      4.41	-69.10	 2.154e-03	     -0.73	Gaussian	0.000000	0.000000
273	0	  0.026430	  0.208303	     -1.00	   2871.47	    682.80	      2.23	      1.96	      4.68	      4.12	36.13	 2.497e-03	     -0.73	Gaussian	0.000000	0.000000
274	0	  0.026620	  0.235585	     -1.00	   3155.83	   2366.57	      1.98	      1.81	      4.16	      3.81	-86.08	 1.641e-03	     -0.73	Gaussian	0.000000	0.000000
275	0	  0.026539	  0.186503	     -1.00	   1275.70	   4100.68	      2.14	      2.12	      4.49	      4.45	-57.78	 2.218e-03	     -0.73	Gaussian	0.000000	0.000000
276	0	  0.026040	  0.178950	     -1.00	    577.63	   2354.86	      2.34	      2.01	      4.93	      4.22	2.34	 1.958e-03	     -0.73	Gaussian	0.000000	0.000000
277	0	  0.025466	  0.128249	     -1.00	   5940.21	     33.09	      2.91	      2.66	      6.12	      5.58	69.54	 4.499e-03	     -0.73	Gaussian	0.000000	0.000000
278	0	  0.026074	  0.198141	     -1.00	   6365.67	   2484.95	      1.68	      1.61	      3.54	      3.39	80.42	 5.904e-03	     -0.73	Gaussian	0.000000	0.000000
279	0	  0.026338	  0.153419	     -1.00	   2249.51	   3990.18	      1.72	      1.50	      3.61	      3.16	72.46	 8.430e-03	     -0.73	Gaussian	0.000000	0.000000
280	0	  0.026556	  0.226908	     -1.00	   3785.94	   2570.50	      2.02	      1.83	      4.24	      3.84	79.67	 1.647e-03	     -0.72	Gaussian	0.000000	0.000000
281	0	  0.026627	  0.224531	     -1.00	   4900.21	    992.09	      2.00	      1.87	      4.19	      3.92	59.30	 2.922e-03	     -0.72	Gaussian	0.000000	0.000000
282	0	  0.026108	  0.156535	     -1.00	   5155.60	    835.20	      3.56	      2.23	      7.48	      4.69	48.62	 7.563e-03	     -0.72	Gaussian	0.000000	0.000000
283	0	  0.026249	  0.210590	     -1.00	   4512.01	   1252.18	      2.25	      2.13	      4.73	      4.48	79.72	 3.175e-03	     -0.72	Gaussian	0.000000	0.000000
284	0	  0.026488	  0.127831	     -1.00	   5843.53	   3955.90	      1.61	      1.59	      3.38	      3.35	23.96	 1.118e-02	     -0.72	Gaussian	0.000000	0.000000
285	0	  0.026461	  0.219972	     -1.00	   1800.44	   3014.93	      1.96	      1.91	      4.11	      4.01	-51.96	 1.560e-03	     -0.71	Gaussian	0.000000	0.000000
286	0	  0.026452	  0.183209	     -1.00	   1235.38	   3647.12	      1.83	      1.82	      3.84	      3.83	-86.93	 4.089e-03	     -0.71	Gaussian	0.000000	0.000000
287	0	  0.026019	  0.157107	     -1.00	    554.91	   3556.63	      2.41	      2.17	      5.06	      4.56	-9.99	 1.973e-03	     -0.71	Gaussian	0.000000	0.000000
288	0	  0.026008	  0.147415	     -1.00	    518.38	   3826.75	      2.36	      2.36	      4.95	      4.95	-68.88	 2.119e-03	     -0.71	Gaussian	0.000000	0.000000
289	0	  0.025929	  0.195783	     -1.00	   6209.69	   2512.78	      2.24	      1.85	      4.72	      3.89	51.82	 1.922e-03	     -0.71	Gaussian	0.000000	0.000000
290	0	  0.026699	  0.149613	     -1.00	   3167.76	    948.07	      3.85	      3.60	      8.10	      7.57	77.13	 1.399e-02	     -0.71	Gaussian	0.000000	0.000000
291	0	  0.026699	  0.124635	     -1.00	   3285.48	   2125.30	      1.81	      1.16	      3.81	      2.44	57.94	 1.109e-02	     -0.71	Gaussian	0.000000	0.000000
292	0	  0.024913	  0.074505	     -1.00	   4074.24	   2574.14	      4.68	      2.42	      9.83	      5.09	79.34	 6.171e-03	     -0.71	Gaussian	0.000000	0.000000
293	0	  0.026184	  0.180485	     -1.00	   4989.58	   2001.04	      2.47	      2.17	      5.19	      4.57	78.63	 3.648e-03	     -0.71	Gaussian	0.000000	0.000000
294	0	  0.025672	  0.111206	     -1.00	   3503.30	   2407.35	      3.95	      2.57	      8.29	      5.41	8.84	 7.542e-03	     -0.71	Gaussian	0.000000	0.000000
295	0	  0.026059	  0.169062	     -1.00	   3486.74	   2805.60	      2.61	      2.18	      5.48	      4.58	65.58	 4.297e-03	     -0.70	Gaussian	0.000000	0.000000
296	0	  0.026375	  0.223072	     -1.00	   4640.72	   2310.90	      1.97	      1.83	      4.14	      3.84	71.81	 1.681e-03	     -0.70	Gaussian	0.000000	0.000000
297	0	  0.026513	  0.133745	     -1.00	    724.39	   1170.76	      1.68	      1.61	      3.53	      3.39	78.44	 8.576e-03	     -0.70	Gaussian	0.000000	0.000000
298	0	  0.025806	  0.187311	     -1.00	   6190.64	   1060.68	      2.30	      1.86	      4.82	      3.90	44.95	 2.010e-03	     -0.70	Gaussian	0.000000	0.000000
299	0	  0.026185	  0.123168	     -1.00	   5362.10	   2386.45	      3.62	      3.60	      7.60	      7.57	75.91	 1.133e-02	     -0.69	Gaussian	0.000000	0.000000
300	0	  0.026112	  0.169956	     -1.00	   3759.28	    699.08	      2.53	      2.27	      5.32	      4.78	57.41	 4.112e-03	     -0.69	Gaussian	0.000000	0.000000
301	0	  0.024929	  0.066539	     -1.00	   2567.50	   1712.30	      4.55	      2.63	      9.57	      5.53	80.83	 5.847e-03	     -0.69	Gaussian	0.000000	0.000000
302	0	  0.026277	  0.219191	     -1.00	   4030.25	    893.84	      1.93	      1.85	      4.05	      3.90	48.94	 1.602e-03	     -0.69	Gaussian	0.000000	0.000000
303	0	  0.026457	  0.099655	     -1.00	   2098.04	   1499.82	      1.80	      1.79	      3.79	      3.75	68.09	 1.131e-02	     -0.69	Gaussian	0.000000	0.000000
304	0	  0.026416	  0.162036	     -1.00	   1293.58	   3100.27	      1.91	      1.84	      4.00	      3.86	67.73	 4.167e-03	     -0.69	Gaussian	0.000000	0.000000
305	0	  0.025905	  0.133271	     -1.00	    211.61	   3289.36	      2.41	      2.41	      5.08	      5.08	81.41	 2.035e-03	     -0.69	Gaussian	0.000000	0.000000
306	0	  0.025794	  0.132790	     -1.00	     94.55	    907.54	      2.42	      2.42	      5.08	      5.08	68.18	 2.285e-03	     -0.69	Gaussian	0.000000	0.000000
307	0	  0.025867	  0.159195	     -1.00	    671.11	   1416.61	      2.41	      2.01	      5.07	      4.22	10.47	 1.757e-03	     -0.68	Gaussian	0.000000	0.000000
308	0	  0.026418	  0.221862	     -1.00	   3114.92	   3241.80	      1.92	      1.80	      4.03	      3.79	86.40	 1.527e-03	     -0.68	Gaussian	0.000000	0.000000
309	0	  0.026535	  0.174691	     -1.00	   2369.56	    178.46	      2.68	      2.48	      5.62	      5.21	-30.22	 5.275e-03	     -0.68	Gaussian	0.000000	0.000000
310	0	  0.026315	  0.198295	     -1.00	   2102.05	   3681.07	      2.03	      1.90	      4.26	      3.99	-75.90	 1.580e-03	     -0.68	Gaussian	0.000000	0.000000
311	0	  0.025862	  0.104376	     -1.00	   4080.81	   1538.42	      3.33	      3.26	      7.00	      6.85	76.02	 7.488e-03	     -0.67	Gaussian	0.000000	0.000000
312	0	  0.026265	  0.207433	     -1.00	   3690.95	   3670.21	      2.02	      1.80	      4.25	      3.78	75.39	 1.451e-03	     -0.67	Gaussian	0.000000	0.000000
313	0	  0.026523	  0.211062	     -1.00	   3516.76	   2344.66	      1.97	      1.81	      4.14	      3.80	-87.94	 1.528e-03	     -0.67	Gaussian	0.000000	0.000000
314	0	  0.026334	  0.197999	     -1.00	   3865.88	   2317.35	      1.95	      1.95	      4.09	      4.09	40.65	 1.615e-03	     -0.67	Gaussian	0.000000	0.000000
315	0	  0.025950	  0.193651	     -1.00	   4237.99	     60.00	      2.11	      1.83	      4.44	      3.85	46.10	 1.666e-03	     -0.67	Gaussian	0.000000	0.000000
316	0	  0.026221	  0.127161	     -1.00	   2205.45	   2685.28	      3.57	      2.67	      7.51	      5.62	18.14	 7.556e-03	     -0.66	Gaussian	0.000000	0.000000
317	0	  0.026510	  0.207461	     -1.00	   2952.59	   2024.78	      1.96	      1.83	      4.11	      3.85	-81.49	 1.477e-03	     -0.66	Gaussian	0.000000	0.000000
318	0	  0.025998	  0.143762	     -1.00	   1739.05	   3336.33	      2.71	      2.27	      5.70	      4.77	33.79	 4.294e-03	     -0.66	Gaussian	0.000000	0.000000
319	0	  0.026335	  0.198902	     -1.00	   2270.75	    802.71	      2.02	      1.83	      4.25	      3.84	35.98	 1.510e-03	     -0.66	Gaussian	0.000000	0.000000
320	0	  0.026066	  0.200471	     -1.00	   5345.19	   2169.89	      2.01	      1.82	      4.23	      3.83	48.58	 1.608e-03	     -0.66	Gaussian	0.000000	0.000000
321	0	  0.026421	  0.128813	     -1.00	   2340.52	   2587.12	      1.62	      1.44	      3.41	      3.03	63.00	 9.953e-03	     -0.66	Gaussian	0.000000	0.000000
322	0	  0.026004	  0.196971	     -1.00	   5449.67	   2429.63	      2.05	      1.82	      4.32	      3.82	52.32	 1.542e-03	     -0.66	Gaussian	0.000000	0.000000
323	0	  0.026510	  0.204366	     -1.00	   3448.82	   2155.75	      1.97	      1.83	      4.14	      3.84	-87.06	 1.532e-03	     -0.66	Gaussian	0.000000	0.000000
324	0	  0.026544	  0.168463	     -1.00	   3001.01	   3123.72	      2.57	      1.95	      5.40	      4.09	1.36	 4.507e-03	     -0.65	Gaussian	0.000000	0.000000
325	0	  0.026544	  0.119916	     -1.00	   1048.64	   3011.59	      1.66	      1.61	      3.49	      3.39	76.87	 8.732e-03	     -0.65	Gaussian	0.000000	0.000000
326	0	  0.026058	  0.123708	     -1.00	   2381.67	   2242.24	      3.04	      2.55	      6.38	      5.35	62.13	 4.625e-03	     -0.65	Gaussian	0.000000	0.000000
327	0	  0.025981	  0.109553	     -1.00	   5798.60	    436.97	      1.82	      1.64	      3.83	      3.45	69.58	 8.514e-03	     -0.65	Gaussian	0.000000	0.000000
328	0	  0.026353	  0.200000	     -1.00	   3283.69	   3564.60	      1.96	      1.82	      4.13	      3.82	75.38	 1.411e-03	     -0.64	Gaussian	0.000000	0.000000
329	0	  0.026101	  0.182277	     -1.00	   2611.27	    165.78	      2.12	      1.85	      4.45	      3.88	36.62	 1.562e-03	     -0.64	Gaussian	0.000000	0.000000
330	0	  0.026308	  0.130877	     -1.00	   3292.00	   1158.58	      2.96	      2.50	      6.22	      5.26	2.40	 6.220e-03	     -0.64	Gaussian	0.000000	0.000000
331	0	  0.026951	  0.178713	     -1.00	   3377.48	   1751.61	      2.71	      2.37	      5.69	      4.97	53.22	 6.073e-03	     -0.64	Gaussian	0.000000	0.000000
332	0	  0.026140	  0.144956	     -1.00	   2173.27	   2234.60	      2.96	      2.43	      6.22	      5.11	20.58	 5.857e-03	     -0.64	Gaussian	0.000000	0.000000
333	0	  0.026353	  0.196487	     -1.00	   3727.61	   3099.68	      1.97	      1.84	      4.13	      3.87	79.76	 1.434e-03	     -0.64	Gaussian	0.000000	0.000000
334	0	  0.026209	  0.181387	     -1.00	   1429.93	   2937.67	      1.98	      1.98	      4.16	      4.16	64.65	 1.553e-03	     -0.64	Gaussian	0.000000	0.000000
335	0	  0.026086	  0.123577	     -1.00	   2304.41	   2551.40	      3.20	      2.15	      6.73	      4.53	43.14	 4.945e-03	     -0.64	Gaussian	0.000000	0.000000
336	0	  0.025965	  0.150748	     -1.00	   2717.44	   1386.07	      2.63	      2.23	      5.53	      4.69	50.32	 3.995e-03	     -0.64	Gaussian	0.000000	0.000000
337	0	  0.025816	  0.139429	     -1.00	    809.15	   2025.50	      2.51	      2.25	      5.28	      4.73	40.48	 2.207e-03	     -0.64	Gaussian	0.000000	0.000000
338	0	  0.025825	  0.095535	     -1.00	   3515.78	   1087.40	      3.43	      3.35	      7.21	      7.03	76.47	 7.150e-03	     -0.63	Gaussian	0.000000	0.000000
339	0	  0.026534	  0.188483	     -1.00	   3276.92	   2083.68	      2.00	      1.84	      4.19	      3.88	88.65	 1.389e-03	     -0.63	Gaussian	0.000000	0.000000
340	0	  0.025782	  0.080589	     -1.00	    125.87	   1890.03	      3.37	      3.16	      7.09	      6.63	85.28	 3.866e-03	     -0.63	Gaussian	0.000000	0.000000
341	0	  0.024887	  0.056064	     -1.00	   1956.96	   3232.29	      4.56	      4.52	      9.59	      9.49	83.51	 7.423e-03	     -0.63	Gaussian	0.000000	0.000000
342	0	  0.025303	  0.099748	     -1.00	   4118.23	   4083.60	      3.34	      2.42	      7.01	      5.09	33.83	 4.543e-03	     -0.63	Gaussian	0.000000	0.000000
343	0	  0.024979	  0.066438	     -1.00	   2098.20	   1045.22	      4.31	      2.62	      9.06	      5.51	72.53	 5.160e-03	     -0.63	Gaussian	0.000000	0.000000
344	0	  0.025607	  0.091359	     -1.00	   4543.51	   2820.07	      3.11	      3.06	      6.54	      6.43	77.08	 6.264e-03	     -0.63	Gaussian	0.000000	0.000000
345	0	  0.026620	  0.101411	     -1.00	   3317.62	   2183.85	      1.77	      1.76	      3.73	      3.70	26.44	 8.958e-03	     -0.62	Gaussian	0.000000	0.000000
346	0	  0.026152	  0.132592	     -1.00	   3349.15	   2618.35	      4.25	      2.32	      8.93	      4.88	0.59	 9.677e-03	     -0.62	Gaussian	0.000000	0.000000
347	0	  0.026435	  0.181829	     -1.00	   3268.61	   2254.61	      2.04	      1.84	      4.28	      3.86	-85.94	 1.336e-03	     -0.62	Gaussian	0.000000	0.000000
348	0	  0.025898	  0.137200	     -1.00	    556.39	   1805.60	      2.42	      2.05	      5.09	      4.30	7.73	 1.593e-03	     -0.62	Gaussian	0.000000	0.000000
349	0	  0.026230	  0.172507	     -1.00	   1711.09	   1180.96	      2.07	      1.89	      4.36	      3.97	21.99	 1.398e-03	     -0.62	Gaussian	0.000000	0.000000
350	0	  0.026007	  0.147768	     -1.00	    600.45	   2145.89	      2.14	      2.14	      4.49	      4.49	66.96	 1.951e-03	     -0.62	Gaussian	0.000000	0.000000
351	0	  0.026034	  0.145368	     -1.00	    960.67	   3145.55	      2.15	      2.15	      4.51	      4.51	76.68	 1.696e-03	     -0.61	Gaussian	0.000000	0.000000
352	0	  0.026031	  0.146506	     -1.00	    958.64	   1548.55	      2.29	      1.99	      4.81	      4.18	15.00	 1.468e-03	     -0.61	Gaussian	0.000000	0.000000
353	0	  0.026447	  0.188044	     -1.00	   3202.92	   2670.73	      1.94	      1.82	      4.08	      3.83	85.87	 1.339e-03	     -0.61	Gaussian	0.000000	0.000000
354	0	  0.026019	  0.124508	     -1.00	   1808.07	   1152.29	      2.85	      2.38	      5.99	      5.01	75.51	 3.934e-03	     -0.61	Gaussian	0.000000	0.000000
355	0	  0.025687	  0.108017	     -1.00	     17.31	   3215.87	      2.63	      2.34	      5.52	      4.91	0.02	 1.746e-03	     -0.61	Gaussian	0.000000	0.000000
356	0	  0.026054	  0.158484	     -1.00	   1954.70	    153.85	      2.20	      1.90	      4.63	      4.00	29.81	 1.693e-03	     -0.61	Gaussian	0.000000	0.000000
357	0	  0.025595	  0.088393	     -1.00	    810.74	   2701.94	      2.74	      2.74	      5.75	      5.75	-78.14	 2.534e-03	     -0.61	Gaussian	0.000000	0.000000
358	0	  0.026250	  0.185113	     -1.00	   3338.63	   1337.67	      1.94	      1.84	      4.07	      3.88	75.87	 1.260e-03	     -0.61	Gaussian	0.000000	0.000000
359	0	  0.026092	  0.120361	     -1.00	   4667.07	   4075.48	      3.06	      2.49	      6.43	      5.23	7.80	 5.419e-03	     -0.61	Gaussian	0.000000	0.000000
360	0	  0.025196	  0.095239	     -1.00	   6029.45	   3757.51	      3.79	      3.63	      7.97	      7.63	11.07	 7.945e-03	     -0.61	Gaussian	0.000000	0.000000
361	0	  0.025871	  0.132610	     -1.00	   4155.05	    522.48	      2.49	      2.25	      5.24	      4.72	10.18	 3.182e-03	     -0.61	Gaussian	0.000000	0.000000
362	0	  0.026274	  0.183493	     -1.00	   2941.30	   3508.80	      1.93	      1.86	      4.06	      3.91	85.10	 1.320e-03	     -0.61	Gaussian	0.000000	0.000000
363	0	  0.026407	  0.183958	     -1.00	   1818.03	   2745.76	      1.89	      1.89	      3.97	      3.96	81.56	 1.478e-03	     -0.60	Gaussian	0.000000	0.000000
364	0	  0.026129	  0.162591	     -1.00	   2110.75	   4134.63	      2.06	      1.96	      4.33	      4.12	-80.06	 1.467e-03	     -0.60	Gaussian	0.000000	0.000000
365	0	  0.026466	  0.141196	     -1.00	   4210.52	   1223.59	      1.74	      1.61	      3.66	      3.38	71.72	 6.402e-03	     -0.60	Gaussian	0.000000	0.000000
366	0	  0.026121	  0.167084	     -1.00	   1499.91	   1639.91	      2.07	      1.88	      4.36	      3.95	18.81	 1.392e-03	     -0.60	Gaussian	0.000000	0.000000
367	0	  0.025674	  0.082801	     -1.00	   1023.75	   4146.01	      3.27	      3.24	      6.87	      6.81	-85.53	 3.725e-03	     -0.60	Gaussian	0.000000	0.000000
368	0	  0.026230	  0.123186	     -1.00	   2820.04	   3490.46	      3.75	      2.74	      7.88	      5.76	0.62	 8.706e-03	     -0.60	Gaussian	0.000000	0.000000
369	0	  0.025647	  0.126625	     -1.00	   4262.17	    191.50	      2.72	      2.14	      5.71	      4.49	46.57	 3.093e-03	     -0.60	Gaussian	0.000000	0.000000
370	0	  0.026103	  0.126914	     -1.00	   2714.07	   3713.55	      2.50	      2.26	      5.26	      4.75	4.69	 3.560e-03	     -0.60	Gaussian	0.000000	0.000000
371	0	  0.026049	  0.158965	     -1.00	   1098.92	   2221.72	      2.02	      2.02	      4.24	      4.24	61.12	 1.687e-03	     -0.60	Gaussian	0.000000	0.000000
372	0	  0.025858	  0.122231	     -1.00	   4897.21	   3728.39	      3.93	      2.46	      8.27	      5.17	11.22	 8.084e-03	     -0.60	Gaussian	0.000000	0.000000
373	0	  0.026004	  0.160632	     -1.00	   2289.12	    358.82	      2.14	      1.85	      4.50	      3.89	30.00	 1.400e-03	     -0.59	Gaussian	0.000000	0.000000
374	0	  0.024984	  0.063298	     -1.00	   2974.27	   3941.17	      4.35	      2.47	      9.15	      5.20	78.86	 4.824e-03	     -0.59	Gaussian	0.000000	0.000000
375	0	  0.025906	  0.164434	     -1.00	   5017.92	   3788.15	      2.13	      1.80	      4.47	      3.79	63.57	 1.424e-03	     -0.59	Gaussian	0.000000	0.000000
376	0	  0.025906	  0.091706	     -1.00	   2933.72	   3528.42	      3.39	      3.19	      7.13	      6.70	78.66	 6.411e-03	     -0.59	Gaussian	0.000000	0.000000
377	0	  0.026054	  0.171731	     -1.00	   5028.15	   2170.81	      1.97	      1.85	      4.15	      3.88	51.96	 1.351e-03	     -0.58	Gaussian	0.000000	0.000000
378	0	  0.026167	  0.113727	     -1.00	   3317.49	   3110.12	      1.44	      1.30	      3.02	      2.73	63.69	 9.194e-03	     -0.58	Gaussian	0.000000	0.000000
379	0	  0.025866	  0.146635	     -1.00	   3101.70	    135.15	      2.28	      1.87	      4.79	      3.92	37.60	 1.340e-03	     -0.58	Gaussian	0.000000	0.000000
380	0	  0.025743	  0.137570	     -1.00	   5122.36	    776.60	      2.35	      2.04	      4.95	      4.30	58.91	 1.692e-03	     -0.58	Gaussian	0.000000	0.000000
381	0	  0.026237	  0.082270	     -1.00	   1525.27	   1460.89	      1.72	      1.34	      3.62	      2.82	12.37	 9.480e-03	     -0.58	Gaussian	0.000000	0.000000
382	0	  0.025917	  0.124994	     -1.00	    900.41	   1102.52	      1.89	      1.66	      3.97	      3.49	15.81	 3.948e-03	     -0.58	Gaussian	0.000000	0.000000
383	0	  0.026239	  0.170713	     -1.00	   3371.22	   3557.92	      1.97	      1.82	      4.15	      3.83	76.28	 1.232e-03	     -0.57	Gaussian	0.000000	0.000000
384	0	  0.025973	  0.135171	     -1.00	   1011.58	   3182.94	      2.12	      2.12	      4.46	      4.46	47.24	 1.515e-03	     -0.57	Gaussian	0.000000	0.000000
385	0	  0.026194	  0.104792	     -1.00	   2257.21	   1325.52	      2.88	      2.44	      6.05	      5.13	8.14	 4.443e-03	     -0.57	Gaussian	0.000000	0.000000
386	0	  0.025449	  0.128379	     -1.00	   6181.32	    264.80	      2.53	      1.86	      5.32	      3.92	45.50	 1.738e-03	     -0.57	Gaussian	0.000000	0.000000
387	0	  0.024998	  0.068698	     -1.00	   1640.11	   3140.32	      4.04	      2.52	      8.49	      5.29	1.83	 4.512e-03	     -0.57	Gaussian	0.000000	0.000000
388	0	  0.025987	  0.093339	     -1.00	   3765.02	   1477.50	      3.41	      3.41	      7.17	      7.17	3.93	 7.377e-03	     -0.57	Gaussian	0.000000	0.000000
389	0	  0.025822	  0.160680	     -1.00	   5465.25	   2185.71	      2.04	      1.84	      4.29	      3.86	46.99	 1.346e-03	     -0.57	Gaussian	0.000000	0.000000
390	0	  0.024967	  0.064099	     -1.00	   3379.25	   4159.29	      4.39	      2.51	      9.22	      5.28	12.84	 4.959e-03	     -0.56	Gaussian	0.000000	0.000000
391	0	  0.025517	  0.081347	     -1.00	   1149.37	   1138.48	      3.68	      3.56	      7.74	      7.48	82.67	 6.209e-03	     -0.56	Gaussian	0.000000	0.000000
392	0	  0.026196	  0.161811	     -1.00	   3129.10	   2961.15	      1.92	      1.92	      4.04	      4.04	25.49	 1.253e-03	     -0.56	Gaussian	0.000000	0.000000
393	0	  0.026179	  0.135677	     -1.00	   2668.79	   2229.41	      2.51	      2.12	      5.27	      4.46	58.12	 2.596e-03	     -0.56	Gaussian	0.000000	0.000000
394	0	  0.025663	  0.122393	     -1.00	    336.55	   2113.04	      2.21	      2.21	      4.63	      4.63	64.71	 1.626e-03	     -0.56	Gaussian	0.000000	0.000000
395	0	  0.024423	  0.060615	     -1.00	   5978.38	   1218.33	      4.03	      2.54	      8.46	      5.34	62.76	 3.588e-03	     -0.56	Gaussian	0.000000	0.000000
396	0	  0.025459	  0.066020	     -1.00	   4268.04	    430.36	      3.81	      3.68	      8.02	      7.74	69.92	 6.626e-03	     -0.55	Gaussian	0.000000	0.000000
397	0	  0.026209	  0.108784	     -1.00	   3786.18	   4227.46	      2.75	      2.46	      5.78	      5.17	12.35	 3.830e-03	     -0.55	Gaussian	0.000000	0.000000
398	0	  0.026140	  0.164327	     -1.00	   3586.16	   1231.89	      1.94	      1.84	      4.07	      3.87	82.03	 1.228e-03	     -0.55	Gaussian	0.000000	0.000000
399	0	  0.025889	  0.148740	     -1.00	   5759.29	   2531.67	      2.15	      1.83	      4.52	      3.85	47.15	 1.464e-03	     -0.55	Gaussian	0.000000	0.000000
400	0	  0.026084	  0.153113	     -1.00	   4149.29	   2754.61	      2.00	      1.90	      4.19	      4.00	77.48	 1.117e-03	     -0.55	Gaussian	0.000000	0.000000
401	0	  0.024988	  0.058561	     -1.00	   2590.32	    671.39	      4.17	      2.53	      8.77	      5.32	70.86	 4.160e-03	     -0.55	Gaussian	0.000000	0.000000
402	0	  0.026258	  0.166443	     -1.00	   2078.05	   2340.71	      1.87	      1.86	      3.93	      3.92	29.53	 1.236e-03	     -0.55	Gaussian	0.000000	0.000000
403	0	  0.025844	  0.107824	     -1.00	   3470.18	    979.48	      3.73	      2.66	      7.84	      5.60	4.09	 7.321e-03	     -0.55	Gaussian	0.000000	0.000000
404	0	  0.026200	  0.168311	     -1.00	   3282.87	   3401.83	      1.90	      1.81	      4.00	      3.80	85.26	 1.284e-03	     -0.55	Gaussian	0.000000	0.000000
405	0	  0.026038	  0.161638	     -1.00	   3796.26	    859.67	      1.93	      1.85	      4.05	      3.89	66.05	 1.214e-03	     -0.55	Gaussian	0.000000	0.000000
406	0	  0.025705	  0.098348	     -1.00	   1772.18	   1392.58	      3.35	      2.29	      7.04	      4.82	32.92	 4.597e-03	     -0.55	Gaussian	0.000000	0.000000
407	0	  0.026158	  0.162053	     -1.00	   2034.94	   2648.70	      1.91	      1.86	      4.02	      3.90	70.31	 1.229e-03	     -0.55	Gaussian	0.000000	0.000000
408	0	  0.026113	  0.158982	     -1.00	   3386.87	   3869.62	      1.90	      1.90	      3.99	      3.99	-16.32	 1.311e-03	     -0.54	Gaussian	0.000000	0.000000
409	0	  0.025293	  0.102020	     -1.00	   2826.13	    223.44	      2.88	      2.14	      6.06	      4.51	52.36	 2.813e-03	     -0.54	Gaussian	0.000000	0.000000
410	0	  0.025978	  0.144269	     -1.00	   2177.46	    491.68	      2.11	      1.88	      4.43	      3.96	31.41	 1.195e-03	     -0.54	Gaussian	0.000000	0.000000
411	0	  0.024180	  0.140598	     -1.00	   4908.93	   4258.55	      2.19	      1.85	      4.60	      3.89	65.30	 6.197e-03	     -0.54	Gaussian	0.000000	0.000000
412	0	  0.025698	  0.105659	     -1.00	   4661.52	   1082.25	      3.11	      2.02	      6.54	      4.25	-11.98	 4.127e-03	     -0.54	Gaussian	0.000000	0.000000
413	0	  0.025413	  0.099641	     -1.00	     78.02	   1099.99	      2.52	      2.27	      5.29	      4.76	-9.28	 1.575e-03	     -0.54	Gaussian	0.000000	0.000000
414	0	  0.025863	  0.158526	     -1.00	   4869.90	    985.75	      1.98	      1.81	      4.16	      3.80	51.67	 1.226e-03	     -0.54	Gaussian	0.000000	0.000000
415	0	  0.026029	  0.160671	     -1.00	   4051.93	   1037.62	      1.88	      1.88	      3.95	      3.95	24.07	 1.209e-03	     -0.54	Gaussian	0.000000	0.000000
416	0	  0.025630	  0.087893	     -1.00	   6101.55	    698.07	      1.88	      1.67	      3.95	      3.51	76.70	 6.229e-03	     -0.54	Gaussian	0.000000	0.000000
417	0	  0.026033	  0.123642	     -1.00	   3242.82	    356.50	      3.05	      2.26	      6.42	      4.74	46.94	 4.425e-03	     -0.54	Gaussian	0.000000	0.000000
418	0	  0.025933	  0.080289	     -1.00	   3383.16	   3595.75	      4.27	      2.24	      8.98	      4.71	-65.58	 6.133e-03	     -0.54	Gaussian	0.000000	0.000000
419	0	  0.026267	  0.150771	     -1.00	   3483.27	   2143.62	      1.99	      1.88	      4.19	      3.94	84.30	 1.099e-03	     -0.54	Gaussian	0.000000	0.000000
420	0	  0.025859	  0.138557	     -1.00	   2198.96	    368.68	      2.14	      1.89	      4.50	      3.98	33.22	 1.274e-03	     -0.53	Gaussian	0.000000	0.000000
421	0	  0.026286	  0.150994	     -1.00	   2996.37	   2209.82	      2.00	      1.86	      4.21	      3.90	89.73	 1.111e-03	     -0.53	Gaussian	0.000000	0.000000
422	0	  0.025848	  0.151607	     -1.00	   4703.09	   1276.13	      2.00	      1.84	      4.21	      3.88	62.79	 1.155e-03	     -0.53	Gaussian	0.000000	0.000000
423	0	  0.025974	  0.119716	     -1.00	    619.22	   2658.67	      2.16	      2.16	      4.55	      4.55	76.11	 1.879e-03	     -0.53	Gaussian	0.000000	0.000000
424	0	  0.025406	  0.118473	     -1.00	   6294.11	   2910.44	      2.83	      2.15	      5.94	      4.51	-4.21	 3.613e-03	     -0.53	Gaussian	0.000000	0.000000
425	0	  0.026168	  0.108865	     -1.00	   3781.17	   2129.41	      3.63	      2.41	      7.63	      5.06	1.50	 6.341e-03	     -0.53	Gaussian	0.000000	0.000000
426	0	  0.025516	  0.141774	     -1.00	   5945.90	   2844.57	      2.14	      1.84	      4.49	      3.86	53.87	 1.311e-03	     -0.53	Gaussian	0.000000	0.000000
427	0	  0.025888	  0.147719	     -1.00	   2761.98	    173.61	      2.07	      1.81	      4.34	      3.80	38.50	 1.293e-03	     -0.53	Gaussian	0.000000	0.000000
428	0	  0.026197	  0.082880	     -1.00	   2503.71	   1284.00	      4.14	      3.83	      8.70	      8.04	74.08	 8.886e-03	     -0.53	Gaussian	0.000000	0.000000
429	0	  0.025183	  0.054190	     -1.00	    928.99	    333.93	      3.62	      3.47	      7.60	      7.30	6.66	 3.526e-03	     -0.53	Gaussian	0.000000	0.000000
430	0	  0.026219	  0.115281	     -1.00	   3215.09	   2317.53	      2.48	      2.28	      5.22	      4.79	5.74	 2.782e-03	     -0.53	Gaussian	0.000000	0.000000
431	0	  0.025898	  0.111932	     -1.00	   4531.10	   3986.68	      2.56	      2.23	      5.39	      4.68	25.28	 2.929e-03	     -0.53	Gaussian	0.000000	0.000000
432	0	  0.025519	  0.133297	     -1.00	   5484.92	    341.51	      2.23	      1.84	      4.69	      3.87	45.41	 1.337e-03	     -0.52	Gaussian	0.000000	0.000000
433	0	  0.026397	  0.075692	     -1.00	   1054.96	   1504.31	      4.12	      3.08	      8.66	      6.46	4.17	 6.242e-03	     -0.52	Gaussian	0.000000	0.000000
434	0	  0.026080	  0.152702	     -1.00	   3035.11	   3698.04	      1.89	      1.89	      3.98	      3.98	37.83	 1.269e-03	     -0.52	Gaussian	0.000000	0.000000
435	0	  0.025659	  0.109761	     -1.00	    546.12	   3468.70	      2.23	      2.23	      4.69	      4.69	-77.78	 1.434e-03	     -0.52	Gaussian	0.000000	0.000000
436	0	  0.025930	  0.135375	     -1.00	   1336.03	   2811.11	      2.05	      1.97	      4.31	      4.13	-6.77	 1.133e-03	     -0.52	Gaussian	0.000000	0.000000
437	0	  0.025757	  0.061061	     -1.00	   1556.86	    581.96	      1.75	      1.72	      3.67	      3.62	65.74	 7.361e-03	     -0.52	Gaussian	0.000000	0.000000
438	0	  0.025971	  0.152919	     -1.00	   4930.73	   2169.84	      1.96	      1.82	      4.11	      3.82	57.92	 1.150e-03	     -0.52	Gaussian	0.000000	0.000000
439	0	  0.025711	  0.099003	     -1.00	   3698.60	    554.17	      3.26	      2.65	      6.86	      5.57	81.94	 5.435e-03	     -0.52	Gaussian	0.000000	0.000000
440	0	  0.025372	  0.098451	     -1.00	     76.61	   1917.02	      2.33	      2.33	      4.90	      4.90	66.87	 1.576e-03	     -0.52	Gaussian	0.000000	0.000000
441	0	  0.025503	  0.096767	     -1.00	    336.48	    720.91	      2.35	      2.35	      4.95	      4.95	72.86	 1.752e-03	     -0.52	Gaussian	0.000000	0.000000
442	0	  0.025059	  0.050676	     -1.00	   4199.35	   1598.33	      4.56	      2.42	      9.57	      5.08	67.96	 3.970e-03	     -0.51	Gaussian	0.000000	0.000000
443	0	  0.025500	  0.091561	     -1.00	    497.34	   3946.44	      2.41	      2.41	      5.06	      5.06	-88.04	 1.396e-03	     -0.51	Gaussian	0.000000	0.000000
444	0	  0.025776	  0.093243	     -1.00	   4284.30	   3442.49	      3.14	      2.05	      6.60	      4.31	64.43	 3.414e-03	     -0.51	Gaussian	0.000000	0.000000
445	0	  0.025886	  0.115936	     -1.00	   1232.33	   3580.94	      2.46	      2.45	      5.18	      5.15	-86.24	 2.759e-03	     -0.51	Gaussian	0.000000	0.000000
446	0	  0.025188	  0.067039	     -1.00	    380.05	    654.28	      3.87	      3.11	      8.14	      6.54	4.55	 3.293e-03	     -0.51	Gaussian	0.000000	0.000000
447	0	  0.025723	  0.117580	     -1.00	   1061.67	    757.91	      2.32	      1.93	      4.87	      4.05	17.73	 1.384e-03	     -0.51	Gaussian	0.000000	0.000000
448	0	  0.025463	  0.127176	     -1.00	   5406.17	    360.76	      2.25	      1.83	      4.73	      3.85	38.35	 1.238e-03	     -0.51	Gaussian	0.000000	0.000000
449	0	  0.025658	  0.082618	     -1.00	   1593.45	    511.38	      2.86	      2.73	      6.01	      5.74	76.01	 2.734e-03	     -0.51	Gaussian	0.000000	0.000000
450	0	  0.025124	  0.070475	     -1.00	   5724.79	    426.32	      3.50	      3.46	      7.36	      7.26	-9.49	 5.253e-03	     -0.51	Gaussian	0.000000	0.000000
451	0	  0.025954	  0.139849	     -1.00	   4728.96	   2022.13	      2.01	      1.85	      4.23	      3.90	74.13	 1.072e-03	     -0.50	Gaussian	0.000000	0.000000
452	0	  0.025518	  0.089691	     -1.00	    955.67	   1122.28	      2.82	      2.62	      5.92	      5.52	-22.98	 2.713e-03	     -0.50	Gaussian	0.000000	0.000000
453	0	  0.026052	  0.145998	     -1.00	   3495.73	   3774.84	      1.99	      1.79	      4.18	      3.77	79.26	 1.115e-03	     -0.50	Gaussian	0.000000	0.000000
454	0	  0.026375	  0.144086	     -1.00	   3057.40	   1830.73	      1.95	      1.85	      4.11	      3.89	-88.30	 1.459e-03	     -0.50	Gaussian	0.000000	0.000000
455	0	  0.025746	  0.091188	     -1.00	   4662.36	   2001.51	      3.25	      2.55	      6.83	      5.35	8.42	 4.909e-03	     -0.50	Gaussian	0.000000	0.000000
456	0	  0.021002	  0.102653	     -1.00	   4739.87	     12.41	      2.44	      2.07	      5.12	      4.36	46.90	 9.205e-03	     -0.50	Gaussian	0.000000	0.000000
457	0	  0.026171	  0.149690	     -1.00	   2508.83	   3185.73	      1.90	      1.81	      3.99	      3.81	88.84	 1.093e-03	     -0.50	Gaussian	0.000000	0.000000
458	0	  0.025538	  0.108424	     -1.00	    900.30	    770.95	      2.18	      2.18	      4.58	      4.58	81.97	 1.448e-03	     -0.50	Gaussian	0.000000	0.000000
459	0	  0.025659	  0.075865	     -1.00	   4771.02	   3707.41	      3.46	      3.40	      7.27	      7.16	76.62	 6.168e-03	     -0.50	Gaussian	0.000000	0.000000
460	0	  0.025645	  0.086813	     -1.00	   5649.53	   3184.75	      3.51	      3.44	      7.38	      7.23	13.24	 6.813e-03	     -0.50	Gaussian	0.000000	0.000000
461	0	  0.025913	  0.130883	     -1.00	   1820.35	    934.97	      2.08	      1.88	      4.38	      3.95	31.57	 1.108e-03	     -0.50	Gaussian	0.000000	0.000000
462	0	  0.026045	  0.060578	     -1.00	   3006.12	   2001.07	      1.62	      1.58	      3.41	      3.32	65.21	 8.112e-03	     -0.50	Gaussian	0.000000	0.000000
463	0	  0.026084	  0.139056	     -1.00	   4288.16	   2709.83	      1.98	      1.86	      4.16	      3.90	73.10	 1.087e-03	     -0.50	Gaussian	0.000000	0.000000
464	0	  0.026338	  0.117998	     -1.00	   3789.01	   2630.18	      1.60	      1.35	      3.37	      2.83	88.45	 5.629e-03	     -0.50	Gaussian	0.000000	0.000000
465	0	  0.025922	  0.140560	     -1.00	   3195.92	    763.53	      1.97	      1.84	      4.14	      3.87	72.17	 1.010e-03	     -0.50	Gaussian	0.000000	0.000000
466	0	  0.026096	  0.129369	     -1.00	   1931.99	    946.11	      2.06	      1.91	      4.33	      4.01	37.30	 1.239e-03	     -0.49	Gaussian	0.000000	0.000000
467	0	  0.025550	  0.118044	     -1.00	   5704.65	    259.76	      2.34	      1.84	      4.93	      3.86	44.94	 1.375e-03	     -0.49	Gaussian	0.000000	0.000000
468	0	  0.025918	  0.111841	     -1.00	    906.67	   1000.67	      2.32	      1.96	      4.87	      4.11	12.98	 1.268e-03	     -0.49	Gaussian	0.000000	0.000000
469	0	  0.026221	  0.141102	     -1.00	   3275.58	   2421.83	      1.96	      1.83	      4.12	      3.85	88.81	 1.034e-03	     -0.49	Gaussian	0.000000	0.000000
470	0	  0.025758	  0.066608	     -1.00	   1821.08	    490.52	      3.53	      3.52	      7.42	      7.40	72.01	 5.727e-03	     -0.49	Gaussian	0.000000	0.000000
471	0	  0.026087	  0.142000	     -1.00	   2194.49	   2064.89	      1.90	      1.86	      4.00	      3.92	86.34	 1.041e-03	     -0.49	Gaussian	0.000000	0.000000
472	0	  0.025824	  0.066242	     -1.00	   1021.79	   2120.02	      1.77	      1.73	      3.72	      3.63	69.98	 6.902e-03	     -0.49	Gaussian	0.000000	0.000000
473	0	  0.026006	  0.123347	     -1.00	   4045.75	   1116.72	      2.03	      2.00	      4.27	      4.21	-53.42	 1.440e-03	     -0.49	Gaussian	0.000000	0.000000
474	0	  0.025427	  0.076141	     -1.00	   5810.58	    591.10	      1.68	      1.49	      3.53	      3.14	68.89	 6.669e-03	     -0.49	Gaussian	0.000000	0.000000
475	0	  0.025649	  0.053125	     -1.00	   3510.07	   2079.31	      4.20	      4.15	      8.82	      8.73	79.90	 6.271e-03	     -0.48	Gaussian	0.000000	0.000000
476	0	  0.025543	  0.085135	     -1.00	   4975.59	    941.60	      3.19	      2.93	      6.71	      6.16	78.95	 5.052e-03	     -0.48	Gaussian	0.000000	0.000000
477	0	  0.025999	  0.136118	     -1.00	   3812.87	   3128.95	      1.98	      1.83	      4.16	      3.85	81.01	 1.054e-03	     -0.48	Gaussian	0.000000	0.000000
478	0	  0.026210	  0.137972	     -1.00	   2650.20	   2478.76	      1.96	      1.83	      4.11	      3.84	88.68	 1.040e-03	     -0.48	Gaussian	0.000000	0.000000
479	0	  0.025518	  0.071057	     -1.00	   2423.24	   4066.36	      3.69	      2.66	      7.75	      5.59	69.48	 4.184e-03	     -0.48	Gaussian	0.000000	0.000000
480	0	  0.028920	  0.070109	     -1.00	   2358.94	    212.69	      3.26	      3.24	      6.85	      6.80	69.98	 6.752e-03	     -0.48	Gaussian	0.000000	0.000000
481	0	  0.025809	  0.094470	     -1.00	   4970.62	   2730.32	      3.55	      1.81	      7.45	      3.80	60.03	 3.771e-03	     -0.48	Gaussian	0.000000	0.000000
482	0	  0.025821	  0.115954	     -1.00	   1009.95	   2867.55	      2.06	      2.06	      4.33	      4.33	59.65	 1.226e-03	     -0.48	Gaussian	0.000000	0.000000
483	0	  0.025763	  0.074005	     -1.00	   4761.57	   2139.06	      3.83	      3.82	      8.04	      8.04	12.87	 7.792e-03	     -0.48	Gaussian	0.000000	0.000000
484	0	  0.025726	  0.081955	     -1.00	   2506.44	    582.45	      3.02	      2.70	      6.35	      5.67	77.24	 3.444e-03	     -0.48	Gaussian	0.000000	0.000000
485	0	  0.024584	  0.039452	     -1.00	   6260.22	   3435.04	      4.84	      4.74	     10.17	      9.95	82.53	 4.816e-03	     -0.48	Gaussian	0.000000	0.000000
486	0	  0.025755	  0.090049	     -1.00	   2813.22	   1311.47	      3.87	      2.69	      8.13	      5.65	4.52	 6.560e-03	     -0.48	Gaussian	0.000000	0.000000
487	0	  0.024896	  0.095125	     -1.00	   6210.20	    287.11	      2.09	      1.85	      4.40	      3.89	29.95	 2.242e-03	     -0.48	Gaussian	0.000000	0.000000
488	0	  0.025975	  0.122227	     -1.00	   1949.64	   3956.79	      2.00	      1.99	      4.21	      4.19	-8.37	 1.168e-03	     -0.48	Gaussian	0.000000	0.000000
489	0	  0.025731	  0.129258	     -1.00	   3604.30	    249.92	      2.03	      1.85	      4.28	      3.90	41.80	 1.064e-03	     -0.48	Gaussian	0.000000	0.000000
490	0	  0.026052	  0.127748	     -1.00	   3656.85	   2054.29	      2.07	      1.84	      4.34	      3.87	88.31	 9.031e-04	     -0.48	Gaussian	0.000000	0.000000
491	0	  0.025918	  0.090097	     -1.00	   3808.14	   3247.58	      2.70	      2.29	      5.66	      4.80	12.11	 3.224e-03	     -0.48	Gaussian	0.000000	0.000000
492	0	  0.025977	  0.108069	     -1.00	   1911.04	   2302.58	      2.48	      2.25	      5.21	      4.72	5.96	 2.435e-03	     -0.48	Gaussian	0.000000	0.000000
493	0	  0.025674	  0.114843	     -1.00	   3992.25	    286.50	      2.38	      2.05	      5.00	      4.30	40.22	 1.649e-03	     -0.48	Gaussian	0.000000	0.000000
494	0	  0.025487	  0.084790	     -1.00	   5417.36	   3351.46	      3.33	      2.44	      7.01	      5.13	15.36	 4.256e-03	     -0.48	Gaussian	0.000000	0.000000
495	0	  0.025424	  0.087710	     -1.00	   5218.43	   4124.99	      2.82	      2.41	      5.93	      5.06	76.30	 2.663e-03	     -0.47	Gaussian	0.000000	0.000000
496	0	  0.025903	  0.085512	     -1.00	    183.78	   3335.66	      2.49	      2.26	      5.23	      4.74	-3.16	 2.188e-03	     -0.47	Gaussian	0.000000	0.000000
497	0	  0.025748	  0.063155	     -1.00	   5140.07	   2013.05	      1.73	      1.70	      3.64	      3.57	61.21	 7.523e-03	     -0.47	Gaussian	0.000000	0.000000
498	0	  0.025723	  0.130998	     -1.00	   5152.80	   1928.65	      1.99	      1.84	      4.18	      3.86	47.68	 9.817e-04	     -0.47	Gaussian	0.000000	0.000000
499	0	  0.025924	  0.095068	     -1.00	   1314.96	   2687.46	      2.66	      2.15	      5.60	      4.51	62.96	 2.541e-03	     -0.47	Gaussian	0.000000	0.000000
500	0	  0.025102	  0.057727	     -1.00	    215.48	    212.35	      2.20	      2.17	      4.62	      4.56	87.36	 3.222e-03	     -0.47	Gaussian	0.000000	0.000000
501	0	  0.025663	  0.102773	     -1.00	    795.67	   1100.70	      2.36	      1.97	      4.95	      4.13	12.97	 1.258e-03	     -0.47	Gaussian	0.000000	0.000000
502	0	  0.025307	  0.059808	     -1.00	     76.80	   2970.11	      3.05	      2.95	      6.41	      6.20	83.33	 2.154e-03	     -0.47	Gaussian	0.000000	0.000000
503	0	  0.025489	  0.092737	     -1.00	    354.19	   2109.00	      2.26	      2.26	      4.76	      4.76	45.55	 1.339e-03	     -0.47	Gaussian	0.000000	0.000000
504	0	  0.026058	  0.094660	     -1.00	   1154.36	   1662.67	      1.77	      1.67	      3.72	      3.50	76.62	 4.717e-03	     -0.47	Gaussian	0.000000	0.000000
505	0	  0.026744	  0.073056	     -1.00	   4915.55	   2548.18	      3.96	      3.96	      8.32	      8.32	13.24	 9.244e-03	     -0.47	Gaussian	0.000000	0.000000
506	0	  0.025415	  0.086720	     -1.00	    801.62	    611.58	      2.55	      2.13	      5.36	      4.48	23.07	 1.342e-03	     -0.46	Gaussian	0.000000	0.000000
507	0	  0.025268	  0.089862	     -1.00	    537.26	    551.89	      2.47	      2.12	      5.19	      4.46	7.64	 1.237e-03	     -0.46	Gaussian	0.000000	0.000000
508	0	  0.026033	  0.139391	     -1.00	   2183.86	   3015.70	      1.87	      1.81	      3.92	      3.80	84.51	 1.040e-03	     -0.46	Gaussian	0.000000	0.000000
509	0	  0.026169	  0.126561	     -1.00	   3226.21	   2510.02	      2.02	      1.84	      4.24	      3.87	86.47	 8.820e-04	     -0.46	Gaussian	0.000000	0.000000
510	0	  0.025507	  0.093630	     -1.00	    427.89	   2968.72	      2.37	      2.11	      4.99	      4.44	-5.08	 1.213e-03	     -0.46	Gaussian	0.000000	0.000000
511	0	  0.026105	  0.128476	     -1.00	   3635.72	   2033.61	      2.00	      1.83	      4.19	      3.85	83.65	 9.580e-04	     -0.46	Gaussian	0.000000	0.000000
512	0	  0.025964	  0.095121	     -1.00	   2496.01	   2901.53	      2.46	      2.24	      5.18	      4.72	1.71	 2.468e-03	     -0.46	Gaussian	0.000000	0.000000
513	0	  0.025777	  0.099318	     -1.00	   1275.67	   3038.38	      2.58	      2.35	      5.42	      4.94	29.92	 2.200e-03	     -0.46	Gaussian	0.000000	0.000000
514	0	  0.025972	  0.085413	     -1.00	   2791.35	   3175.31	      3.36	      2.51	      7.07	      5.28	54.38	 4.119e-03	     -0.46	Gaussian	0.000000	0.000000
515	0	  0.025350	  0.084158	     -1.00	    140.40	   1697.84	      2.54	      2.19	      5.35	      4.60	1.59	 1.242e-03	     -0.46	Gaussian	0.000000	0.000000
516	0	  0.025993	  0.130585	     -1.00	   2908.24	   3441.63	      1.95	      1.83	      4.10	      3.86	83.77	 9.641e-04	     -0.46	Gaussian	0.000000	0.000000
517	0	  0.025622	  0.127066	     -1.00	   4430.70	    391.95	      2.00	      1.82	      4.21	      3.83	46.17	 1.029e-03	     -0.46	Gaussian	0.000000	0.000000
518	0	  0.025793	  0.109382	     -1.00	   1168.70	   1329.86	      2.20	      1.92	      4.62	      4.04	14.84	 1.130e-03	     -0.46	Gaussian	0.000000	0.000000
519	0	  0.026515	  0.113889	     -1.00	   3013.75	   2376.78	      2.07	      1.96	      4.34	      4.11	31.40	 3.258e-03	     -0.46	Gaussian	0.000000	0.000000
520	0	  0.025792	  0.101487	     -1.00	   4888.54	   2387.84	      2.39	      2.14	      5.03	      4.49	29.64	 2.061e-03	     -0.45	Gaussian	0.000000	0.000000
521	0	  0.025266	  0.083186	     -1.00	   5119.56	   2932.12	      2.83	      2.09	      5.94	      4.40	49.16	 2.054e-03	     -0.45	Gaussian	0.000000	0.000000
522	0	  0.025468	  0.059377	     -1.00	   2960.25	    161.24	      4.03	      3.99	      8.47	      8.39	12.74	 6.738e-03	     -0.45	Gaussian	0.000000	0.000000
523	0	  0.025335	  0.081067	     -1.00	   4835.31	    438.46	      3.14	      2.16	      6.60	      4.53	49.59	 2.676e-03	     -0.45	Gaussian	0.000000	0.000000
524	0	  0.025614	  0.105739	     -1.00	   5609.53	   2182.48	      1.81	      1.66	      3.81	      3.49	42.70	 2.748e-03	     -0.45	Gaussian	0.000000	0.000000
525	0	  0.025907	  0.086217	     -1.00	   3707.01	   2772.45	      2.79	      2.52	      5.87	      5.29	1.76	 3.140e-03	     -0.45	Gaussian	0.000000	0.000000
526	0	  0.026067	  0.056344	     -1.00	   3932.08	   2569.02	      1.70	      1.68	      3.58	      3.54	25.66	 7.277e-03	     -0.45	Gaussian	0.000000	0.000000
527	0	  0.025162	  0.103633	     -1.00	   6045.40	   1143.70	      2.28	      1.89	      4.80	      3.97	46.83	 1.036e-03	     -0.44	Gaussian	0.000000	0.000000
528	0	  0.026102	  0.114646	     -1.00	   1812.13	    807.83	      2.10	      1.85	      4.42	      3.89	25.20	 1.233e-03	     -0.44	Gaussian	0.000000	0.000000
529	0	  0.025723	  0.081272	     -1.00	   3470.63	    668.06	      3.11	      2.60	      6.53	      5.47	85.20	 4.178e-03	     -0.44	Gaussian	0.000000	0.000000
530	0	  0.025937	  0.122785	     -1.00	   2846.75	   1671.96	      1.98	      1.83	      4.15	      3.84	82.63	 9.120e-04	     -0.44	Gaussian	0.000000	0.000000
531	0	  0.025483	  0.115702	     -1.00	   5629.93	   1847.35	      2.12	      1.80	      4.45	      3.78	51.97	 1.008e-03	     -0.44	Gaussian	0.000000	0.000000
532	0	  0.025883	  0.114788	     -1.00	   3769.98	   4020.46	      2.05	      1.88	      4.31	      3.94	-88.99	 9.546e-04	     -0.44	Gaussian	0.000000	0.000000
533	0	  0.025431	  0.072138	     -1.00	    599.10	   2611.14	      1.77	      1.62	      3.71	      3.41	82.21	 3.787e-03	     -0.44	Gaussian	0.000000	0.000000
534	0	  0.025733	  0.114761	     -1.00	   3310.65	   4159.56	      2.06	      1.86	      4.33	      3.91	78.64	 8.843e-04	     -0.44	Gaussian	0.000000	0.000000
535	0	  0.025960	  0.090458	     -1.00	   2803.92	   1420.40	      1.60	      1.36	      3.37	      2.86	25.01	 5.110e-03	     -0.44	Gaussian	0.000000	0.000000
536	0	  0.026003	  0.118549	     -1.00	   3840.27	   1880.70	      1.97	      1.88	      4.14	      3.95	84.64	 8.541e-04	     -0.44	Gaussian	0.000000	0.000000
537	0	  0.025441	  0.107366	     -1.00	   4797.27	    425.26	      2.11	      1.92	      4.44	      4.04	45.83	 9.691e-04	     -0.44	Gaussian	0.000000	0.000000
538	0	  0.027485	  0.119454	     -1.00	   1831.93	   2278.15	      1.92	      1.90	      4.04	      3.99	32.41	 8.126e-03	     -0.44	Gaussian	0.000000	0.000000
539	0	  0.025289	  0.073659	     -1.00	    228.42	   1964.34	      2.48	      2.16	      5.22	      4.54	7.15	 1.135e-03	     -0.44	Gaussian	0.000000	0.000000
540	0	  0.025612	  0.087030	     -1.00	    978.56	   3794.53	      2.24	      2.24	      4.70	      4.70	-71.58	 1.102e-03	     -0.44	Gaussian	0.000000	0.000000
541	0	  0.025368	  0.080921	     -1.00	   5301.17	   1566.49	      3.67	      2.61	      7.71	      5.49	10.47	 5.155e-03	     -0.44	Gaussian	0.000000	0.000000
542	0	  0.025427	  0.081505	     -1.00	    594.29	   1994.07	      2.59	      2.34	      5.45	      4.91	81.52	 1.647e-03	     -0.43	Gaussian	0.000000	0.000000
543	0	  0.024670	  0.030296	     -1.00	    455.99	   3118.30	      5.23	      2.87	     10.98	      6.02	-2.24	 2.314e-03	     -0.43	Gaussian	0.000000	0.000000
544	0	  0.026031	  0.055344	     -1.00	   3003.98	   3423.06	      1.74	      1.72	      3.65	      3.62	25.75	 6.981e-03	     -0.43	Gaussian	0.000000	0.000000
545	0	  0.026040	  0.095724	     -1.00	   2327.59	   3200.88	      1.73	      1.54	      3.64	      3.24	26.97	 3.661e-03	     -0.43	Gaussian	0.000000	0.000000
546	0	  0.025927	  0.080818	     -1.00	   3083.12	   2979.48	      2.73	      2.44	      5.74	      5.12	8.53	 2.889e-03	     -0.43	Gaussian	0.000000	0.000000
547	0	  0.025576	  0.081405	     -1.00	   5400.53	    458.63	      1.69	      1.55	      3.56	      3.27	71.30	 4.886e-03	     -0.43	Gaussian	0.000000	0.000000
548	0	  0.025277	  0.079006	     -1.00	    585.91	   3979.86	      2.33	      2.33	      4.89	      4.89	81.66	 1.158e-03	     -0.43	Gaussian	0.000000	0.000000
549	0	  0.025245	  0.098882	     -1.00	   6148.22	   1571.24	      2.32	      1.91	      4.87	      4.02	48.17	 1.057e-03	     -0.43	Gaussian	0.000000	0.000000
550	0	  0.026025	  0.116647	     -1.00	   3835.87	   1980.55	      1.96	      1.86	      4.13	      3.91	-89.92	 8.496e-04	     -0.43	Gaussian	0.000000	0.000000
551	0	  0.025919	  0.113068	     -1.00	   1826.52	   2263.94	      1.94	      1.94	      4.08	      4.08	84.06	 8.825e-04	     -0.43	Gaussian	0.000000	0.000000
552	0	  0.025244	  0.078192	     -1.00	    174.57	   1529.57	      2.33	      2.33	      4.90	      4.90	53.30	 1.237e-03	     -0.43	Gaussian	0.000000	0.000000
553	0	  0.025962	  0.112782	     -1.00	   2769.56	   2350.51	      2.01	      1.89	      4.23	      3.97	-87.28	 7.385e-04	     -0.43	Gaussian	0.000000	0.000000
554	0	  0.025549	  0.112604	     -1.00	   5309.93	   1675.26	      2.05	      1.84	      4.30	      3.87	60.30	 9.066e-04	     -0.43	Gaussian	0.000000	0.000000
555	0	  0.025071	  0.058595	     -1.00	    134.22	    481.13	      2.74	      2.32	      5.76	      4.87	24.03	 1.411e-03	     -0.42	Gaussian	0.000000	0.000000
556	0	  0.025652	  0.115015	     -1.00	   5231.71	   1987.71	      1.98	      1.85	      4.17	      3.88	58.05	 9.215e-04	     -0.42	Gaussian	0.000000	0.000000
557	0	  0.026028	  0.092104	     -1.00	   4177.54	    945.62	      1.64	      1.52	      3.45	      3.20	68.45	 4.829e-03	     -0.42	Gaussian	0.000000	0.000000
558	0	  0.025647	  0.113797	     -1.00	   5276.91	   1237.77	      2.03	      1.82	      4.26	      3.82	48.72	 1.317e-03	     -0.42	Gaussian	0.000000	0.000000
559	0	  0.025579	  0.074411	     -1.00	   4292.55	    395.96	      3.49	      3.42	      7.34	      7.20	49.19	 5.749e-03	     -0.42	Gaussian	0.000000	0.000000
560	0	  0.025696	  0.112117	     -1.00	   5044.84	   2779.51	      2.02	      1.83	      4.25	      3.85	61.29	 8.739e-04	     -0.42	Gaussian	0.000000	0.000000
561	0	  0.025985	  0.116295	     -1.00	   2962.08	   1938.72	      1.89	      1.89	      3.97	      3.96	31.16	 8.574e-04	     -0.42	Gaussian	0.000000	0.000000
562	0	  0.025783	  0.078784	     -1.00	   3394.04	   2819.35	      3.07	      2.57	      6.46	      5.40	30.09	 3.718e-03	     -0.42	Gaussian	0.000000	0.000000
563	0	  0.025677	  0.110647	     -1.00	   4490.47	   2977.73	      2.01	      1.85	      4.23	      3.89	64.18	 8.952e-04	     -0.42	Gaussian	0.000000	0.000000
564	0	  0.025671	  0.103271	     -1.00	   1268.96	   2970.65	      2.00	      2.00	      4.20	      4.20	-86.99	 9.755e-04	     -0.42	Gaussian	0.000000	0.000000
565	0	  0.025486	  0.080670	     -1.00	    777.62	   3609.58	      2.26	      2.26	      4.75	      4.75	-83.42	 1.084e-03	     -0.42	Gaussian	0.000000	0.000000
566	0	  0.025822	  0.113673	     -1.00	   4723.94	   2613.52	      1.99	      1.82	      4.18	      3.83	72.89	 8.724e-04	     -0.42	Gaussian	0.000000	0.000000
567	0	  0.025515	  0.057452	     -1.00	   4254.03	    511.20	      3.44	      3.41	      7.23	      7.17	88.43	 4.565e-03	     -0.42	Gaussian	0.000000	0.000000
568	0	  0.025841	  0.073962	     -1.00	   2861.26	   3026.47	      2.81	      2.40	      5.90	      5.05	11.18	 2.881e-03	     -0.42	Gaussian	0.000000	0.000000
569	0	  0.025009	  0.067241	     -1.00	    157.68	    351.34	      2.47	      2.47	      5.19	      5.19	80.13	 1.298e-03	     -0.41	Gaussian	0.000000	0.000000
570	0	  0.025985	  0.109419	     -1.00	   3312.88	   3595.50	      1.94	      1.94	      4.07	      4.07	3.40	 1.079e-03	     -0.41	Gaussian	0.000000	0.000000
571	0	  0.024890	  0.040457	     -1.00	   4671.04	   1055.18	      4.55	      2.35	      9.56	      4.93	78.17	 3.164e-03	     -0.41	Gaussian	0.000000	0.000000
572	0	  0.025423	  0.104166	     -1.00	   5032.39	    412.96	      2.12	      1.85	      4.47	      3.88	44.32	 9.213e-04	     -0.41	Gaussian	0.000000	0.000000
573	0	  0.025889	  0.109217	     -1.00	   2070.75	   1760.06	      1.96	      1.90	      4.13	      4.00	80.97	 7.953e-04	     -0.41	Gaussian	0.000000	0.000000
574	0	  0.025699	  0.052584	     -1.00	   3144.50	   2434.67	      3.76	      3.65	      7.90	      7.67	11.73	 4.627e-03	     -0.41	Gaussian	0.000000	0.000000
575	0	  0.025534	  0.074912	     -1.00	   5477.61	   2816.23	      3.63	      2.09	      7.63	      4.40	38.84	 3.493e-03	     -0.41	Gaussian	0.000000	0.000000
576	0	  0.026153	  0.087278	     -1.00	   3119.56	   3550.58	      1.69	      1.57	      3.55	      3.29	70.39	 4.339e-03	     -0.41	Gaussian	0.000000	0.000000
577	0	  0.025367	  0.062744	     -1.00	   5233.56	    980.88	      3.58	      3.51	      7.52	      7.38	14.25	 5.442e-03	     -0.41	Gaussian	0.000000	0.000000
578	0	  0.025664	  0.095493	     -1.00	   1480.28	   3719.62	      2.07	      2.04	      4.35	      4.29	-52.97	 9.182e-04	     -0.41	Gaussian	0.000000	0.000000
579	0	  0.025514	  0.038639	     -1.00	   1838.09	   1147.54	      4.51	      4.26	      9.49	      8.95	7.45	 5.318e-03	     -0.41	Gaussian	0.000000	0.000000
580	0	  0.025463	  0.101300	     -1.00	   5366.91	   3816.97	      2.18	      1.82	      4.58	      3.83	61.51	 9.980e-04	     -0.41	Gaussian	0.000000	0.000000
581	0	  0.026048	  0.108481	     -1.00	   2691.56	   2905.72	      2.02	      1.83	      4.25	      3.85	88.09	 9.552e-04	     -0.41	Gaussian	0.000000	0.000000
582	0	  0.025864	  0.103079	     -1.00	   1731.97	   1773.32	      2.01	      1.93	      4.23	      4.05	55.54	 8.169e-04	     -0.41	Gaussian	0.000000	0.000000
583	0	  0.025682	  0.096357	     -1.00	   1186.15	   2990.89	      2.04	      2.04	      4.28	      4.28	80.84	 9.971e-04	     -0.41	Gaussian	0.000000	0.000000
584	0	  0.026002	  0.107080	     -1.00	   2671.02	    973.18	      1.98	      1.89	      4.16	      3.96	65.80	 1.301e-03	     -0.41	Gaussian	0.000000	0.000000
585	0	  0.025658	  0.105383	     -1.00	   4294.62	   3969.98	      2.08	      1.82	      4.38	      3.82	68.34	 8.932e-04	     -0.41	Gaussian	0.000000	0.000000
586	0	  0.025967	  0.097543	     -1.00	   3068.99	   3690.52	      2.51	      2.46	      5.28	      5.16	67.88	 3.047e-03	     -0.40	Gaussian	0.000000	0.000000
587	0	  0.026436	  0.046114	     -1.00	   4367.40	   1886.03	      3.62	      3.49	      7.61	      7.33	21.16	 6.380e-03	     -0.40	Gaussian	0.000000	0.000000
588	0	  0.025772	  0.108138	     -1.00	   3569.45	   3749.75	      1.98	      1.85	      4.17	      3.88	70.23	 8.253e-04	     -0.40	Gaussian	0.000000	0.000000
589	0	  0.025744	  0.075808	     -1.00	   4305.53	   3336.20	      3.46	      2.11	      7.28	      4.43	85.38	 3.454e-03	     -0.40	Gaussian	0.000000	0.000000
590	0	  0.025288	  0.080761	     -1.00	    575.79	   1366.84	      2.44	      2.01	      5.12	      4.22	10.00	 9.495e-04	     -0.40	Gaussian	0.000000	0.000000
591	0	  0.025732	  0.053158	     -1.00	   3712.04	   3301.58	      3.68	      3.66	      7.74	      7.70	18.55	 5.021e-03	     -0.40	Gaussian	0.000000	0.000000
592	0	  0.025968	  0.108635	     -1.00	   2917.97	   2511.29	      2.01	      1.81	      4.23	      3.80	84.24	 7.812e-04	     -0.40	Gaussian	0.000000	0.000000
593	0	  0.025072	  0.031752	     -1.00	   1342.11	   1061.05	      5.07	      3.75	     10.65	      7.87	75.33	 4.035e-03	     -0.40	Gaussian	0.000000	0.000000
594	0	  0.026062	  0.055823	     -1.00	   6127.59	   4027.07	      3.63	      3.62	      7.62	      7.62	15.57	 5.515e-03	     -0.40	Gaussian	0.000000	0.000000
595	0	  0.025812	  0.104167	     -1.00	   1984.85	   3732.72	      1.98	      1.90	      4.16	      3.98	-82.90	 8.517e-04	     -0.40	Gaussian	0.000000	0.000000
596	0	  0.025722	  0.063891	     -1.00	   2844.40	   1231.03	      3.19	      3.15	      6.70	      6.63	82.94	 4.444e-03	     -0.40	Gaussian	0.000000	0.000000
597	0	  0.025037	  0.078069	     -1.00	   6302.57	   1229.34	      2.74	      2.13	      5.76	      4.47	-11.03	 2.064e-03	     -0.40	Gaussian	0.000000	0.000000
598	0	  0.025908	  0.099432	     -1.00	   1800.32	    804.96	      2.11	      1.86	      4.43	      3.90	28.72	 9.178e-04	     -0.40	Gaussian	0.000000	0.000000
599	0	  0.025246	  0.037948	     -1.00	    667.10	   1599.11	      4.26	      3.42	      8.95	      7.20	74.16	 3.161e-03	     -0.39	Gaussian	0.000000	0.000000
600	0	  0.025866	  0.103807	     -1.00	   4251.65	   2562.64	      2.00	      1.86	      4.21	      3.91	79.14	 8.238e-04	     -0.39	Gaussian	0.000000	0.000000
601	0	  0.025341	  0.048572	     -1.00	   3670.17	   3244.62	      3.77	      2.59	      7.93	      5.43	32.04	 3.118e-03	     -0.39	Gaussian	0.000000	0.000000
602	0	  0.025505	  0.090492	     -1.00	   1870.53	    398.66	      2.26	      1.89	      4.75	      3.96	31.51	 8.646e-04	     -0.39	Gaussian	0.000000	0.000000
603	0	  0.025543	  0.061228	     -1.00	   2744.54	    385.80	      3.58	      3.48	      7.52	      7.31	13.89	 5.213e-03	     -0.39	Gaussian	0.000000	0.000000
604	0	  0.025128	  0.070537	     -1.00	    757.17	    233.58	      2.53	      2.15	      5.32	      4.53	12.39	 1.010e-03	     -0.39	Gaussian	0.000000	0.000000
605	0	  0.025490	  0.078292	     -1.00	    592.48	   2273.12	      2.21	      2.21	      4.65	      4.65	67.70	 1.092e-03	     -0.39	Gaussian	0.000000	0.000000
606	0	  0.025111	  0.077560	     -1.00	   6050.45	   3629.24	      2.52	      2.08	      5.30	      4.37	25.45	 1.365e-03	     -0.39	Gaussian	0.000000	0.000000
607	0	  0.026010	  0.109777	     -1.00	   3576.75	   2802.71	      1.93	      1.80	      4.06	      3.79	88.78	 8.519e-04	     -0.39	Gaussian	0.000000	0.000000
608	0	  0.025542	  0.041698	     -1.00	   1897.40	   2170.07	      3.78	      3.59	      7.94	      7.54	20.00	 4.320e-03	     -0.39	Gaussian	0.000000	0.000000
609	0	  0.025311	  0.093343	     -1.00	   5258.14	    604.42	      2.61	      2.61	      5.49	      5.49	32.36	 3.711e-03	     -0.39	Gaussian	0.000000	0.000000
610	0	  0.025489	  0.077943	     -1.00	    606.85	   2856.48	      2.21	      2.21	      4.64	      4.64	69.51	 1.050e-03	     -0.39	Gaussian	0.000000	0.000000
611	0	  0.026073	  0.109111	     -1.00	   3022.68	   2514.68	      1.94	      1.80	      4.07	      3.79	79.62	 8.402e-04	     -0.39	Gaussian	0.000000	0.000000
612	0	  0.025769	  0.104031	     -1.00	   4527.92	   1589.27	      1.99	      1.83	      4.19	      3.85	76.48	 7.431e-04	     -0.39	Gaussian	0.000000	0.000000
613	0	  0.025374	  0.079939	     -1.00	    626.05	   2059.49	      2.18	      2.18	      4.58	      4.58	67.23	 1.064e-03	     -0.39	Gaussian	0.000000	0.000000
614	0	  0.025469	  0.075679	     -1.00	    901.56	   3927.98	      2.24	      2.24	      4.71	      4.71	-64.09	 1.069e-03	     -0.39	Gaussian	0.000000	0.000000
615	0	  0.025689	  0.096567	     -1.00	   2150.92	   4143.70	      2.03	      1.93	      4.28	      4.06	-76.09	 9.053e-04	     -0.39	Gaussian	0.000000	0.000000
616	0	  0.025025	  0.074970	     -1.00	   5925.14	   1146.24	      2.64	      2.08	      5.56	      4.36	52.21	 1.353e-03	     -0.39	Gaussian	0.000000	0.000000
617	0	  0.025056	  0.049899	     -1.00	    834.84	   1088.12	      3.43	      3.29	      7.20	      6.92	60.99	 2.725e-03	     -0.39	Gaussian	0.000000	0.000000
618	0	  0.025042	  0.045063	     -1.00	   6212.10	   1789.29	      4.09	      3.95	      8.60	      8.30	10.37	 4.958e-03	     -0.39	Gaussian	0.000000	0.000000
619	0	  0.025410	  0.041894	     -1.00	   2144.01	   3444.62	      3.90	      3.09	      8.20	      6.49	39.10	 3.745e-03	     -0.39	Gaussian	0.000000	0.000000
620	0	  0.025240	  0.067823	     -1.00	   5749.62	   2175.22	      2.98	      2.75	      6.27	      5.77	63.10	 3.254e-03	     -0.39	Gaussian	0.000000	0.000000
621	0	  0.025594	  0.047564	     -1.00	   2601.04	   2308.33	      3.86	      3.83	      8.12	      8.05	82.79	 4.915e-03	     -0.39	Gaussian	0.000000	0.000000
622	0	  0.025420	  0.077169	     -1.00	   5590.07	   2262.54	      2.61	      2.27	      5.49	      4.78	16.85	 2.093e-03	     -0.38	Gaussian	0.000000	0.000000
623	0	  0.026028	  0.102883	     -1.00	   3165.24	   2245.93	      1.98	      1.84	      4.16	      3.86	89.29	 8.136e-04	     -0.38	Gaussian	0.000000	0.000000
624	0	  0.025857	  0.102844	     -1.00	   2793.26	   1183.02	      1.96	      1.85	      4.12	      3.89	77.20	 7.895e-04	     -0.38	Gaussian	0.000000	0.000000
625	0	  0.025793	  0.104746	     -1.00	   4364.72	   1482.95	      1.89	      1.88	      3.97	      3.96	35.75	 8.958e-04	     -0.38	Gaussian	0.000000	0.000000
626	0	  0.025230	  0.067261	     -1.00	    414.49	   3352.54	      2.35	      2.35	      4.95	      4.94	82.19	 9.776e-04	     -0.38	Gaussian	0.000000	0.000000
627	0	  0.025552	  0.083254	     -1.00	   4524.59	   3798.04	      2.74	      2.13	      5.75	      4.47	56.50	 2.055e-03	     -0.38	Gaussian	0.000000	0.000000
628	0	  0.025394	  0.059936	     -1.00	   2763.08	   1152.47	      3.12	      2.41	      6.56	      5.06	31.71	 2.573e-03	     -0.38	Gaussian	0.000000	0.000000
629	0	  0.026092	  0.075705	     -1.00	   3239.57	   3539.21	      1.40	      1.22	      2.94	      2.57	8.29	 5.774e-03	     -0.38	Gaussian	0.000000	0.000000
630	0	  0.025753	  0.076533	     -1.00	   2439.06	   1473.36	      2.96	      2.57	      6.22	      5.40	23.76	 3.370e-03	     -0.38	Gaussian	0.000000	0.000000
631	0	  0.025219	  0.072155	     -1.00	    301.33	   1886.81	      2.47	      2.08	      5.19	      4.38	6.08	 9.474e-04	     -0.38	Gaussian	0.000000	0.000000
632	0	  0.025033	  0.044629	     -1.00	   6146.06	   3869.69	      1.75	      1.70	      3.68	      3.58	69.90	 4.848e-03	     -0.38	Gaussian	0.000000	0.000000
633	0	  0.025837	  0.081898	     -1.00	   3019.46	   1823.04	      2.42	      2.14	      5.09	      4.50	61.00	 1.575e-03	     -0.38	Gaussian	0.000000	0.000000
634	0	  0.025596	  0.080506	     -1.00	   1147.80	   3888.62	      2.14	      2.14	      4.51	      4.50	-78.73	 9.909e-04	     -0.38	Gaussian	0.000000	0.000000
635	0	  0.025813	  0.102565	     -1.00	   4791.72	   1810.97	      1.96	      1.84	      4.12	      3.86	59.88	 1.048e-03	     -0.38	Gaussian	0.000000	0.000000
636	0	  0.025661	  0.088895	     -1.00	   1431.00	   1381.18	      2.15	      1.93	      4.53	      4.06	22.37	 8.520e-04	     -0.38	Gaussian	0.000000	0.000000
637	0	  0.025510	  0.096292	     -1.00	   3602.58	     94.74	      2.09	      1.84	      4.39	      3.86	39.93	 8.043e-04	     -0.38	Gaussian	0.000000	0.000000
638	0	  0.025539	  0.085243	     -1.00	    920.38	   1951.72	      2.23	      1.95	      4.68	      4.10	11.62	 8.986e-04	     -0.38	Gaussian	0.000000	0.000000
639	0	  0.025857	  0.063330	     -1.00	   2656.46	   2142.26	      3.67	      2.85	      7.71	      5.98	19.23	 4.223e-03	     -0.38	Gaussian	0.000000	0.000000
640	0	  0.025011	  0.036209	     -1.00	   1003.11	   1200.94	      4.19	      3.87	      8.82	      8.13	7.85	 3.184e-03	     -0.38	Gaussian	0.000000	0.000000
641	0	  0.025742	  0.101602	     -1.00	   3221.81	    645.66	      1.97	      1.84	      4.15	      3.86	57.76	 8.223e-04	     -0.38	Gaussian	0.000000	0.000000
642	0	  0.025984	  0.063287	     -1.00	   2717.39	   2948.34	      3.19	      2.14	      6.71	      4.49	50.33	 2.907e-03	     -0.38	Gaussian	0.000000	0.000000
643	0	  0.026026	  0.092958	     -1.00	   2582.51	   1633.85	      2.03	      1.95	      4.26	      4.09	61.26	 1.210e-03	     -0.38	Gaussian	0.000000	0.000000
644	0	  0.025550	  0.098784	     -1.00	   3413.90	    133.64	      2.04	      1.82	      4.28	      3.83	43.53	 8.626e-04	     -0.38	Gaussian	0.000000	0.000000
645	0	  0.025456	  0.030956	     -1.00	   2375.98	   1734.02	      4.51	      4.49	      9.48	      9.44	88.64	 4.540e-03	     -0.38	Gaussian	0.000000	0.000000
646	0	  0.025881	  0.061843	     -1.00	   3618.16	   2272.49	      2.90	      2.41	      6.09	      5.06	2.91	 2.683e-03	     -0.38	Gaussian	0.000000	0.000000
647	0	  0.025534	  0.090686	     -1.00	   2329.64	    336.70	      2.12	      1.89	      4.47	      3.98	32.60	 7.950e-04	     -0.38	Gaussian	0.000000	0.000000
648	0	  0.025832	  0.087013	     -1.00	   2325.49	   1592.51	      2.37	      2.13	      4.98	      4.48	56.98	 1.394e-03	     -0.38	Gaussian	0.000000	0.000000
649	0	  0.025056	  0.059599	     -1.00	   5267.40	     21.03	      3.36	      3.18	      7.07	      6.67	76.33	 3.697e-03	     -0.38	Gaussian	0.000000	0.000000
650	0	  0.025728	  0.063523	     -1.00	   3094.99	    863.54	      2.79	      2.43	      5.87	      5.11	1.21	 2.692e-03	     -0.37	Gaussian	0.000000	0.000000
651	0	  0.025494	  0.077670	     -1.00	   1198.41	     99.98	      1.98	      1.97	      4.16	      4.15	59.18	 2.036e-03	     -0.37	Gaussian	0.000000	0.000000
652	0	  0.025323	  0.069044	     -1.00	   5426.17	   1596.18	      3.00	      2.31	      6.30	      4.86	61.15	 2.397e-03	     -0.37	Gaussian	0.000000	0.000000
653	0	  0.025764	  0.098803	     -1.00	   3284.08	    863.15	      1.94	      1.88	      4.08	      3.96	61.51	 7.468e-04	     -0.37	Gaussian	0.000000	0.000000
654	0	  0.025608	  0.056465	     -1.00	   3116.32	   3427.27	      3.45	      2.71	      7.24	      5.70	79.30	 3.228e-03	     -0.37	Gaussian	0.000000	0.000000
655	0	  0.025456	  0.086064	     -1.00	   5549.43	   3458.07	      1.79	      1.77	      3.77	      3.72	35.25	 2.086e-03	     -0.37	Gaussian	0.000000	0.000000
656	0	  0.025628	  0.088850	     -1.00	   1369.66	   2916.64	      2.01	      2.01	      4.22	      4.22	81.81	 7.994e-04	     -0.37	Gaussian	0.000000	0.000000
657	0	  0.025895	  0.062834	     -1.00	   2775.31	   2672.44	      2.89	      2.44	      6.08	      5.13	9.74	 2.649e-03	     -0.37	Gaussian	0.000000	0.000000
658	0	  0.025619	  0.051325	     -1.00	   2027.64	   1609.50	      3.28	      3.12	      6.89	      6.55	77.89	 3.088e-03	     -0.37	Gaussian	0.000000	0.000000
659	0	  0.025498	  0.062630	     -1.00	   1117.16	   2966.11	      3.00	      2.78	      6.31	      5.85	74.97	 2.626e-03	     -0.37	Gaussian	0.000000	0.000000
660	0	  0.025612	  0.086712	     -1.00	   1319.67	   1267.79	      2.16	      1.90	      4.53	      4.00	18.48	 8.570e-04	     -0.37	Gaussian	0.000000	0.000000
661	0	  0.025488	  0.079393	     -1.00	    759.70	   2683.00	      2.11	      2.11	      4.44	      4.44	-78.11	 9.699e-04	     -0.37	Gaussian	0.000000	0.000000
662	0	  0.025566	  0.080530	     -1.00	   4746.42	   1143.59	      2.50	      2.20	      5.26	      4.63	62.70	 1.554e-03	     -0.37	Gaussian	0.000000	0.000000
663	0	  0.025015	  0.063448	     -1.00	    460.74	    457.65	      2.64	      2.12	      5.55	      4.45	7.66	 9.607e-04	     -0.37	Gaussian	0.000000	0.000000
664	0	  0.025517	  0.070342	     -1.00	   4639.62	   2926.45	      2.69	      2.19	      5.66	      4.60	60.87	 1.535e-03	     -0.37	Gaussian	0.000000	0.000000
665	0	  0.025510	  0.052168	     -1.00	   1290.35	   3884.28	      3.15	      2.99	      6.61	      6.28	-87.82	 2.681e-03	     -0.37	Gaussian	0.000000	0.000000
666	0	  0.025306	  0.038974	     -1.00	   3900.04	   4056.38	      3.93	      3.88	      8.25	      8.15	73.41	 4.094e-03	     -0.37	Gaussian	0.000000	0.000000
667	0	  0.025446	  0.094341	     -1.00	   5540.85	   2211.96	      2.06	      1.82	      4.32	      3.82	50.88	 7.700e-04	     -0.37	Gaussian	0.000000	0.000000
668	0	  0.025872	  0.099421	     -1.00	   2769.59	   1651.94	      1.93	      1.84	      4.05	      3.87	-82.27	 7.586e-04	     -0.37	Gaussian	0.000000	0.000000
669	0	  0.025647	  0.037974	     -1.00	   3126.41	   3693.10	      3.79	      3.48	      7.97	      7.30	23.47	 4.050e-03	     -0.36	Gaussian	0.000000	0.000000
670	0	  0.025271	  0.038573	     -1.00	   5178.10	   1099.59	      3.78	      3.59	      7.95	      7.55	22.96	 2.657e-03	     -0.36	Gaussian	0.000000	0.000000
671	0	  0.025527	  0.087465	     -1.00	   2215.58	    395.66	      2.12	      1.89	      4.46	      3.98	31.41	 7.846e-04	     -0.36	Gaussian	0.000000	0.000000
672	0	  0.024879	  0.048346	     -1.00	    332.11	    199.48	      3.18	      2.27	      6.69	      4.78	10.04	 1.153e-03	     -0.36	Gaussian	0.000000	0.000000
673	0	  0.025413	  0.085240	     -1.00	   2342.98	     31.91	      2.20	      1.86	      4.63	      3.90	29.55	 8.604e-04	     -0.36	Gaussian	0.000000	0.000000
674	0	  0.026254	  0.097784	     -1.00	   2266.58	   2094.87	      1.89	      1.89	      3.97	      3.96	31.72	 1.979e-03	     -0.36	Gaussian	0.000000	0.000000
675	0	  0.025308	  0.034774	     -1.00	   1560.99	   3651.84	      3.89	      3.82	      8.17	      8.02	-1.45	 3.598e-03	     -0.36	Gaussian	0.000000	0.000000
676	0	  0.025825	  0.098806	     -1.00	   2658.11	   1393.72	      1.88	      1.88	      3.95	      3.94	32.98	 7.757e-04	     -0.36	Gaussian	0.000000	0.000000
677	0	  0.025861	  0.071351	     -1.00	   2771.11	   2961.65	      3.01	      2.47	      6.33	      5.20	18.51	 3.113e-03	     -0.36	Gaussian	0.000000	0.000000
678	0	  0.026026	  0.054941	     -1.00	   3930.90	   1676.96	      1.41	      1.36	      2.95	      2.86	61.64	 6.187e-03	     -0.36	Gaussian	0.000000	0.000000
679	0	  0.025913	  0.095509	     -1.00	   2695.99	   2614.28	      1.98	      1.84	      4.16	      3.86	83.70	 7.110e-04	     -0.36	Gaussian	0.000000	0.000000
680	0	  0.025309	  0.035366	     -1.00	    469.95	   2349.79	      1.93	      1.92	      4.05	      4.04	73.63	 3.890e-03	     -0.36	Gaussian	0.000000	0.000000
681	0	  0.025902	  0.093559	     -1.00	   3655.72	   1723.81	      2.01	      1.83	      4.22	      3.85	-84.68	 7.520e-04	     -0.36	Gaussian	0.000000	0.000000
682	0	  0.024957	  0.078831	     -1.00	   6081.58	    741.80	      2.32	      1.88	      4.88	      3.95	42.68	 9.125e-04	     -0.36	Gaussian	0.000000	0.000000
683	0	  0.024993	  0.047310	     -1.00	   5402.19	   2295.47	      3.55	      2.30	      7.47	      4.83	45.20	 2.260e-03	     -0.36	Gaussian	0.000000	0.000000
684	0	  0.025132	  0.058250	     -1.00	   5755.54	   3082.36	      2.91	      2.60	      6.11	      5.47	72.21	 2.047e-03	     -0.36	Gaussian	0.000000	0.000000
685	0	  0.025515	  0.061911	     -1.00	    198.32	   1113.51	      2.35	      2.35	      4.94	      4.94	60.49	 1.115e-03	     -0.36	Gaussian	0.000000	0.000000
686	0	  0.024977	  0.058763	     -1.00	    620.46	     39.57	      2.41	      2.41	      5.07	      5.07	50.14	 1.138e-03	     -0.36	Gaussian	0.000000	0.000000
687	0	  0.025449	  0.079897	     -1.00	    827.21	   2486.71	      2.07	      2.07	      4.34	      4.34	54.31	 9.746e-04	     -0.35	Gaussian	0.000000	0.000000
688	0	  0.025145	  0.076817	     -1.00	   5829.41	   3557.97	      2.45	      2.01	      5.15	      4.23	70.60	 1.113e-03	     -0.35	Gaussian	0.000000	0.000000
689	0	  0.025577	  0.083991	     -1.00	   1473.60	   1205.84	      2.13	      1.90	      4.47	      3.99	22.47	 8.025e-04	     -0.35	Gaussian	0.000000	0.000000
690	0	  0.025941	  0.095342	     -1.00	   2788.76	   2191.76	      1.97	      1.80	      4.14	      3.78	-80.67	 7.520e-04	     -0.35	Gaussian	0.000000	0.000000
691	0	  0.025132	  0.060144	     -1.00	    423.86	   3742.35	      2.37	      2.37	      4.98	      4.98	77.62	 9.230e-04	     -0.35	Gaussian	0.000000	0.000000
692	0	  0.026105	  0.086293	     -1.00	   2687.61	   2919.67	      1.74	      1.58	      3.65	      3.33	65.97	 2.648e-03	     -0.35	Gaussian	0.000000	0.000000
693	0	  0.025771	  0.094691	     -1.00	   3187.87	    902.65	      1.94	      1.83	      4.08	      3.84	68.03	 7.175e-04	     -0.35	Gaussian	0.000000	0.000000
694	0	  0.025956	  0.052867	     -1.00	   3898.71	   1135.84	      1.35	      1.33	      2.85	      2.80	27.98	 5.760e-03	     -0.35	Gaussian	0.000000	0.000000
695	0	  0.025494	  0.035693	     -1.00	   4376.10	   1658.31	      3.92	      3.66	      8.23	      7.69	71.19	 3.887e-03	     -0.35	Gaussian	0.000000	0.000000
696	0	  0.025891	  0.090506	     -1.00	   3875.86	   2083.98	      2.03	      1.82	      4.26	      3.83	-86.42	 7.360e-04	     -0.35	Gaussian	0.000000	0.000000
697	0	  0.025619	  0.086355	     -1.00	   1469.74	   3332.92	      1.99	      1.95	      4.17	      4.09	6.07	 8.132e-04	     -0.35	Gaussian	0.000000	0.000000
698	0	  0.025635	  0.060775	     -1.00	   2485.54	   3729.18	      3.33	      2.04	      6.99	      4.28	-77.46	 2.648e-03	     -0.35	Gaussian	0.000000	0.000000
699	0	  0.025890	  0.060059	     -1.00	   3324.62	   2595.18	      3.59	      1.84	      7.54	      3.87	13.83	 3.073e-03	     -0.35	Gaussian	0.000000	0.000000
700	0	  0.026366	  0.098377	     -1.00	   3308.93	   3442.84	      1.91	      1.76	      4.02	      3.70	82.73	 3.002e-03	     -0.35	Gaussian	0.000000	0.000000
701	0	  0.025304	  0.070865	     -1.00	   5728.98	   4092.19	      1.90	      1.66	      3.99	      3.49	81.44	 2.810e-03	     -0.35	Gaussian	0.000000	0.000000
702	0	  0.025407	  0.040927	     -1.00	   1853.77	   4049.27	      3.82	      2.40	      8.03	      5.05	44.96	 2.853e-03	     -0.35	Gaussian	0.000000	0.000000
703	0	  0.025697	  0.067197	     -1.00	   5100.59	   2376.31	      1.79	      1.47	      3.75	      3.10	60.05	 3.553e-03	     -0.35	Gaussian	0.000000	0.000000
704	0	  0.025450	  0.070102	     -1.00	    656.97	   2116.99	      2.17	      2.17	      4.56	      4.56	48.99	 1.026e-03	     -0.35	Gaussian	0.000000	0.000000
705	0	  0.024940	  0.037930	     -1.00	   5851.92	    675.01	      1.82	      1.79	      3.82	      3.76	25.99	 4.420e-03	     -0.35	Gaussian	0.000000	0.000000
706	0	  0.025315	  0.060244	     -1.00	   3861.55	   4049.04	      2.77	      2.12	      5.83	      4.46	66.30	 1.536e-03	     -0.35	Gaussian	0.000000	0.000000
707	0	  0.025735	  0.069798	     -1.00	   2013.12	   3006.49	      2.54	      2.29	      5.33	      4.81	7.19	 1.714e-03	     -0.35	Gaussian	0.000000	0.000000
708	0	  0.025633	  0.058256	     -1.00	   3183.37	   3609.16	      3.03	      2.58	      6.38	      5.41	77.20	 2.544e-03	     -0.34	Gaussian	0.000000	0.000000
709	0	  0.025913	  0.056975	     -1.00	   2596.15	   1453.68	      1.92	      1.76	      4.04	      3.69	-74.71	 3.208e-03	     -0.34	Gaussian	0.000000	0.000000
710	0	  0.025701	  0.075967	     -1.00	   4897.97	   1458.61	      1.33	      1.32	      2.79	      2.78	85.36	 5.246e-03	     -0.34	Gaussian	0.000000	0.000000
711	0	  0.025845	  0.090738	     -1.00	   2676.86	   1466.60	      1.96	      1.85	      4.13	      3.88	77.57	 7.142e-04	     -0.34	Gaussian	0.000000	0.000000
712	0	  0.025455	  0.064866	     -1.00	   4503.25	    905.14	      3.01	      2.56	      6.33	      5.38	61.44	 2.691e-03	     -0.34	Gaussian	0.000000	0.000000
713	0	  0.025238	  0.065347	     -1.00	    417.63	   2418.72	      2.24	      2.24	      4.71	      4.71	62.79	 9.092e-04	     -0.34	Gaussian	0.000000	0.000000
714	0	  0.025179	  0.050474	     -1.00	    311.26	    375.23	      1.95	      1.94	      4.11	      4.08	46.61	 2.378e-03	     -0.34	Gaussian	0.000000	0.000000
715	0	  0.026088	  0.092453	     -1.00	   3229.74	   2215.83	      1.99	      1.78	      4.18	      3.73	-86.98	 8.910e-04	     -0.34	Gaussian	0.000000	0.000000
716	0	  0.025314	  0.036082	     -1.00	   2823.22	    814.29	      4.16	      4.13	      8.75	      8.68	77.93	 4.388e-03	     -0.34	Gaussian	0.000000	0.000000
717	0	  0.025794	  0.056099	     -1.00	   1512.65	   2234.55	      3.63	      3.54	      7.63	      7.44	83.49	 4.778e-03	     -0.34	Gaussian	0.000000	0.000000
718	0	  0.025993	  0.082265	     -1.00	   2338.92	    263.39	      2.14	      1.85	      4.50	      3.90	36.02	 1.934e-03	     -0.34	Gaussian	0.000000	0.000000
719	0	  0.025573	  0.081720	     -1.00	   1422.69	   3442.79	      2.00	      2.00	      4.20	      4.20	-65.93	 7.998e-04	     -0.34	Gaussian	0.000000	0.000000
720	0	  0.025438	  0.040128	     -1.00	   1956.90	    806.39	      3.50	      3.48	      7.36	      7.32	70.62	 3.291e-03	     -0.34	Gaussian	0.000000	0.000000
721	0	  0.025690	  0.085755	     -1.00	   1668.15	   1302.84	      2.05	      1.85	      4.30	      3.89	17.93	 7.458e-04	     -0.34	Gaussian	0.000000	0.000000
722	0	  0.025604	  0.082537	     -1.00	   2252.92	    522.45	      2.08	      1.90	      4.36	      3.98	41.44	 7.868e-04	     -0.34	Gaussian	0.000000	0.000000
723	0	  0.026697	  0.066347	     -1.00	   3091.61	   1919.55	      1.77	      1.68	      3.73	      3.52	70.19	 3.170e-03	     -0.34	Gaussian	0.000000	0.000000
724	0	  0.025858	  0.063516	     -1.00	   3872.02	   2229.60	      2.75	      2.37	      5.79	      4.99	0.97	 2.171e-03	     -0.34	Gaussian	0.000000	0.000000
725	0	  0.025182	  0.082033	     -1.00	   5102.89	    224.82	      2.16	      1.84	      4.53	      3.86	44.29	 8.140e-04	     -0.34	Gaussian	0.000000	0.000000
726	0	  0.025743	  0.087737	     -1.00	   1966.32	   2809.99	      1.94	      1.90	      4.09	      3.99	84.97	 6.970e-04	     -0.34	Gaussian	0.000000	0.000000
727	0	  0.025639	  0.074762	     -1.00	   1218.47	   1086.77	      2.24	      1.93	      4.71	      4.06	19.02	 8.727e-04	     -0.34	Gaussian	0.000000	0.000000
728	0	  0.025514	  0.073209	     -1.00	   1057.30	   3428.71	      2.10	      2.10	      4.42	      4.42	-88.12	 8.368e-04	     -0.34	Gaussian	0.000000	0.000000
729	0	  0.025321	  0.049999	     -1.00	   1096.71	   3137.18	      3.06	      2.98	      6.43	      6.26	76.38	 2.354e-03	     -0.34	Gaussian	0.000000	0.000000
730	0	  0.025837	  0.084520	     -1.00	   4136.07	   2301.05	      1.96	      1.96	      4.11	      4.11	36.99	 7.839e-04	     -0.34	Gaussian	0.000000	0.000000
731	0	  0.025558	  0.053795	     -1.00	   1683.28	   1954.28	      3.16	      2.71	      6.64	      5.70	77.49	 2.648e-03	     -0.34	Gaussian	0.000000	0.000000
732	0	  0.025590	  0.089701	     -1.00	   3541.95	    451.99	      1.98	      1.81	      4.16	      3.80	55.68	 7.794e-04	     -0.34	Gaussian	0.000000	0.000000
733	0	  0.025259	  0.063664	     -1.00	    467.48	   2804.92	      2.25	      2.25	      4.73	      4.72	69.83	 8.856e-04	     -0.34	Gaussian	0.000000	0.000000
734	0	  0.025237	  0.081722	     -1.00	   5707.61	   3275.76	      2.14	      1.83	      4.50	      3.86	52.73	 8.126e-04	     -0.34	Gaussian	0.000000	0.000000
735	0	  0.025836	  0.091356	     -1.00	   3094.92	   3624.41	      1.96	      1.80	      4.12	      3.78	84.29	 7.270e-04	     -0.34	Gaussian	0.000000	0.000000
736	0	  0.024869	  0.071405	     -1.00	   6333.94	    795.78	      2.39	      1.88	      5.03	      3.95	49.91	 8.724e-04	     -0.34	Gaussian	0.000000	0.000000
737	0	  0.025130	  0.083046	     -1.00	   5508.61	    631.85	      2.14	      1.80	      4.51	      3.79	43.36	 8.018e-04	     -0.34	Gaussian	0.000000	0.000000
738	0	  0.025922	  0.091276	     -1.00	   2995.92	   2445.87	      1.94	      1.80	      4.08	      3.79	-79.37	 7.298e-04	     -0.34	Gaussian	0.000000	0.000000
739	0	  0.025772	  0.087200	     -1.00	   4368.89	   2356.62	      1.96	      1.86	      4.12	      3.90	78.39	 6.908e-04	     -0.33	Gaussian	0.000000	0.000000
740	0	  0.025081	  0.062710	     -1.00	    324.46	   2157.88	      2.25	      2.25	      4.73	      4.72	47.72	 9.235e-04	     -0.33	Gaussian	0.000000	0.000000
741	0	  0.026083	  0.051956	     -1.00	   3507.76	   1856.63	      1.66	      1.61	      3.49	      3.38	69.43	 4.066e-03	     -0.33	Gaussian	0.000000	0.000000
742	0	  0.025714	  0.068865	     -1.00	   2652.24	    862.13	      1.72	      1.49	      3.62	      3.14	63.99	 2.765e-03	     -0.33	Gaussian	0.000000	0.000000
743	0	  0.025238	  0.047427	     -1.00	   5493.43	   2697.20	      3.35	      2.41	      7.04	      5.06	21.12	 2.342e-03	     -0.33	Gaussian	0.000000	0.000000
744	0	  0.025423	  0.055971	     -1.00	   2407.42	    971.08	      2.89	      2.34	      6.07	      4.91	60.86	 1.849e-03	     -0.33	Gaussian	0.000000	0.000000
745	0	  0.025290	  0.064084	     -1.00	    406.89	   2301.67	      2.22	      2.21	      4.67	      4.65	40.29	 9.354e-04	     -0.33	Gaussian	0.000000	0.000000
746	0	  0.025190	  0.057263	     -1.00	    501.48	    484.90	      2.34	      2.34	      4.92	      4.92	63.73	 9.951e-04	     -0.33	Gaussian	0.000000	0.000000
747	0	  0.025602	  0.058456	     -1.00	   2598.99	    945.45	      2.59	      2.34	      5.44	      4.92	2.99	 1.714e-03	     -0.33	Gaussian	0.000000	0.000000
748	0	  0.025502	  0.073004	     -1.00	   1416.61	   1015.96	      2.20	      1.95	      4.62	      4.10	21.60	 7.672e-04	     -0.33	Gaussian	0.000000	0.000000
749	0	  0.025924	  0.063312	     -1.00	   3497.16	   2963.67	      2.73	      2.27	      5.74	      4.77	18.75	 2.143e-03	     -0.33	Gaussian	0.000000	0.000000
750	0	  0.025328	  0.061217	     -1.00	   5494.49	   2145.33	      2.81	      2.09	      5.90	      4.39	18.64	 1.513e-03	     -0.33	Gaussian	0.000000	0.000000
751	0	  0.025148	  0.057620	     -1.00	    110.85	   1485.79	      2.50	      2.17	      5.25	      4.55	3.94	 9.933e-04	     -0.33	Gaussian	0.000000	0.000000
752	0	  0.024874	  0.057684	     -1.00	   6046.41	   1055.07	      2.80	      2.37	      5.89	      4.99	66.42	 1.617e-03	     -0.33	Gaussian	0.000000	0.000000
753	0	  0.025934	  0.086461	     -1.00	   3496.66	   2677.85	      1.97	      1.82	      4.15	      3.83	86.29	 6.865e-04	     -0.33	Gaussian	0.000000	0.000000
754	0	  0.025148	  0.042726	     -1.00	   5646.42	   3945.83	      3.16	      3.14	      6.65	      6.59	6.43	 2.505e-03	     -0.33	Gaussian	0.000000	0.000000
755	0	  0.025691	  0.023775	     -1.00	   2981.09	   2275.46	      4.39	      4.37	      9.23	      9.19	2.48	 3.820e-03	     -0.33	Gaussian	0.000000	0.000000
756	0	  0.025441	  0.065959	     -1.00	    725.50	   2780.08	      2.17	      2.17	      4.56	      4.56	86.12	 8.893e-04	     -0.33	Gaussian	0.000000	0.000000
757	0	  0.025834	  0.076207	     -1.00	   2372.13	    198.06	      2.17	      1.87	      4.56	      3.93	34.78	 1.050e-03	     -0.33	Gaussian	0.000000	0.000000
758	0	  0.025844	  0.088335	     -1.00	   3061.95	   3387.46	      1.95	      1.79	      4.10	      3.77	85.56	 6.850e-04	     -0.33	Gaussian	0.000000	0.000000
759	0	  0.025098	  0.060419	     -1.00	   1347.02	     55.24	      2.53	      2.02	      5.31	      4.25	18.05	 7.562e-04	     -0.33	Gaussian	0.000000	0.000000
760	0	  0.026038	  0.055904	     -1.00	   1374.63	   1436.21	      3.40	      2.16	      7.14	      4.53	-67.58	 3.696e-03	     -0.33	Gaussian	0.000000	0.000000
761	0	  0.026003	  0.090181	     -1.00	   2747.16	   3492.71	      1.88	      1.82	      3.95	      3.82	-84.06	 1.226e-03	     -0.33	Gaussian	0.000000	0.000000
762	0	  0.025335	  0.062074	     -1.00	   1276.59	   1048.11	      2.74	      2.51	      5.76	      5.28	-39.31	 1.951e-03	     -0.33	Gaussian	0.000000	0.000000
763	0	  0.024947	  0.031978	     -1.00	   1848.92	     52.18	      4.13	      3.90	      8.69	      8.19	7.62	 3.002e-03	     -0.33	Gaussian	0.000000	0.000000
764	0	  0.025064	  0.050049	     -1.00	     56.53	   3245.05	      2.48	      2.47	      5.20	      5.20	-89.73	 8.736e-04	     -0.32	Gaussian	0.000000	0.000000
765	0	  0.024946	  0.069487	     -1.00	   5512.85	     43.95	      2.35	      1.87	      4.95	      3.94	43.94	 8.526e-04	     -0.32	Gaussian	0.000000	0.000000
766	0	  0.025341	  0.027737	     -1.00	   5070.59	   2709.08	      4.61	      4.59	      9.68	      9.65	85.29	 4.276e-03	     -0.32	Gaussian	0.000000	0.000000
767	0	  0.025601	  0.061132	     -1.00	   3406.72	   3406.56	      2.80	      2.24	      5.88	      4.71	64.12	 1.902e-03	     -0.32	Gaussian	0.000000	0.000000
768	0	  0.025236	  0.062159	     -1.00	    444.60	   2397.05	      2.22	      2.22	      4.66	      4.66	77.47	 8.445e-04	     -0.32	Gaussian	0.000000	0.000000
769	0	  0.025893	  0.082506	     -1.00	   3564.74	   1799.57	      2.01	      1.85	      4.22	      3.89	89.53	 6.898e-04	     -0.32	Gaussian	0.000000	0.000000
770	0	  0.025573	  0.047113	     -1.00	   2014.34	    946.62	      3.04	      2.84	      6.40	      5.97	13.66	 2.303e-03	     -0.32	Gaussian	0.000000	0.000000
771	0	  0.025294	  0.045774	     -1.00	   5906.19	   2572.28	      3.77	      3.77	      7.93	      7.93	76.88	 4.491e-03	     -0.32	Gaussian	0.000000	0.000000
772	0	  0.025626	  0.084903	     -1.00	   3359.72	   3961.62	      1.99	      1.81	      4.18	      3.80	73.85	 6.541e-04	     -0.32	Gaussian	0.000000	0.000000
773	0	  0.026188	  0.087569	     -1.00	   4454.95	   2138.64	      1.90	      1.84	      3.99	      3.86	65.05	 2.276e-03	     -0.32	Gaussian	0.000000	0.000000
774	0	  0.024848	  0.025546	     -1.00	   1584.21	    835.30	      4.64	      2.59	      9.76	      5.44	59.10	 2.060e-03	     -0.32	Gaussian	0.000000	0.000000
775	0	  0.025514	  0.032116	     -1.00	   3714.37	   1986.12	      3.98	      2.72	      8.37	      5.72	86.95	 2.397e-03	     -0.32	Gaussian	0.000000	0.000000
776	0	  0.025524	  0.047821	     -1.00	   4970.66	   3076.21	      4.50	      2.34	      9.45	      4.92	-48.55	 3.850e-03	     -0.32	Gaussian	0.000000	0.000000
777	0	  0.025019	  0.049256	     -1.00	   5315.18	    407.41	      2.86	      2.57	      6.00	      5.41	14.31	 1.885e-03	     -0.32	Gaussian	0.000000	0.000000
778	0	  0.025715	  0.080444	     -1.00	   4421.88	   2797.40	      1.94	      1.94	      4.07	      4.07	-58.58	 7.135e-04	     -0.32	Gaussian	0.000000	0.000000
779	0	  0.025467	  0.071771	     -1.00	   1487.89	   3639.29	      2.26	      2.20	      4.75	      4.63	55.18	 1.122e-03	     -0.32	Gaussian	0.000000	0.000000
780	0	  0.025192	  0.061308	     -1.00	    562.92	   1526.60	      2.42	      2.02	      5.09	      4.25	8.71	 7.726e-04	     -0.32	Gaussian	0.000000	0.000000
781	0	  0.025060	  0.055182	     -1.00	    105.74	   1889.65	      2.33	      2.33	      4.90	      4.90	54.80	 9.190e-04	     -0.32	Gaussian	0.000000	0.000000
782	0	  0.025465	  0.077059	     -1.00	   5065.51	   3576.62	      2.13	      1.82	      4.48	      3.83	59.28	 6.691e-04	     -0.32	Gaussian	0.000000	0.000000
783	0	  0.025454	  0.075562	     -1.00	   2418.12	     83.81	      2.17	      1.83	      4.56	      3.85	33.03	 8.432e-04	     -0.32	Gaussian	0.000000	0.000000
784	0	  0.025320	  0.077451	     -1.00	   5196.33	   1336.78	      2.06	      1.88	      4.33	      3.94	50.89	 6.607e-04	     -0.32	Gaussian	0.000000	0.000000
785	0	  0.025598	  0.080870	     -1.00	   3471.06	   4142.96	      2.02	      1.83	      4.25	      3.84	74.82	 7.179e-04	     -0.32	Gaussian	0.000000	0.000000
786	0	  0.025664	  0.083780	     -1.00	   3667.10	    976.90	      1.94	      1.84	      4.07	      3.86	68.63	 6.733e-04	     -0.32	Gaussian	0.000000	0.000000
787	0	  0.025443	  0.066573	     -1.00	    916.65	   1636.21	      2.27	      1.98	      4.77	      4.16	16.84	 7.623e-04	     -0.32	Gaussian	0.000000	0.000000
788	0	  0.025760	  0.079843	     -1.00	   2504.31	   1472.48	      1.98	      1.89	      4.16	      3.97	-78.80	 6.589e-04	     -0.32	Gaussian	0.000000	0.000000
789	0	  0.025109	  0.028058	     -1.00	   1733.15	   3934.21	      4.38	      2.62	      9.20	      5.50	83.32	 2.214e-03	     -0.32	Gaussian	0.000000	0.000000
790	0	  0.025582	  0.057757	     -1.00	   2670.55	    655.19	      3.46	      2.37	      7.27	      4.99	-89.84	 2.923e-03	     -0.32	Gaussian	0.000000	0.000000
791	0	  0.025546	  0.080767	     -1.00	   2856.79	    421.73	      2.02	      1.82	      4.25	      3.83	44.86	 6.785e-04	     -0.32	Gaussian	0.000000	0.000000
792	0	  0.025529	  0.071311	     -1.00	   1354.11	   1271.54	      2.14	      1.95	      4.50	      4.09	20.22	 6.475e-04	     -0.32	Gaussian	0.000000	0.000000
793	0	  0.025364	  0.054280	     -1.00	    443.98	   3873.62	      2.42	      2.25	      5.09	      4.72	-5.72	 1.115e-03	     -0.31	Gaussian	0.000000	0.000000
794	0	  0.025617	  0.077951	     -1.00	   1564.14	   2473.77	      1.95	      1.95	      4.10	      4.09	53.56	 6.790e-04	     -0.31	Gaussian	0.000000	0.000000
795	0	  0.025310	  0.064081	     -1.00	   2898.05	    199.37	      2.64	      2.24	      5.55	      4.70	56.32	 1.738e-03	     -0.31	Gaussian	0.000000	0.000000
796	0	  0.025438	  0.078672	     -1.00	   4919.31	   1548.68	      2.01	      1.87	      4.22	      3.92	51.21	 6.715e-04	     -0.31	Gaussian	0.000000	0.000000
797	0	  0.025175	  0.050162	     -1.00	    114.82	    401.68	      2.68	      2.19	      5.64	      4.60	-1.50	 1.657e-03	     -0.31	Gaussian	0.000000	0.000000
798	0	  0.025837	  0.079845	     -1.00	   2458.97	   2472.11	      2.02	      1.82	      4.25	      3.83	88.22	 6.094e-04	     -0.31	Gaussian	0.000000	0.000000
799	0	  0.024808	  0.067144	     -1.00	   6335.07	    921.83	      2.37	      1.85	      4.97	      3.89	46.84	 8.288e-04	     -0.31	Gaussian	0.000000	0.000000
800	0	  0.025532	  0.079920	     -1.00	   5095.28	   2089.73	      1.98	      1.86	      4.15	      3.91	53.55	 6.220e-04	     -0.31	Gaussian	0.000000	0.000000
801	0	  0.025577	  0.033004	     -1.00	   3435.05	   3050.32	      3.60	      3.51	      7.57	      7.38	75.76	 3.172e-03	     -0.31	Gaussian	0.000000	0.000000
802	0	  0.025230	  0.063587	     -1.00	   5587.04	   3688.52	      2.44	      2.26	      5.13	      4.74	21.86	 1.351e-03	     -0.31	Gaussian	0.000000	0.000000
803	0	  0.025728	  0.055373	     -1.00	   4096.20	   2001.46	      2.58	      2.28	      5.43	      4.79	10.56	 1.640e-03	     -0.31	Gaussian	0.000000	0.000000
804	0	  0.025841	  0.054233	     -1.00	   4305.61	   2102.94	      1.72	      1.54	      3.60	      3.23	71.12	 3.946e-03	     -0.31	Gaussian	0.000000	0.000000
805	0	  0.025295	  0.063200	     -1.00	   1094.70	    748.01	      2.37	      1.96	      4.97	      4.12	14.81	 7.885e-04	     -0.31	Gaussian	0.000000	0.000000
806	0	  0.024954	  0.051336	     -1.00	   6122.42	   2288.03	      3.10	      2.50	      6.51	      5.25	71.70	 1.982e-03	     -0.31	Gaussian	0.000000	0.000000
807	0	  0.025894	  0.051042	     -1.00	   3276.30	   2227.96	      2.71	      2.25	      5.69	      4.73	-49.48	 1.639e-03	     -0.31	Gaussian	0.000000	0.000000
808	0	  0.025058	  0.057067	     -1.00	   1038.53	    126.93	      2.26	      2.26	      4.75	      4.75	56.91	 1.009e-03	     -0.31	Gaussian	0.000000	0.000000
809	0	  0.025248	  0.073292	     -1.00	   5442.30	   3745.61	      2.14	      1.86	      4.49	      3.91	54.39	 7.300e-04	     -0.31	Gaussian	0.000000	0.000000
810	0	  0.025677	  0.082424	     -1.00	   3228.04	    701.82	      1.94	      1.82	      4.07	      3.83	61.40	 7.178e-04	     -0.31	Gaussian	0.000000	0.000000
811	0	  0.025616	  0.040017	     -1.00	   2186.43	   3283.99	      3.38	      3.22	      7.10	      6.76	87.71	 3.199e-03	     -0.31	Gaussian	0.000000	0.000000
812	0	  0.025768	  0.081699	     -1.00	   2652.50	   1293.87	      1.89	      1.88	      3.96	      3.96	13.63	 6.961e-04	     -0.31	Gaussian	0.000000	0.000000
813	0	  0.025505	  0.032076	     -1.00	   3561.73	   2083.00	      3.72	      3.44	      7.82	      7.23	70.33	 2.452e-03	     -0.31	Gaussian	0.000000	0.000000
814	0	  0.025665	  0.069683	     -1.00	   1996.40	   1790.98	      2.52	      2.45	      5.30	      5.14	59.88	 2.146e-03	     -0.31	Gaussian	0.000000	0.000000
815	0	  0.025098	  0.045935	     -1.00	   5765.63	    453.80	      1.97	      1.82	      4.13	      3.83	70.98	 3.053e-03	     -0.31	Gaussian	0.000000	0.000000
816	0	  0.025172	  0.049382	     -1.00	    302.75	   3759.64	      2.54	      2.31	      5.34	      4.86	-9.43	 1.028e-03	     -0.31	Gaussian	0.000000	0.000000
817	0	  0.025789	  0.045185	     -1.00	   3801.55	   2294.30	      3.22	      2.92	      6.76	      6.13	83.87	 2.300e-03	     -0.31	Gaussian	0.000000	0.000000
818	0	  0.025814	  0.078879	     -1.00	   2609.21	   2038.93	      1.97	      1.85	      4.15	      3.89	86.05	 6.360e-04	     -0.31	Gaussian	0.000000	0.000000
819	0	  0.025487	  0.066254	     -1.00	   4112.56	    685.83	      1.80	      1.56	      3.78	      3.28	33.09	 2.072e-03	     -0.31	Gaussian	0.000000	0.000000
820	0	  0.025678	  0.081762	     -1.00	   3742.12	    866.89	      1.93	      1.82	      4.06	      3.83	60.28	 6.695e-04	     -0.31	Gaussian	0.000000	0.000000
821	0	  0.025203	  0.042427	     -1.00	   1259.38	    467.39	      1.69	      1.45	      3.56	      3.05	74.16	 3.130e-03	     -0.31	Gaussian	0.000000	0.000000
822	0	  0.025347	  0.045931	     -1.00	   4276.56	    663.52	      3.12	      2.82	      6.56	      5.93	76.34	 2.333e-03	     -0.31	Gaussian	0.000000	0.000000
823	0	  0.025589	  0.033036	     -1.00	   1821.62	   2098.12	      3.89	      2.34	      8.18	      4.92	65.76	 2.635e-03	     -0.31	Gaussian	0.000000	0.000000
824	0	  0.025176	  0.054618	     -1.00	    974.27	    327.00	      3.14	      2.87	      6.60	      6.03	73.78	 2.164e-03	     -0.30	Gaussian	0.000000	0.000000
825	0	  0.025806	  0.077918	     -1.00	   2565.39	   1994.67	      1.94	      1.88	      4.08	      3.96	83.05	 6.166e-04	     -0.30	Gaussian	0.000000	0.000000
826	0	  0.025819	  0.056754	     -1.00	   2580.40	   1039.21	      1.62	      1.43	      3.41	      3.00	11.22	 3.326e-03	     -0.30	Gaussian	0.000000	0.000000
827	0	  0.025011	  0.068204	     -1.00	   6070.04	    882.43	      1.94	      1.84	      4.07	      3.86	67.18	 1.350e-03	     -0.30	Gaussian	0.000000	0.000000
828	0	  0.025212	  0.051655	     -1.00	    970.74	   1740.27	      2.92	      2.15	      6.14	      4.51	63.90	 1.565e-03	     -0.30	Gaussian	0.000000	0.000000
829	0	  0.025424	  0.047162	     -1.00	    613.47	   2500.76	      1.64	      1.57	      3.45	      3.31	78.96	 3.201e-03	     -0.30	Gaussian	0.000000	0.000000
830	0	  0.025596	  0.078143	     -1.00	   4914.84	   2159.97	      1.99	      1.82	      4.19	      3.82	57.53	 6.408e-04	     -0.30	Gaussian	0.000000	0.000000
831	0	  0.024642	  0.058005	     -1.00	   6342.69	    597.00	      2.58	      1.89	      5.42	      3.97	46.54	 8.329e-04	     -0.30	Gaussian	0.000000	0.000000
832	0	  0.025433	  0.074554	     -1.00	   4680.55	   3629.94	      2.08	      1.82	      4.38	      3.82	59.66	 6.492e-04	     -0.30	Gaussian	0.000000	0.000000
833	0	  0.025293	  0.033971	     -1.00	   4044.39	   1690.16	      3.86	      2.51	      8.12	      5.27	78.76	 2.163e-03	     -0.30	Gaussian	0.000000	0.000000
834	0	  0.025696	  0.034641	     -1.00	   3422.90	   2127.36	      3.85	      3.81	      8.09	      8.02	78.64	 3.502e-03	     -0.30	Gaussian	0.000000	0.000000
835	0	  0.025716	  0.052861	     -1.00	   2433.13	   3393.58	      2.94	      2.55	      6.17	      5.36	2.54	 2.447e-03	     -0.30	Gaussian	0.000000	0.000000
836	0	  0.025294	  0.076362	     -1.00	   5456.73	   1564.83	      2.04	      1.80	      4.29	      3.79	47.63	 7.023e-04	     -0.30	Gaussian	0.000000	0.000000
837	0	  0.025408	  0.074789	     -1.00	   3727.70	     77.97	      2.04	      1.84	      4.29	      3.86	52.84	 7.043e-04	     -0.30	Gaussian	0.000000	0.000000
838	0	  0.025506	  0.075197	     -1.00	   4320.20	   3691.88	      2.04	      1.83	      4.28	      3.84	64.84	 6.386e-04	     -0.30	Gaussian	0.000000	0.000000
839	0	  0.025573	  0.069776	     -1.00	   1506.00	   3499.52	      2.02	      1.98	      4.25	      4.17	-17.89	 8.147e-04	     -0.30	Gaussian	0.000000	0.000000
840	0	  0.025022	  0.066258	     -1.00	   5580.31	   4230.71	      2.24	      1.89	      4.70	      3.97	59.13	 7.399e-04	     -0.30	Gaussian	0.000000	0.000000
841	0	  0.025631	  0.051079	     -1.00	   3316.58	   3805.20	      3.33	      1.89	      7.01	      3.96	41.61	 2.282e-03	     -0.30	Gaussian	0.000000	0.000000
842	0	  0.025917	  0.058333	     -1.00	   3057.19	   2146.15	      1.62	      1.31	      3.41	      2.75	66.39	 3.146e-03	     -0.30	Gaussian	0.000000	0.000000
843	0	  0.025307	  0.042782	     -1.00	    985.36	   3341.11	      3.35	      3.24	      7.03	      6.80	-88.53	 2.609e-03	     -0.30	Gaussian	0.000000	0.000000
844	0	  0.025230	  0.063604	     -1.00	   2056.52	     44.04	      2.32	      1.89	      4.87	      3.97	29.03	 6.899e-04	     -0.30	Gaussian	0.000000	0.000000
845	0	  0.025554	  0.053410	     -1.00	   4485.01	   1265.65	      2.82	      2.33	      5.94	      4.90	4.52	 1.996e-03	     -0.30	Gaussian	0.000000	0.000000
846	0	  0.025395	  0.032843	     -1.00	   3158.38	   3556.51	      3.87	      2.22	      8.13	      4.66	56.45	 1.893e-03	     -0.30	Gaussian	0.000000	0.000000
847	0	  0.025358	  0.041458	     -1.00	   3028.85	    247.59	      3.28	      3.21	      6.90	      6.74	74.40	 2.920e-03	     -0.30	Gaussian	0.000000	0.000000
848	0	  0.024954	  0.030259	     -1.00	   6020.83	    468.99	      1.83	      1.20	      3.85	      2.53	74.62	 4.629e-03	     -0.30	Gaussian	0.000000	0.000000
849	0	  0.025321	  0.053065	     -1.00	    443.88	   1034.49	      2.29	      2.29	      4.81	      4.81	70.62	 1.245e-03	     -0.30	Gaussian	0.000000	0.000000
850	0	  0.025058	  0.057470	     -1.00	   1276.82	    219.63	      2.45	      1.97	      5.15	      4.13	23.03	 6.836e-04	     -0.30	Gaussian	0.000000	0.000000
851	0	  0.025448	  0.072272	     -1.00	   4498.82	   3911.26	      2.12	      1.80	      4.46	      3.79	66.42	 6.058e-04	     -0.30	Gaussian	0.000000	0.000000
852	0	  0.025005	  0.067108	     -1.00	   5770.19	    782.83	      2.20	      1.87	      4.62	      3.93	42.36	 7.118e-04	     -0.30	Gaussian	0.000000	0.000000
853	0	  0.025578	  0.033414	     -1.00	   1833.10	   1864.75	      3.96	      3.08	      8.32	      6.47	35.44	 3.080e-03	     -0.30	Gaussian	0.000000	0.000000
854	0	  0.025676	  0.052249	     -1.00	   3752.57	   3269.96	      3.17	      3.14	      6.67	      6.61	76.16	 3.283e-03	     -0.30	Gaussian	0.000000	0.000000
855	0	  0.025774	  0.077023	     -1.00	   2647.73	   2032.93	      1.99	      1.80	      4.18	      3.77	-88.87	 6.035e-04	     -0.29	Gaussian	0.000000	0.000000
856	0	  0.025306	  0.061413	     -1.00	   1643.59	    323.75	      2.32	      1.93	      4.87	      4.06	24.44	 7.273e-04	     -0.29	Gaussian	0.000000	0.000000
857	0	  0.025632	  0.076987	     -1.00	   2859.81	    487.78	      1.96	      1.82	      4.13	      3.82	47.30	 7.028e-04	     -0.29	Gaussian	0.000000	0.000000
858	0	  0.025715	  0.075679	     -1.00	   3818.89	   3406.50	      1.90	      1.90	      4.00	      4.00	16.05	 6.641e-04	     -0.29	Gaussian	0.000000	0.000000
859	0	  0.025584	  0.061918	     -1.00	   2105.58	   1217.16	      2.65	      2.21	      5.57	      4.64	56.20	 1.573e-03	     -0.29	Gaussian	0.000000	0.000000
860	0	  0.025529	  0.070821	     -1.00	   1496.65	   2871.97	      1.97	      1.97	      4.14	      4.14	-78.42	 6.644e-04	     -0.29	Gaussian	0.000000	0.000000
861	0	  0.025001	  0.052303	     -1.00	    785.79	    369.84	      2.39	      2.20	      5.02	      4.62	26.56	 7.828e-04	     -0.29	Gaussian	0.000000	0.000000
862	0	  0.025542	  0.051606	     -1.00	   3884.59	    283.79	      1.77	      1.59	      3.72	      3.35	68.33	 3.201e-03	     -0.29	Gaussian	0.000000	0.000000
863	0	  0.025460	  0.066219	     -1.00	   1945.65	    513.59	      2.21	      1.86	      4.66	      3.92	32.83	 7.150e-04	     -0.29	Gaussian	0.000000	0.000000
864	0	  0.024647	  0.024033	     -1.00	    664.17	    728.18	      4.89	      2.62	     10.29	      5.51	72.34	 1.769e-03	     -0.29	Gaussian	0.000000	0.000000
865	0	  0.025006	  0.038400	     -1.00	    690.98	   1076.63	      3.37	      2.11	      7.08	      4.43	4.65	 6.878e-04	     -0.29	Gaussian	0.000000	0.000000
866	0	  0.025148	  0.066314	     -1.00	   4662.44	     76.69	      2.18	      1.88	      4.58	      3.96	43.97	 6.653e-04	     -0.29	Gaussian	0.000000	0.000000
867	0	  0.025862	  0.045546	     -1.00	   1174.62	   3616.55	      1.70	      1.64	      3.57	      3.44	80.35	 3.466e-03	     -0.29	Gaussian	0.000000	0.000000
868	0	  0.025805	  0.048492	     -1.00	   3042.50	   2271.11	      2.97	      2.52	      6.23	      5.29	85.68	 1.987e-03	     -0.29	Gaussian	0.000000	0.000000
869	0	  0.025260	  0.048262	     -1.00	   4651.02	    227.47	      3.17	      2.42	      6.66	      5.08	10.15	 2.155e-03	     -0.29	Gaussian	0.000000	0.000000
870	0	  0.024920	  0.064339	     -1.00	   6237.89	   2755.48	      2.24	      1.88	      4.70	      3.95	54.48	 7.108e-04	     -0.29	Gaussian	0.000000	0.000000
871	0	  0.025509	  0.037918	     -1.00	   2319.29	   3307.36	      3.77	      2.68	      7.93	      5.64	64.26	 2.452e-03	     -0.29	Gaussian	0.000000	0.000000
872	0	  0.025673	  0.075134	     -1.00	   4236.16	   1535.89	      1.94	      1.85	      4.08	      3.88	79.46	 6.519e-04	     -0.29	Gaussian	0.000000	0.000000
873	0	  0.025936	  0.073620	     -1.00	   3525.98	   2413.84	      2.01	      1.83	      4.21	      3.84	87.65	 5.972e-04	     -0.29	Gaussian	0.000000	0.000000
874	0	  0.025550	  0.045301	     -1.00	   4640.32	   1743.24	      3.17	      2.69	      6.65	      5.65	81.03	 2.268e-03	     -0.29	Gaussian	0.000000	0.000000
875	0	  0.025017	  0.051192	     -1.00	   1005.07	    380.30	      2.40	      2.40	      5.04	      5.04	54.40	 8.666e-04	     -0.29	Gaussian	0.000000	0.000000
876	0	  0.025721	  0.076839	     -1.00	   3476.69	   2996.82	      1.92	      1.82	      4.03	      3.83	84.22	 5.920e-04	     -0.29	Gaussian	0.000000	0.000000
877	0	  0.025552	  0.061591	     -1.00	   1902.74	   3644.29	      1.97	      1.85	      4.15	      3.88	88.48	 9.653e-04	     -0.29	Gaussian	0.000000	0.000000
878	0	  0.024760	  0.033949	     -1.00	   5954.05	    588.47	      3.30	      3.30	      6.94	      6.94	69.46	 2.456e-03	     -0.29	Gaussian	0.000000	0.000000
879	0	  0.025651	  0.072158	     -1.00	   2373.03	    982.76	      1.97	      1.89	      4.13	      3.97	51.15	 6.720e-04	     -0.29	Gaussian	0.000000	0.000000
880	0	  0.025133	  0.049818	     -1.00	    517.44	   1087.63	      2.32	      2.31	      4.87	      4.86	60.86	 9.627e-04	     -0.29	Gaussian	0.000000	0.000000
881	0	  0.025719	  0.075731	     -1.00	   2194.90	   3339.75	      1.91	      1.84	      4.02	      3.88	88.53	 6.313e-04	     -0.29	Gaussian	0.000000	0.000000
882	0	  0.024509	  0.033911	     -1.00	   6368.30	   1271.06	      3.45	      2.74	      7.24	      5.77	68.96	 1.656e-03	     -0.29	Gaussian	0.000000	0.000000
883	0	  0.025187	  0.060051	     -1.00	   1431.98	    564.74	      2.34	      1.90	      4.91	      3.99	23.91	 6.372e-04	     -0.29	Gaussian	0.000000	0.000000
884	0	  0.025433	  0.024685	     -1.00	   3070.88	   3555.02	      4.26	      4.17	      8.95	      8.76	87.97	 3.185e-03	     -0.29	Gaussian	0.000000	0.000000
885	0	  0.025233	  0.066719	     -1.00	   4588.88	     16.51	      2.16	      1.85	      4.53	      3.88	46.21	 6.762e-04	     -0.29	Gaussian	0.000000	0.000000
886	0	  0.025019	  0.063366	     -1.00	   6064.27	   1637.87	      2.23	      1.88	      4.68	      3.95	46.14	 7.000e-04	     -0.29	Gaussian	0.000000	0.000000
887	0	  0.025199	  0.044398	     -1.00	    916.30	   3568.33	      2.67	      2.44	      5.61	      5.13	67.31	 1.033e-03	     -0.29	Gaussian	0.000000	0.000000
888	0	  0.025545	  0.030804	     -1.00	   4078.00	   2743.36	      3.63	      3.60	      7.64	      7.57	74.44	 2.882e-03	     -0.29	Gaussian	0.000000	0.000000
889	0	  0.025661	  0.048278	     -1.00	    147.02	   3608.87	      2.34	      2.34	      4.92	      4.92	64.46	 2.726e-03	     -0.28	Gaussian	0.000000	0.000000
890	0	  0.025366	  0.069793	     -1.00	   4549.95	   4063.74	      2.12	      1.79	      4.45	      3.76	64.34	 6.227e-04	     -0.28	Gaussian	0.000000	0.000000
891	0	  0.024993	  0.050389	     -1.00	    309.96	   1854.62	      2.28	      2.28	      4.80	      4.80	57.65	 8.006e-04	     -0.28	Gaussian	0.000000	0.000000
892	0	  0.025642	  0.072954	     -1.00	   2139.90	   3259.60	      1.92	      1.88	      4.03	      3.95	78.81	 5.744e-04	     -0.28	Gaussian	0.000000	0.000000
893	0	  0.025493	  0.022169	     -1.00	   3716.14	   1966.18	      4.53	      3.63	      9.51	      7.62	73.80	 2.768e-03	     -0.28	Gaussian	0.000000	0.000000
894	0	  0.025680	  0.072272	     -1.00	   4264.94	   1495.85	      1.95	      1.86	      4.10	      3.91	74.34	 6.339e-04	     -0.28	Gaussian	0.000000	0.000000
895	0	  0.024933	  0.049659	     -1.00	    662.79	    441.05	      2.30	      2.29	      4.83	      4.82	44.91	 8.515e-04	     -0.28	Gaussian	0.000000	0.000000
896	0	  0.025243	  0.051626	     -1.00	   4799.37	   4130.25	      2.79	      2.06	      5.86	      4.32	40.76	 1.115e-03	     -0.28	Gaussian	0.000000	0.000000
897	0	  0.024882	  0.031069	     -1.00	    519.51	    216.69	      2.10	      2.09	      4.41	      4.38	80.37	 2.115e-03	     -0.28	Gaussian	0.000000	0.000000
898	0	  0.025506	  0.062372	     -1.00	   1352.90	   1283.98	      2.17	      1.93	      4.56	      4.05	18.72	 6.560e-04	     -0.28	Gaussian	0.000000	0.000000
899	0	  0.024869	  0.061808	     -1.00	   5879.95	    536.67	      2.30	      1.83	      4.83	      3.85	43.02	 7.467e-04	     -0.28	Gaussian	0.000000	0.000000
900	0	  0.024925	  0.025763	     -1.00	    694.05	    737.24	      3.73	      3.36	      7.83	      7.06	79.07	 1.884e-03	     -0.28	Gaussian	0.000000	0.000000
901	0	  0.025216	  0.052951	     -1.00	   1091.00	    648.81	      2.48	      1.98	      5.21	      4.17	17.28	 7.004e-04	     -0.28	Gaussian	0.000000	0.000000
902	0	  0.025736	  0.031379	     -1.00	   2537.18	   1703.08	      1.62	      1.60	      3.41	      3.37	27.31	 4.517e-03	     -0.28	Gaussian	0.000000	0.000000
903	0	  0.025673	  0.072423	     -1.00	   3181.26	   3649.77	      1.96	      1.82	      4.12	      3.83	86.89	 5.998e-04	     -0.28	Gaussian	0.000000	0.000000
904	0	  0.025086	  0.034686	     -1.00	    890.01	   1166.16	      3.56	      2.66	      7.49	      5.60	6.43	 1.581e-03	     -0.28	Gaussian	0.000000	0.000000
905	0	  0.025172	  0.057267	     -1.00	    973.89	   1152.89	      2.31	      1.95	      4.86	      4.10	15.65	 6.711e-04	     -0.28	Gaussian	0.000000	0.000000
906	0	  0.025877	  0.044915	     -1.00	   3227.31	   2521.44	      3.03	      2.52	      6.37	      5.29	9.01	 2.099e-03	     -0.28	Gaussian	0.000000	0.000000
907	0	  0.025619	  0.033622	     -1.00	   3368.45	   3622.05	      3.41	      3.28	      7.18	      6.90	81.84	 2.874e-03	     -0.28	Gaussian	0.000000	0.000000
908	0	  0.025773	  0.069071	     -1.00	   3821.51	   1798.96	      2.01	      1.86	      4.21	      3.91	86.43	 6.062e-04	     -0.28	Gaussian	0.000000	0.000000
909	0	  0.025164	  0.027417	     -1.00	   1198.82	    597.92	      1.85	      1.84	      3.88	      3.87	67.83	 2.888e-03	     -0.28	Gaussian	0.000000	0.000000
910	0	  0.025497	  0.031601	     -1.00	    961.84	   2341.10	      1.73	      1.67	      3.63	      3.51	19.21	 3.561e-03	     -0.28	Gaussian	0.000000	0.000000
911	0	  0.025720	  0.072055	     -1.00	   2569.46	   1563.94	      1.92	      1.86	      4.04	      3.90	-88.21	 5.611e-04	     -0.28	Gaussian	0.000000	0.000000
912	0	  0.024873	  0.040774	     -1.00	     75.98	    940.73	      2.83	      2.23	      5.95	      4.69	1.38	 9.834e-04	     -0.28	Gaussian	0.000000	0.000000
913	0	  0.025702	  0.042776	     -1.00	   2873.08	   2214.77	      3.72	      2.16	      7.81	      4.53	49.00	 2.515e-03	     -0.28	Gaussian	0.000000	0.000000
914	0	  0.025467	  0.045584	     -1.00	   5012.31	   2531.53	      3.21	      2.55	      6.74	      5.36	10.28	 2.340e-03	     -0.28	Gaussian	0.000000	0.000000
915	0	  0.025739	  0.068759	     -1.00	   4080.46	   2273.01	      1.81	      1.74	      3.80	      3.66	65.65	 9.957e-04	     -0.28	Gaussian	0.000000	0.000000
916	0	  0.025032	  0.024989	     -1.00	   1842.30	   4025.18	      4.06	      2.85	      8.53	      5.99	-88.58	 1.848e-03	     -0.28	Gaussian	0.000000	0.000000
917	0	  0.025030	  0.048078	     -1.00	    337.40	   2436.71	      2.30	      2.30	      4.84	      4.84	77.93	 7.246e-04	     -0.28	Gaussian	0.000000	0.000000
918	0	  0.025675	  0.051573	     -1.00	   2561.72	   1726.31	      3.03	      2.04	      6.36	      4.29	52.30	 1.838e-03	     -0.28	Gaussian	0.000000	0.000000
919	0	  0.025711	  0.072006	     -1.00	   3632.74	   1453.73	      1.94	      1.82	      4.08	      3.82	81.82	 6.171e-04	     -0.28	Gaussian	0.000000	0.000000
920	0	  0.025650	  0.047400	     -1.00	   3274.33	   1767.33	      3.99	      2.37	      8.39	      4.98	3.49	 3.210e-03	     -0.28	Gaussian	0.000000	0.000000
921	0	  0.024992	  0.048558	     -1.00	    829.28	    450.79	      2.58	      2.04	      5.42	      4.28	14.86	 6.680e-04	     -0.28	Gaussian	0.000000	0.000000
922	0	  0.025610	  0.068277	     -1.00	   2317.16	    873.01	      1.96	      1.91	      4.12	      4.00	40.39	 6.513e-04	     -0.28	Gaussian	0.000000	0.000000
923	0	  0.024869	  0.061430	     -1.00	   5864.03	   1203.99	      2.21	      1.87	      4.64	      3.93	45.47	 6.617e-04	     -0.27	Gaussian	0.000000	0.000000
924	0	  0.025299	  0.040679	     -1.00	   4688.63	   1775.19	      3.35	      2.39	      7.03	      5.03	62.22	 1.984e-03	     -0.27	Gaussian	0.000000	0.000000
925	0	  0.025390	  0.060499	     -1.00	   1101.18	   2978.81	      2.04	      2.04	      4.30	      4.30	73.40	 6.869e-04	     -0.27	Gaussian	0.000000	0.000000
926	0	  0.024906	  0.059097	     -1.00	   5930.27	   3862.88	      2.27	      1.88	      4.77	      3.96	56.26	 6.993e-04	     -0.27	Gaussian	0.000000	0.000000
927	0	  0.025035	  0.024608	     -1.00	   4419.37	   3822.24	      4.39	      2.40	      9.23	      5.05	68.51	 1.700e-03	     -0.27	Gaussian	0.000000	0.000000
928	0	  0.025471	  0.042865	     -1.00	   1914.42	    959.20	      3.28	      2.51	      6.89	      5.28	73.72	 2.017e-03	     -0.27	Gaussian	0.000000	0.000000
929	0	  0.025396	  0.067708	     -1.00	   4497.52	    730.75	      2.00	      1.85	      4.20	      3.90	52.95	 5.634e-04	     -0.27	Gaussian	0.000000	0.000000
930	0	  0.025345	  0.056454	     -1.00	   1034.01	   3441.76	      2.21	      2.01	      4.65	      4.22	-10.37	 6.984e-04	     -0.27	Gaussian	0.000000	0.000000
931	0	  0.025373	  0.037577	     -1.00	    466.38	   3695.49	      3.62	      3.58	      7.62	      7.52	89.47	 2.992e-03	     -0.27	Gaussian	0.000000	0.000000
932	0	  0.025689	  0.047197	     -1.00	   3090.02	   3377.57	      2.61	      2.29	      5.49	      4.82	2.27	 1.656e-03	     -0.27	Gaussian	0.000000	0.000000
933	0	  0.025275	  0.047814	     -1.00	    740.96	   4073.26	      2.40	      2.18	      5.05	      4.57	-8.19	 8.720e-04	     -0.27	Gaussian	0.000000	0.000000
934	0	  0.024965	  0.036267	     -1.00	    197.93	   4233.70	      2.62	      2.62	      5.51	      5.50	-46.09	 1.012e-03	     -0.27	Gaussian	0.000000	0.000000
935	0	  0.024985	  0.047729	     -1.00	    280.78	   1819.65	      2.28	      2.28	      4.80	      4.80	47.82	 7.749e-04	     -0.27	Gaussian	0.000000	0.000000
936	0	  0.025540	  0.049021	     -1.00	   4312.59	   2848.44	      2.86	      2.27	      6.01	      4.77	62.53	 1.409e-03	     -0.27	Gaussian	0.000000	0.000000
937	0	  0.025611	  0.042233	     -1.00	   3330.34	   3442.34	      3.52	      2.58	      7.41	      5.41	56.08	 2.301e-03	     -0.27	Gaussian	0.000000	0.000000
938	0	  0.025378	  0.054221	     -1.00	   4995.17	   1592.59	      2.58	      2.25	      5.42	      4.73	22.06	 1.434e-03	     -0.27	Gaussian	0.000000	0.000000
939	0	  0.025365	  0.046758	     -1.00	   5406.47	   3840.15	      1.57	      1.40	      3.30	      2.95	13.06	 3.173e-03	     -0.27	Gaussian	0.000000	0.000000
940	0	  0.025027	  0.025686	     -1.00	   1793.75	    911.39	      4.16	      2.46	      8.74	      5.16	48.16	 1.649e-03	     -0.27	Gaussian	0.000000	0.000000
941	0	  0.025211	  0.054972	     -1.00	   1267.70	    525.81	      2.35	      1.92	      4.93	      4.03	21.70	 6.506e-04	     -0.27	Gaussian	0.000000	0.000000
942	0	  0.024909	  0.045302	     -1.00	     32.99	   2648.35	      2.34	      2.34	      4.91	      4.91	73.14	 7.569e-04	     -0.27	Gaussian	0.000000	0.000000
943	0	  0.025547	  0.064773	     -1.00	   2217.11	   3898.98	      2.00	      1.91	      4.20	      4.01	-85.36	 6.286e-04	     -0.27	Gaussian	0.000000	0.000000
944	0	  0.025653	  0.051381	     -1.00	   2533.96	   1941.42	      2.19	      2.19	      4.60	      4.60	9.50	 8.311e-04	     -0.27	Gaussian	0.000000	0.000000
945	0	  0.025317	  0.064858	     -1.00	   5181.62	   3447.76	      2.05	      1.85	      4.31	      3.88	56.29	 6.355e-04	     -0.27	Gaussian	0.000000	0.000000
946	0	  0.025478	  0.060115	     -1.00	   1293.10	   1884.71	      2.08	      1.96	      4.38	      4.12	18.24	 6.234e-04	     -0.27	Gaussian	0.000000	0.000000
947	0	  0.025742	  0.030592	     -1.00	   3364.95	   2213.29	      3.07	      3.03	      6.45	      6.37	76.06	 2.208e-03	     -0.27	Gaussian	0.000000	0.000000
948	0	  0.025433	  0.060058	     -1.00	   1774.47	    218.93	      1.37	      1.37	      2.88	      2.87	44.81	 3.024e-03	     -0.27	Gaussian	0.000000	0.000000
949	0	  0.025076	  0.059936	     -1.00	   5248.08	    372.95	      2.20	      1.86	      4.62	      3.92	44.27	 6.670e-04	     -0.27	Gaussian	0.000000	0.000000
950	0	  0.025179	  0.023905	     -1.00	   1166.31	   1130.01	      4.30	      3.54	      9.05	      7.45	82.80	 2.694e-03	     -0.27	Gaussian	0.000000	0.000000
951	0	  0.025517	  0.047168	     -1.00	   4519.08	   3316.65	      2.86	      2.35	      6.00	      4.95	15.59	 1.760e-03	     -0.27	Gaussian	0.000000	0.000000
952	0	  0.025522	  0.045643	     -1.00	   3261.38	    560.29	      3.34	      2.54	      7.02	      5.34	39.46	 2.207e-03	     -0.27	Gaussian	0.000000	0.000000
953	0	  0.025615	  0.066621	     -1.00	   2058.98	   1612.87	      1.95	      1.88	      4.09	      3.95	30.52	 5.435e-04	     -0.27	Gaussian	0.000000	0.000000
954	0	  0.024941	  0.042270	     -1.00	    151.38	   1721.51	      2.40	      2.40	      5.05	      5.05	75.96	 7.273e-04	     -0.27	Gaussian	0.000000	0.000000
955	0	  0.025239	  0.061242	     -1.00	   4639.71	    222.01	      2.11	      1.88	      4.43	      3.94	50.62	 6.216e-04	     -0.26	Gaussian	0.000000	0.000000
956	0	  0.025028	  0.058275	     -1.00	   5342.81	    458.67	      2.22	      1.88	      4.66	      3.94	46.53	 6.162e-04	     -0.26	Gaussian	0.000000	0.000000
957	0	  0.025049	  0.043332	     -1.00	    231.33	   1947.68	      2.36	      2.36	      4.97	      4.97	68.61	 7.668e-04	     -0.26	Gaussian	0.000000	0.000000
958	0	  0.025810	  0.065590	     -1.00	   3358.99	   1882.60	      1.92	      1.92	      4.04	      4.03	32.38	 6.050e-04	     -0.26	Gaussian	0.000000	0.000000
959	0	  0.025339	  0.039530	     -1.00	   1604.40	    721.64	      3.24	      3.05	      6.81	      6.42	80.19	 2.385e-03	     -0.26	Gaussian	0.000000	0.000000
960	0	  0.025567	  0.027597	     -1.00	   2719.01	   3279.38	      3.79	      3.74	      7.98	      7.87	73.48	 2.842e-03	     -0.26	Gaussian	0.000000	0.000000
961	0	  0.025624	  0.062947	     -1.00	   2766.91	    989.24	      2.03	      1.88	      4.26	      3.96	67.19	 6.206e-04	     -0.26	Gaussian	0.000000	0.000000
962	0	  0.025285	  0.058813	     -1.00	   4763.38	   3988.54	      2.27	      1.93	      4.78	      4.05	64.45	 5.981e-04	     -0.26	Gaussian	0.000000	0.000000
963	0	  0.025672	  0.063271	     -1.00	   1716.06	   2195.22	      1.58	      1.55	      3.32	      3.26	78.38	 1.759e-03	     -0.26	Gaussian	0.000000	0.000000
964	0	  0.025718	  0.053138	     -1.00	   2258.65	   1629.17	      1.66	      1.61	      3.50	      3.37	67.12	 2.607e-03	     -0.26	Gaussian	0.000000	0.000000
965	0	  0.025586	  0.038644	     -1.00	   1805.27	   1659.42	      3.46	      2.47	      7.27	      5.19	61.98	 2.066e-03	     -0.26	Gaussian	0.000000	0.000000
966	0	  0.024697	  0.039592	     -1.00	   6353.48	    969.48	      3.28	      3.09	      6.89	      6.50	74.50	 2.212e-03	     -0.26	Gaussian	0.000000	0.000000
967	0	  0.025591	  0.062838	     -1.00	   4030.32	   1526.64	      2.00	      1.91	      4.21	      4.00	-88.61	 5.555e-04	     -0.26	Gaussian	0.000000	0.000000
968	0	  0.025541	  0.063519	     -1.00	   2146.00	    839.75	      2.00	      1.88	      4.21	      3.95	26.79	 5.919e-04	     -0.26	Gaussian	0.000000	0.000000
969	0	  0.025643	  0.068634	     -1.00	   3380.72	   3884.71	      1.96	      1.79	      4.11	      3.75	79.18	 5.842e-04	     -0.26	Gaussian	0.000000	0.000000
970	0	  0.025710	  0.046034	     -1.00	   3281.01	   2565.35	      2.96	      2.59	      6.22	      5.44	27.40	 2.045e-03	     -0.26	Gaussian	0.000000	0.000000
971	0	  0.025034	  0.051248	     -1.00	    645.41	   1077.79	      2.23	      2.10	      4.69	      4.42	4.78	 7.536e-04	     -0.26	Gaussian	0.000000	0.000000
972	0	  0.025606	  0.060780	     -1.00	   3821.34	   3610.54	      1.79	      1.64	      3.76	      3.44	67.63	 1.235e-03	     -0.26	Gaussian	0.000000	0.000000
973	0	  0.025519	  0.063944	     -1.00	   2566.13	    540.91	      2.03	      1.84	      4.27	      3.87	43.30	 5.599e-04	     -0.26	Gaussian	0.000000	0.000000
974	0	  0.025767	  0.064028	     -1.00	   3101.15	   2488.08	      2.02	      1.84	      4.24	      3.87	87.83	 5.311e-04	     -0.26	Gaussian	0.000000	0.000000
975	0	  0.025730	  0.036248	     -1.00	   3639.69	   1663.38	      3.17	      3.00	      6.67	      6.31	79.16	 2.150e-03	     -0.26	Gaussian	0.000000	0.000000
976	0	  0.025680	  0.065506	     -1.00	   3420.82	   3208.44	      1.91	      1.91	      4.01	      4.01	-44.23	 6.039e-04	     -0.26	Gaussian	0.000000	0.000000
977	0	  0.024737	  0.036967	     -1.00	     99.42	    111.65	      2.54	      2.54	      5.33	      5.33	48.05	 1.006e-03	     -0.26	Gaussian	0.000000	0.000000
978	0	  0.025447	  0.065793	     -1.00	   3892.21	    376.88	      2.01	      1.80	      4.22	      3.78	45.48	 6.088e-04	     -0.26	Gaussian	0.000000	0.000000
979	0	  0.025020	  0.049544	     -1.00	   1429.40	     15.97	      2.43	      1.96	      5.12	      4.12	19.73	 6.427e-04	     -0.26	Gaussian	0.000000	0.000000
980	0	  0.025430	  0.058321	     -1.00	   1385.56	   1155.76	      2.17	      1.88	      4.55	      3.94	18.64	 6.601e-04	     -0.26	Gaussian	0.000000	0.000000
981	0	  0.025672	  0.065543	     -1.00	   3963.99	   1638.83	      1.96	      1.84	      4.11	      3.87	75.51	 5.400e-04	     -0.26	Gaussian	0.000000	0.000000
982	0	  0.024784	  0.041723	     -1.00	    319.79	    466.81	      2.43	      2.33	      5.10	      4.91	-13.62	 7.776e-04	     -0.26	Gaussian	0.000000	0.000000
983	0	  0.025545	  0.066276	     -1.00	   3252.90	    593.79	      1.96	      1.82	      4.11	      3.83	66.64	 6.033e-04	     -0.26	Gaussian	0.000000	0.000000
984	0	  0.025605	  0.042814	     -1.00	   2481.31	   2031.41	      3.96	      2.54	      8.33	      5.33	1.49	 3.050e-03	     -0.26	Gaussian	0.000000	0.000000
985	0	  0.025150	  0.063295	     -1.00	   5282.17	    678.84	      2.09	      1.78	      4.39	      3.74	42.23	 5.815e-04	     -0.26	Gaussian	0.000000	0.000000
986	0	  0.025520	  0.067059	     -1.00	   4064.90	    865.82	      1.92	      1.82	      4.04	      3.83	57.06	 5.807e-04	     -0.26	Gaussian	0.000000	0.000000
987	0	  0.025338	  0.032626	     -1.00	   1462.55	   3796.47	      3.29	      3.13	      6.92	      6.58	85.93	 1.933e-03	     -0.26	Gaussian	0.000000	0.000000
988	0	  0.025074	  0.046078	     -1.00	    312.82	   3240.81	      2.25	      2.25	      4.73	      4.73	52.40	 7.509e-04	     -0.25	Gaussian	0.000000	0.000000
989	0	  0.025588	  0.057272	     -1.00	   1818.65	   1138.17	      2.11	      1.94	      4.43	      4.08	38.85	 5.600e-04	     -0.25	Gaussian	0.000000	0.000000
990	0	  0.025489	  0.042155	     -1.00	   2479.12	   3819.32	      3.28	      2.72	      6.90	      5.72	20.29	 2.230e-03	     -0.25	Gaussian	0.000000	0.000000
991	0	  0.025791	  0.056737	     -1.00	   2593.60	   2459.56	      2.35	      2.09	      4.94	      4.39	65.20	 1.037e-03	     -0.25	Gaussian	0.000000	0.000000
992	0	  0.024471	  0.026477	     -1.00	   6356.41	   3863.27	      3.80	      2.32	      7.99	      4.87	26.58	 8.251e-04	     -0.25	Gaussian	0.000000	0.000000
993	0	  0.025785	  0.065277	     -1.00	   3240.43	   3338.68	      1.94	      1.84	      4.07	      3.86	73.22	 6.245e-04	     -0.25	Gaussian	0.000000	0.000000
994	0	  0.025621	  0.040711	     -1.00	   3821.07	   2341.42	      2.95	      2.48	      6.21	      5.21	20.77	 1.645e-03	     -0.25	Gaussian	0.000000	0.000000
995	0	  0.025767	  0.050495	     -1.00	   3876.07	   2978.59	      2.53	      2.31	      5.33	      4.86	6.32	 1.378e-03	     -0.25	Gaussian	0.000000	0.000000
996	0	  0.025438	  0.024645	     -1.00	   4525.54	   2565.05	      4.16	      4.16	      8.74	      8.73	85.76	 3.033e-03	     -0.25	Gaussian	0.000000	0.000000
997	0	  0.026011	  0.066730	     -1.00	   2327.94	   2901.90	      1.89	      1.84	      3.98	      3.86	84.52	 9.777e-04	     -0.25	Gaussian	0.000000	0.000000
998	0	  0.025164	  0.029888	     -1.00	   1795.47	   4226.93	      3.70	      3.69	      7.77	      7.75	-88.91	 2.585e-03	     -0.25	Gaussian	0.000000	0.000000
999	0	  0.025546	  0.051226	     -1.00	   4344.76	   1790.53	      2.44	      2.07	      5.12	      4.35	65.52	 9.588e-04	     -0.25	Gaussian	0.000000	0.000000
1000	0	  0.024868	  0.054717	     -1.00	   5750.96	    472.63	      2.28	      1.85	      4.80	      3.89	41.47	 6.422e-04	     -0.25	Gaussian	0.000000	0.000000
1001	0	  0.025157	  0.046918	     -1.00	   5058.32	    736.50	      2.86	      2.12	      6.02	      4.46	47.97	 1.169e-03	     -0.25	Gaussian	0.000000	0.000000
1002	0	  0.025565	  0.035688	     -1.00	   3882.56	   2934.48	      3.32	      2.92	      6.98	      6.15	78.64	 2.072e-03	     -0.25	Gaussian	0.000000	0.000000
1003	0	  0.025199	  0.033099	     -1.00	   1246.27	    798.57	      3.26	      3.09	      6.86	      6.49	79.71	 1.677e-03	     -0.25	Gaussian	0.000000	0.000000
1004	0	  0.025408	  0.055532	     -1.00	   1615.99	    995.32	      2.15	      1.92	      4.53	      4.04	29.55	 5.468e-04	     -0.25	Gaussian	0.000000	0.000000
1005	0	  0.025239	  0.047283	     -1.00	   1168.94	   4039.37	      2.20	      2.20	      4.63	      4.63	-87.82	 6.169e-04	     -0.25	Gaussian	0.000000	0.000000
1006	0	  0.025676	  0.064570	     -1.00	   3436.57	   1442.94	      1.89	      1.89	      3.96	      3.96	23.94	 6.115e-04	     -0.25	Gaussian	0.000000	0.000000
1007	0	  0.025296	  0.042630	     -1.00	   1053.63	   3194.09	      1.62	      1.48	      3.41	      3.10	57.23	 2.369e-03	     -0.25	Gaussian	0.000000	0.000000
1008	0	  0.025463	  0.030409	     -1.00	   3011.58	   1240.78	      3.75	      3.63	      7.87	      7.62	12.84	 2.848e-03	     -0.25	Gaussian	0.000000	0.000000
1009	0	  0.025370	  0.060741	     -1.00	   3908.96	    255.92	      2.05	      1.84	      4.31	      3.86	51.72	 6.522e-04	     -0.25	Gaussian	0.000000	0.000000
1010	0	  0.025759	  0.061397	     -1.00	   1650.87	   1890.17	      1.42	      1.13	      2.99	      2.38	61.69	 3.297e-03	     -0.25	Gaussian	0.000000	0.000000
1011	0	  0.024769	  0.039182	     -1.00	    525.70	    411.96	      2.67	      2.19	      5.62	      4.60	10.91	 6.296e-04	     -0.25	Gaussian	0.000000	0.000000
1012	0	  0.025495	  0.058056	     -1.00	   1727.18	   1308.79	      2.05	      1.91	      4.31	      4.02	23.40	 5.735e-04	     -0.25	Gaussian	0.000000	0.000000
1013	0	  0.025296	  0.049548	     -1.00	   1050.92	   3849.71	      2.15	      2.14	      4.51	      4.51	86.03	 7.120e-04	     -0.25	Gaussian	0.000000	0.000000
1014	0	  0.025095	  0.042902	     -1.00	    536.03	   3313.55	      2.30	      2.30	      4.84	      4.84	67.69	 6.321e-04	     -0.25	Gaussian	0.000000	0.000000
1015	0	  0.025687	  0.042101	     -1.00	   2690.40	   2025.27	      3.09	      2.16	      6.50	      4.53	36.48	 1.779e-03	     -0.25	Gaussian	0.000000	0.000000
1016	0	  0.025621	  0.062508	     -1.00	   2032.14	   1653.84	      1.92	      1.90	      4.04	      3.99	54.32	 5.586e-04	     -0.25	Gaussian	0.000000	0.000000
1017	0	  0.025332	  0.031187	     -1.00	   2295.92	    468.50	      3.20	      3.18	      6.73	      6.68	73.39	 2.203e-03	     -0.25	Gaussian	0.000000	0.000000
1018	0	  0.025818	  0.039433	     -1.00	   2846.75	   1817.90	      1.60	      1.48	      3.35	      3.12	68.49	 3.420e-03	     -0.25	Gaussian	0.000000	0.000000
1019	0	  0.024823	  0.041312	     -1.00	    623.74	    296.97	      2.61	      2.11	      5.49	      4.43	14.94	 6.440e-04	     -0.25	Gaussian	0.000000	0.000000
1020	0	  0.025342	  0.058665	     -1.00	   4857.82	   3906.37	      2.12	      1.82	      4.47	      3.83	67.78	 5.273e-04	     -0.25	Gaussian	0.000000	0.000000
1021	0	  0.025001	  0.055437	     -1.00	   6027.55	   2665.65	      2.19	      1.86	      4.61	      3.91	53.91	 6.089e-04	     -0.25	Gaussian	0.000000	0.000000
1022	0	  0.025347	  0.062780	     -1.00	   4928.53	   1124.88	      1.95	      1.84	      4.10	      3.86	64.07	 6.924e-04	     -0.25	Gaussian	0.000000	0.000000
1023	0	  0.025625	  0.039512	     -1.00	   3141.31	   3201.48	      2.89	      2.44	      6.08	      5.12	10.46	 1.709e-03	     -0.25	Gaussian	0.000000	0.000000
1024	0	  0.024888	  0.037479	     -1.00	    209.45	   1803.49	      2.45	      2.45	      5.15	      5.15	80.81	 6.933e-04	     -0.25	Gaussian	0.000000	0.000000
1025	0	  0.026999	  0.067480	     -1.00	   4375.91	   1887.50	      1.90	      1.75	      3.99	      3.69	82.95	 7.501e-03	     -0.25	Gaussian	0.000000	0.000000
1026	0	  0.025257	  0.055100	     -1.00	   1337.18	   1083.74	      2.16	      1.88	      4.53	      3.96	22.92	 5.889e-04	     -0.25	Gaussian	0.000000	0.000000
1027	0	  0.025664	  0.026182	     -1.00	   3449.43	   2220.02	      3.79	      3.79	      7.97	      7.96	83.28	 2.885e-03	     -0.25	Gaussian	0.000000	0.000000
1028	0	  0.025513	  0.062897	     -1.00	   2770.79	    710.90	      1.98	      1.80	      4.16	      3.78	45.49	 5.686e-04	     -0.25	Gaussian	0.000000	0.000000
1029	0	  0.024763	  0.052276	     -1.00	   6000.55	    746.04	      2.02	      1.91	      4.24	      4.02	45.06	 8.484e-04	     -0.25	Gaussian	0.000000	0.000000
1030	0	  0.025446	  0.061599	     -1.00	   5159.07	   1981.10	      1.99	      1.83	      4.18	      3.84	62.22	 6.515e-04	     -0.25	Gaussian	0.000000	0.000000
1031	0	  0.025254	  0.016485	     -1.00	   3452.03	    798.16	      4.91	      4.91	     10.32	     10.31	3.89	 2.963e-03	     -0.24	Gaussian	0.000000	0.000000
1032	0	  0.025146	  0.032803	     -1.00	   1090.18	    967.29	      3.16	      2.86	      6.64	      6.00	53.93	 1.310e-03	     -0.24	Gaussian	0.000000	0.000000
1033	0	  0.025403	  0.051315	     -1.00	   1518.93	   3951.47	      2.15	      2.02	      4.51	      4.24	-36.05	 5.990e-04	     -0.24	Gaussian	0.000000	0.000000
1034	0	  0.025639	  0.060610	     -1.00	   2923.91	   1142.90	      1.95	      1.87	      4.10	      3.94	70.01	 5.192e-04	     -0.24	Gaussian	0.000000	0.000000
1035	0	  0.025098	  0.024923	     -1.00	   5796.16	    424.24	      1.76	      1.76	      3.71	      3.70	50.46	 3.559e-03	     -0.24	Gaussian	0.000000	0.000000
1036	0	  0.025547	  0.048185	     -1.00	   2478.43	    915.10	      2.54	      2.13	      5.34	      4.48	44.24	 1.061e-03	     -0.24	Gaussian	0.000000	0.000000
1037	0	  0.024552	  0.035155	     -1.00	    100.73	    252.97	      2.51	      2.51	      5.27	      5.27	51.22	 7.597e-04	     -0.24	Gaussian	0.000000	0.000000
1038	0	  0.025814	  0.060844	     -1.00	   3901.01	   1469.89	      1.91	      1.90	      4.01	      3.99	64.87	 8.857e-04	     -0.24	Gaussian	0.000000	0.000000
1039	0	  0.025725	  0.045239	     -1.00	   2859.50	    686.38	      2.72	      1.93	      5.73	      4.05	33.26	 1.155e-03	     -0.24	Gaussian	0.000000	0.000000
1040	0	  0.025664	  0.033065	     -1.00	   2802.63	   2337.37	      3.14	      2.94	      6.60	      6.18	82.35	 1.648e-03	     -0.24	Gaussian	0.000000	0.000000
1041	0	  0.025082	  0.029342	     -1.00	   4350.21	   4066.56	      3.59	      2.25	      7.55	      4.72	50.62	 1.385e-03	     -0.24	Gaussian	0.000000	0.000000
1042	0	  0.025679	  0.059227	     -1.00	   2129.53	   3404.61	      1.95	      1.91	      4.10	      4.01	-87.95	 7.291e-04	     -0.24	Gaussian	0.000000	0.000000
1043	0	  0.025069	  0.046598	     -1.00	    677.56	   2239.02	      2.17	      2.17	      4.57	      4.57	87.06	 6.634e-04	     -0.24	Gaussian	0.000000	0.000000
1044	0	  0.024549	  0.044491	     -1.00	   5829.75	     31.68	      2.62	      1.89	      5.51	      3.97	42.48	 6.808e-04	     -0.24	Gaussian	0.000000	0.000000
1045	0	  0.024984	  0.044932	     -1.00	   5623.49	   1036.08	      2.88	      2.85	      6.06	      5.99	59.59	 2.113e-03	     -0.24	Gaussian	0.000000	0.000000
1046	0	  0.025215	  0.028528	     -1.00	   1487.54	   3834.50	      3.56	      3.44	      7.49	      7.24	86.87	 2.006e-03	     -0.24	Gaussian	0.000000	0.000000
1047	0	  0.025653	  0.060697	     -1.00	   2721.63	   3340.00	      1.99	      1.82	      4.18	      3.82	88.45	 5.013e-04	     -0.24	Gaussian	0.000000	0.000000
1048	0	  0.025301	  0.037351	     -1.00	   2513.50	     97.11	      3.03	      2.37	      6.38	      4.97	77.57	 1.608e-03	     -0.24	Gaussian	0.000000	0.000000
1049	0	  0.025660	  0.026373	     -1.00	   3263.93	   2352.36	      3.69	      3.69	      7.76	      7.76	79.39	 2.487e-03	     -0.24	Gaussian	0.000000	0.000000
1050	0	  0.025111	  0.022254	     -1.00	   3442.18	    735.34	      4.42	      2.38	      9.29	      5.00	20.92	 1.765e-03	     -0.24	Gaussian	0.000000	0.000000
1051	0	  0.025044	  0.053568	     -1.00	   4604.20	     75.82	      2.18	      1.87	      4.58	      3.94	44.47	 5.474e-04	     -0.24	Gaussian	0.000000	0.000000
1052	0	  0.025561	  0.045350	     -1.00	    969.24	   2181.59	      2.68	      2.54	      5.63	      5.33	69.60	 1.391e-03	     -0.24	Gaussian	0.000000	0.000000
1053	0	  0.024875	  0.036478	     -1.00	    473.09	   4009.08	      2.90	      2.65	      6.09	      5.57	1.76	 9.358e-04	     -0.24	Gaussian	0.000000	0.000000
1054	0	  0.025613	  0.060339	     -1.00	   3825.51	   1229.95	      1.95	      1.85	      4.11	      3.89	63.83	 5.553e-04	     -0.24	Gaussian	0.000000	0.000000
1055	0	  0.025475	  0.057190	     -1.00	   3533.93	   4057.39	      2.03	      1.87	      4.27	      3.94	80.35	 4.970e-04	     -0.24	Gaussian	0.000000	0.000000
1056	0	  0.025545	  0.059917	     -1.00	   3359.55	    803.96	      1.91	      1.91	      4.00	      4.00	-42.16	 5.205e-04	     -0.24	Gaussian	0.000000	0.000000
1057	0	  0.025389	  0.034114	     -1.00	   5023.52	   2184.43	      3.32	      2.97	      6.99	      6.25	79.51	 2.011e-03	     -0.24	Gaussian	0.000000	0.000000
1058	0	  0.025595	  0.058569	     -1.00	   4044.90	   3339.52	      1.93	      1.92	      4.06	      4.03	-68.51	 5.580e-04	     -0.24	Gaussian	0.000000	0.000000
1059	0	  0.024992	  0.017612	     -1.00	   1887.33	   4012.22	      4.79	      2.63	     10.07	      5.53	-85.85	 1.600e-03	     -0.24	Gaussian	0.000000	0.000000
1060	0	  0.025210	  0.022841	     -1.00	   1912.48	   3924.93	      3.99	      3.91	      8.38	      8.22	89.61	 2.461e-03	     -0.24	Gaussian	0.000000	0.000000
1061	0	  0.024758	  0.034170	     -1.00	    201.18	   4175.56	      2.52	      2.52	      5.30	      5.30	72.61	 6.572e-04	     -0.24	Gaussian	0.000000	0.000000
1062	0	  0.025409	  0.035036	     -1.00	   3200.50	   3651.01	      3.13	      2.10	      6.57	      4.41	77.98	 1.312e-03	     -0.24	Gaussian	0.000000	0.000000
1063	0	  0.025312	  0.049988	     -1.00	   1089.32	   2784.58	      2.08	      2.08	      4.38	      4.38	73.62	 6.030e-04	     -0.24	Gaussian	0.000000	0.000000
1064	0	  0.025746	  0.060506	     -1.00	   3348.96	   3737.77	      1.98	      1.80	      4.17	      3.79	79.57	 5.042e-04	     -0.24	Gaussian	0.000000	0.000000
1065	0	  0.025375	  0.059757	     -1.00	   4651.82	   3738.94	      2.04	      1.77	      4.29	      3.73	65.09	 5.440e-04	     -0.24	Gaussian	0.000000	0.000000
1066	0	  0.025346	  0.056972	     -1.00	   3031.36	    312.88	      2.04	      1.86	      4.30	      3.90	42.76	 5.780e-04	     -0.24	Gaussian	0.000000	0.000000
1067	0	  0.025392	  0.045741	     -1.00	   3996.35	   4090.54	      2.59	      2.11	      5.44	      4.43	70.03	 9.141e-04	     -0.24	Gaussian	0.000000	0.000000
1068	0	  0.025687	  0.058298	     -1.00	   3345.31	   1661.88	      1.99	      1.86	      4.18	      3.91	86.79	 4.930e-04	     -0.24	Gaussian	0.000000	0.000000
1069	0	  0.025185	  0.030019	     -1.00	   1203.67	    688.33	      3.14	      3.13	      6.60	      6.58	73.51	 1.539e-03	     -0.24	Gaussian	0.000000	0.000000
1070	0	  0.025127	  0.045364	     -1.00	   1174.96	    710.25	      2.40	      1.98	      5.04	      4.17	19.23	 5.495e-04	     -0.24	Gaussian	0.000000	0.000000
1071	0	  0.025314	  0.055272	     -1.00	   2829.65	    171.71	      2.10	      1.86	      4.42	      3.90	42.64	 5.160e-04	     -0.24	Gaussian	0.000000	0.000000
1072	0	  0.024992	  0.041277	     -1.00	    414.77	   1982.45	      2.29	      2.28	      4.80	      4.80	46.36	 6.825e-04	     -0.24	Gaussian	0.000000	0.000000
1073	0	  0.025682	  0.057776	     -1.00	   4265.77	   2024.00	      2.00	      1.86	      4.21	      3.91	86.79	 5.483e-04	     -0.24	Gaussian	0.000000	0.000000
1074	0	  0.024827	  0.034182	     -1.00	   6340.77	   2159.38	      3.10	      2.98	      6.51	      6.27	76.61	 1.780e-03	     -0.24	Gaussian	0.000000	0.000000
1075	0	  0.025214	  0.054001	     -1.00	   5372.65	   3796.02	      1.83	      1.63	      3.86	      3.44	53.24	 1.192e-03	     -0.24	Gaussian	0.000000	0.000000
1076	0	  0.025250	  0.056787	     -1.00	   3864.92	    138.64	      2.04	      1.85	      4.29	      3.88	55.32	 5.325e-04	     -0.24	Gaussian	0.000000	0.000000
1077	0	  0.025578	  0.059417	     -1.00	   2769.28	    900.80	      1.95	      1.85	      4.11	      3.88	59.93	 4.858e-04	     -0.24	Gaussian	0.000000	0.000000
1078	0	  0.025001	  0.055762	     -1.00	   5669.82	    788.74	      2.13	      1.80	      4.47	      3.79	48.63	 5.951e-04	     -0.24	Gaussian	0.000000	0.000000
1079	0	  0.024840	  0.018066	     -1.00	    992.97	   1369.11	      4.52	      4.11	      9.50	      8.64	4.79	 1.945e-03	     -0.24	Gaussian	0.000000	0.000000
1080	0	  0.024434	  0.043814	     -1.00	   6265.67	    103.80	      2.63	      1.86	      5.52	      3.90	44.80	 6.731e-04	     -0.24	Gaussian	0.000000	0.000000
1081	0	  0.025626	  0.058631	     -1.00	   2257.97	   1857.95	      1.93	      1.89	      4.05	      3.96	88.50	 5.491e-04	     -0.24	Gaussian	0.000000	0.000000
1082	0	  0.025403	  0.047410	     -1.00	   1541.33	    818.60	      2.52	      2.27	      5.30	      4.76	40.81	 1.058e-03	     -0.24	Gaussian	0.000000	0.000000
1083	0	  0.025244	  0.055289	     -1.00	   5381.34	   2526.95	      2.08	      1.85	      4.37	      3.89	50.76	 5.215e-04	     -0.23	Gaussian	0.000000	0.000000
1084	0	  0.025140	  0.047997	     -1.00	   1767.85	    139.82	      2.33	      1.91	      4.89	      4.01	29.73	 5.897e-04	     -0.23	Gaussian	0.000000	0.000000
1085	0	  0.025407	  0.037402	     -1.00	   4537.17	   1434.19	      3.41	      2.62	      7.17	      5.50	67.08	 1.940e-03	     -0.23	Gaussian	0.000000	0.000000
1086	0	  0.025665	  0.059947	     -1.00	   2140.58	   2571.70	      1.92	      1.85	      4.03	      3.89	83.70	 4.879e-04	     -0.23	Gaussian	0.000000	0.000000
1087	0	  0.024736	  0.039641	     -1.00	   5753.70	    295.33	      3.37	      1.75	      7.09	      3.69	42.44	 1.149e-03	     -0.23	Gaussian	0.000000	0.000000
1088	0	  0.025599	  0.022676	     -1.00	   2549.02	   1004.61	      4.39	      2.74	      9.23	      5.76	32.64	 2.482e-03	     -0.23	Gaussian	0.000000	0.000000
1089	0	  0.025347	  0.048835	     -1.00	   1910.45	     26.95	      1.75	      1.70	      3.69	      3.58	40.46	 1.847e-03	     -0.23	Gaussian	0.000000	0.000000
1090	0	  0.025336	  0.052311	     -1.00	   2529.09	     89.36	      1.46	      1.37	      3.06	      2.89	83.38	 2.094e-03	     -0.23	Gaussian	0.000000	0.000000
1091	0	  0.024878	  0.038737	     -1.00	    114.53	   2118.72	      2.34	      2.34	      4.91	      4.91	57.85	 6.990e-04	     -0.23	Gaussian	0.000000	0.000000
1092	0	  0.024877	  0.038692	     -1.00	    451.64	    764.04	      2.34	      2.34	      4.91	      4.91	81.12	 6.688e-04	     -0.23	Gaussian	0.000000	0.000000
1093	0	  0.024790	  0.036170	     -1.00	     51.00	   2758.29	      2.57	      2.27	      5.41	      4.77	3.18	 6.461e-04	     -0.23	Gaussian	0.000000	0.000000
1094	0	  0.024910	  0.034057	     -1.00	    148.61	   3474.70	      2.63	      2.33	      5.53	      4.90	0.23	 7.243e-04	     -0.23	Gaussian	0.000000	0.000000
1095	0	  0.025482	  0.054665	     -1.00	   2590.63	   3852.72	      2.03	      1.88	      4.26	      3.95	-81.81	 5.020e-04	     -0.23	Gaussian	0.000000	0.000000
1096	0	  0.024664	  0.037003	     -1.00	    130.88	    649.62	      2.60	      2.17	      5.46	      4.56	1.10	 6.398e-04	     -0.23	Gaussian	0.000000	0.000000
1097	0	  0.025526	  0.030178	     -1.00	   3106.67	   3442.41	      3.51	      3.25	      7.38	      6.83	78.88	 2.192e-03	     -0.23	Gaussian	0.000000	0.000000
1098	0	  0.025612	  0.035414	     -1.00	   3227.54	   3785.16	      1.54	      1.35	      3.24	      2.84	64.82	 2.816e-03	     -0.23	Gaussian	0.000000	0.000000
1099	0	  0.025683	  0.057153	     -1.00	   2727.28	   1730.63	      1.96	      1.85	      4.11	      3.90	88.45	 5.103e-04	     -0.23	Gaussian	0.000000	0.000000
1100	0	  0.024402	  0.026293	     -1.00	   6268.94	    341.21	      3.16	      3.15	      6.64	      6.62	70.59	 1.591e-03	     -0.23	Gaussian	0.000000	0.000000
1101	0	  0.025516	  0.056195	     -1.00	   2637.17	    697.83	      2.00	      1.84	      4.19	      3.88	42.67	 4.946e-04	     -0.23	Gaussian	0.000000	0.000000
1102	0	  0.025530	  0.056206	     -1.00	   3465.13	   3908.93	      2.00	      1.84	      4.20	      3.87	80.99	 5.545e-04	     -0.23	Gaussian	0.000000	0.000000
1103	0	  0.025325	  0.055001	     -1.00	   3400.17	    323.05	      2.02	      1.85	      4.25	      3.88	51.34	 5.352e-04	     -0.23	Gaussian	0.000000	0.000000
1104	0	  0.024401	  0.021906	     -1.00	     67.13	    656.30	      4.29	      4.20	      9.02	      8.83	89.39	 1.793e-03	     -0.23	Gaussian	0.000000	0.000000
1105	0	  0.024885	  0.036532	     -1.00	   5674.51	   1109.19	      2.95	      2.02	      6.20	      4.25	-18.58	 1.398e-03	     -0.23	Gaussian	0.000000	0.000000
1106	0	  0.025239	  0.047503	     -1.00	   1074.78	   1470.76	      2.23	      1.94	      4.70	      4.07	14.84	 5.388e-04	     -0.23	Gaussian	0.000000	0.000000
1107	0	  0.025349	  0.029600	     -1.00	   2683.63	   4036.87	      3.43	      3.38	      7.21	      7.10	9.14	 2.389e-03	     -0.23	Gaussian	0.000000	0.000000
1108	0	  0.025104	  0.050855	     -1.00	   5571.77	   1369.61	      2.12	      1.89	      4.46	      3.98	48.12	 5.026e-04	     -0.23	Gaussian	0.000000	0.000000
1109	0	  0.025260	  0.026312	     -1.00	    703.53	   2548.50	      3.41	      3.37	      7.17	      7.09	80.24	 1.861e-03	     -0.23	Gaussian	0.000000	0.000000
1110	0	  0.025536	  0.035981	     -1.00	   2577.06	    471.18	      2.80	      2.67	      5.88	      5.61	-63.04	 1.751e-03	     -0.23	Gaussian	0.000000	0.000000
1111	0	  0.025616	  0.032182	     -1.00	   3012.58	   3103.29	      3.14	      2.46	      6.60	      5.17	62.28	 1.688e-03	     -0.22	Gaussian	0.000000	0.000000
1112	0	  0.025709	  0.055192	     -1.00	   3262.92	   1452.42	      1.91	      1.91	      4.02	      4.02	-18.47	 5.495e-04	     -0.22	Gaussian	0.000000	0.000000
1113	0	  0.025813	  0.029456	     -1.00	   3185.61	   2663.46	      3.31	      3.09	      6.96	      6.50	81.21	 1.882e-03	     -0.22	Gaussian	0.000000	0.000000
1114	0	  0.025441	  0.016600	     -1.00	   2972.51	   2018.22	      4.71	      2.57	      9.90	      5.40	84.18	 1.546e-03	     -0.22	Gaussian	0.000000	0.000000
1115	0	  0.025708	  0.049836	     -1.00	   3055.32	   3760.41	      2.11	      1.92	      4.43	      4.03	88.23	 8.713e-04	     -0.22	Gaussian	0.000000	0.000000
1116	0	  0.025292	  0.041889	     -1.00	   4398.37	    161.86	      1.86	      1.66	      3.91	      3.49	71.38	 2.152e-03	     -0.22	Gaussian	0.000000	0.000000
1117	0	  0.025567	  0.036702	     -1.00	   2512.62	   2982.01	      3.00	      2.60	      6.30	      5.47	89.10	 1.808e-03	     -0.22	Gaussian	0.000000	0.000000
1118	0	  0.024862	  0.023156	     -1.00	    291.87	   1725.09	      3.60	      3.36	      7.57	      7.06	80.83	 1.307e-03	     -0.22	Gaussian	0.000000	0.000000
1119	0	  0.025265	  0.029714	     -1.00	   4018.11	   1158.51	      3.29	      2.47	      6.92	      5.19	30.93	 1.437e-03	     -0.22	Gaussian	0.000000	0.000000
1120	0	  0.025286	  0.052780	     -1.00	   3104.92	    219.73	      2.05	      1.85	      4.31	      3.89	46.18	 5.198e-04	     -0.22	Gaussian	0.000000	0.000000
1121	0	  0.024633	  0.042956	     -1.00	   6318.54	    882.60	      2.42	      1.92	      5.10	      4.03	49.93	 5.586e-04	     -0.22	Gaussian	0.000000	0.000000
1122	0	  0.024717	  0.037791	     -1.00	   6307.17	   1914.20	      2.75	      2.12	      5.78	      4.46	45.15	 8.225e-04	     -0.22	Gaussian	0.000000	0.000000
1123	0	  0.024918	  0.020507	     -1.00	   5162.70	   1093.11	      3.93	      3.14	      8.27	      6.61	48.99	 1.820e-03	     -0.22	Gaussian	0.000000	0.000000
1124	0	  0.025663	  0.054270	     -1.00	   2643.96	   1076.47	      1.94	      1.88	      4.09	      3.96	66.35	 4.860e-04	     -0.22	Gaussian	0.000000	0.000000
1125	0	  0.025782	  0.054817	     -1.00	   4005.66	   2120.03	      1.98	      1.83	      4.17	      3.85	86.52	 5.869e-04	     -0.22	Gaussian	0.000000	0.000000
1126	0	  0.025640	  0.038013	     -1.00	   2673.54	   2963.20	      2.85	      2.32	      5.99	      4.88	18.87	 1.382e-03	     -0.22	Gaussian	0.000000	0.000000
1127	0	  0.025411	  0.023187	     -1.00	   2138.97	   1570.39	      3.54	      3.48	      7.43	      7.31	72.42	 2.098e-03	     -0.22	Gaussian	0.000000	0.000000
1128	0	  0.025455	  0.030956	     -1.00	   4445.56	   2536.49	      3.15	      2.02	      6.63	      4.26	33.41	 6.004e-04	     -0.22	Gaussian	0.000000	0.000000
1129	0	  0.025592	  0.054227	     -1.00	   2575.90	    929.96	      1.98	      1.84	      4.15	      3.88	50.02	 5.227e-04	     -0.22	Gaussian	0.000000	0.000000
1130	0	  0.025068	  0.035862	     -1.00	   4855.59	    460.09	      3.36	      2.63	      7.06	      5.52	79.48	 2.007e-03	     -0.22	Gaussian	0.000000	0.000000
1131	0	  0.024839	  0.032960	     -1.00	    403.57	   3878.10	      2.45	      2.45	      5.14	      5.14	-88.83	 5.844e-04	     -0.22	Gaussian	0.000000	0.000000
1132	0	  0.025260	  0.019301	     -1.00	   3930.49	   3392.32	      4.26	      2.54	      8.96	      5.33	77.60	 1.470e-03	     -0.22	Gaussian	0.000000	0.000000
1133	0	  0.025292	  0.045382	     -1.00	   1170.62	   2207.47	      2.24	      2.17	      4.72	      4.57	55.11	 6.349e-04	     -0.22	Gaussian	0.000000	0.000000
1134	0	  0.024915	  0.049801	     -1.00	   5637.30	    791.78	      2.15	      1.84	      4.52	      3.86	44.02	 5.766e-04	     -0.22	Gaussian	0.000000	0.000000
1135	0	  0.025089	  0.028693	     -1.00	   4929.85	    469.03	      1.73	      1.62	      3.63	      3.41	66.63	 2.787e-03	     -0.22	Gaussian	0.000000	0.000000
1136	0	  0.025045	  0.033820	     -1.00	   1713.25	    166.30	      2.83	      2.49	      5.95	      5.23	40.21	 1.003e-03	     -0.22	Gaussian	0.000000	0.000000
1137	0	  0.025168	  0.049598	     -1.00	   4293.91	    177.60	      2.14	      1.84	      4.50	      3.87	50.97	 4.903e-04	     -0.22	Gaussian	0.000000	0.000000
1138	0	  0.025706	  0.042816	     -1.00	   2835.53	   2277.39	      2.70	      2.12	      5.67	      4.47	40.35	 1.093e-03	     -0.22	Gaussian	0.000000	0.000000
1139	0	  0.025420	  0.025387	     -1.00	   2036.41	   1627.24	      4.02	      3.98	      8.46	      8.37	9.83	 2.923e-03	     -0.22	Gaussian	0.000000	0.000000
1140	0	  0.025648	  0.053696	     -1.00	   3526.23	   2909.78	      1.98	      1.84	      4.17	      3.86	78.29	 4.727e-04	     -0.22	Gaussian	0.000000	0.000000
1141	0	  0.025507	  0.027437	     -1.00	   4497.44	   2215.43	      3.08	      2.83	      6.48	      5.96	7.73	 1.176e-03	     -0.22	Gaussian	0.000000	0.000000
1142	0	  0.025551	  0.041169	     -1.00	   3695.29	   4035.41	      1.54	      1.30	      3.23	      2.73	76.21	 2.559e-03	     -0.22	Gaussian	0.000000	0.000000
1143	0	  0.025068	  0.035768	     -1.00	    490.26	    230.84	      2.57	      2.12	      5.40	      4.46	5.60	 1.296e-03	     -0.22	Gaussian	0.000000	0.000000
1144	0	  0.025606	  0.055083	     -1.00	   2731.00	   3307.66	      1.88	      1.88	      3.95	      3.95	41.97	 4.827e-04	     -0.22	Gaussian	0.000000	0.000000
1145	0	  0.025277	  0.049669	     -1.00	   3377.73	    124.66	      2.11	      1.86	      4.43	      3.92	49.18	 5.006e-04	     -0.22	Gaussian	0.000000	0.000000
1146	0	  0.025489	  0.047781	     -1.00	   1784.95	   4109.68	      2.02	      2.02	      4.24	      4.24	-85.43	 8.242e-04	     -0.22	Gaussian	0.000000	0.000000
1147	0	  0.024888	  0.038656	     -1.00	   1089.43	    203.78	      2.49	      2.02	      5.24	      4.25	16.59	 5.617e-04	     -0.22	Gaussian	0.000000	0.000000
1148	0	  0.025647	  0.053196	     -1.00	   3398.87	   3566.23	      2.02	      1.81	      4.24	      3.80	74.50	 4.762e-04	     -0.22	Gaussian	0.000000	0.000000
1149	0	  0.025610	  0.053719	     -1.00	   1932.82	   2229.65	      1.92	      1.88	      4.03	      3.96	59.73	 4.613e-04	     -0.22	Gaussian	0.000000	0.000000
1150	0	  0.025439	  0.047647	     -1.00	   4178.70	   3806.59	      1.80	      1.54	      3.79	      3.24	62.41	 1.380e-03	     -0.22	Gaussian	0.000000	0.000000
1151	0	  0.025611	  0.051402	     -1.00	   3408.19	   1528.05	      2.02	      1.87	      4.25	      3.93	76.34	 4.588e-04	     -0.22	Gaussian	0.000000	0.000000
1152	0	  0.025788	  0.052460	     -1.00	   3154.24	   2401.66	      2.00	      1.85	      4.20	      3.88	89.50	 4.846e-04	     -0.22	Gaussian	0.000000	0.000000
1153	0	  0.025254	  0.040691	     -1.00	    989.97	   4055.88	      2.18	      2.18	      4.58	      4.58	79.10	 6.699e-04	     -0.22	Gaussian	0.000000	0.000000
1154	0	  0.025397	  0.039847	     -1.00	   2758.30	    538.14	      2.60	      2.16	      5.46	      4.54	25.56	 8.887e-04	     -0.22	Gaussian	0.000000	0.000000
1155	0	  0.025371	  0.041247	     -1.00	   1324.29	   2307.20	      2.40	      2.26	      5.05	      4.74	65.25	 7.524e-04	     -0.22	Gaussian	0.000000	0.000000
1156	0	  0.025667	  0.052963	     -1.00	   3623.23	   3292.90	      1.98	      1.84	      4.17	      3.86	74.05	 4.820e-04	     -0.22	Gaussian	0.000000	0.000000
1157	0	  0.026375	  0.059310	     -1.00	   3920.91	   1000.88	      1.85	      1.76	      3.89	      3.69	62.67	 3.723e-03	     -0.21	Gaussian	0.000000	0.000000
1158	0	  0.025485	  0.026699	     -1.00	   4782.61	   1832.11	      3.50	      2.19	      7.36	      4.60	61.88	 1.756e-03	     -0.21	Gaussian	0.000000	0.000000
1159	0	  0.025508	  0.052527	     -1.00	   2322.60	   3539.65	      1.97	      1.86	      4.14	      3.90	-85.54	 4.834e-04	     -0.21	Gaussian	0.000000	0.000000
1160	0	  0.025192	  0.021622	     -1.00	   2064.99	    383.86	      1.85	      1.84	      3.88	      3.86	61.52	 2.610e-03	     -0.21	Gaussian	0.000000	0.000000
1161	0	  0.024965	  0.047752	     -1.00	   5252.12	    433.93	      2.17	      1.85	      4.56	      3.89	42.57	 5.571e-04	     -0.21	Gaussian	0.000000	0.000000
1162	0	  0.025057	  0.027018	     -1.00	   4840.36	   3911.01	      3.40	      2.65	      7.15	      5.58	72.36	 1.421e-03	     -0.21	Gaussian	0.000000	0.000000
1163	0	  0.025433	  0.048698	     -1.00	   1412.10	   2831.82	      1.99	      1.97	      4.18	      4.14	43.05	 4.915e-04	     -0.21	Gaussian	0.000000	0.000000
1164	0	  0.025788	  0.037940	     -1.00	   2395.58	   1332.50	      2.76	      2.15	      5.80	      4.52	64.36	 1.770e-03	     -0.21	Gaussian	0.000000	0.000000
1165	0	  0.025414	  0.036914	     -1.00	    200.43	   2637.48	      1.90	      1.90	      3.99	      3.99	54.63	 2.386e-03	     -0.21	Gaussian	0.000000	0.000000
1166	0	  0.025161	  0.042744	     -1.00	   1610.46	     78.90	      1.51	      1.50	      3.17	      3.16	48.91	 2.213e-03	     -0.21	Gaussian	0.000000	0.000000
1167	0	  0.025142	  0.040504	     -1.00	   1374.44	    487.68	      2.42	      1.95	      5.08	      4.09	21.72	 5.360e-04	     -0.21	Gaussian	0.000000	0.000000
1168	0	  0.024804	  0.034906	     -1.00	     41.02	   2163.12	      2.50	      2.18	      5.25	      4.59	0.48	 6.202e-04	     -0.21	Gaussian	0.000000	0.000000
1169	0	  0.024957	  0.017858	     -1.00	    772.08	   1635.00	      3.95	      3.79	      8.30	      7.97	0.69	 1.497e-03	     -0.21	Gaussian	0.000000	0.000000
1170	0	  0.025137	  0.051757	     -1.00	   5007.88	    646.81	      2.06	      1.78	      4.32	      3.75	44.93	 4.560e-04	     -0.21	Gaussian	0.000000	0.000000
1171	0	  0.025264	  0.036653	     -1.00	   4936.48	   3569.05	      2.61	      2.28	      5.49	      4.78	77.50	 1.040e-03	     -0.21	Gaussian	0.000000	0.000000
1172	0	  0.025249	  0.044242	     -1.00	   1049.90	   3254.93	      2.07	      2.07	      4.35	      4.35	87.26	 5.595e-04	     -0.21	Gaussian	0.000000	0.000000
1173	0	  0.025101	  0.017419	     -1.00	   1886.92	    478.09	      4.23	      4.23	      8.89	      8.88	81.41	 2.086e-03	     -0.21	Gaussian	0.000000	0.000000
1174	0	  0.025552	  0.030095	     -1.00	   2377.28	   1216.43	      3.42	      2.28	      7.19	      4.78	64.91	 1.606e-03	     -0.21	Gaussian	0.000000	0.000000
1175	0	  0.025295	  0.043232	     -1.00	    851.39	    968.97	      1.96	      1.96	      4.12	      4.12	70.39	 1.334e-03	     -0.21	Gaussian	0.000000	0.000000
1176	0	  0.024933	  0.045983	     -1.00	   6000.06	   2502.06	      2.22	      1.85	      4.66	      3.89	54.81	 5.162e-04	     -0.21	Gaussian	0.000000	0.000000
1177	0	  0.024969	  0.036801	     -1.00	    268.00	   2194.66	      2.41	      2.13	      5.06	      4.48	4.61	 5.745e-04	     -0.21	Gaussian	0.000000	0.000000
1178	0	  0.025686	  0.034602	     -1.00	   2542.55	   2450.21	      3.30	      1.96	      6.95	      4.12	-62.34	 1.492e-03	     -0.21	Gaussian	0.000000	0.000000
1179	0	  0.024682	  0.031781	     -1.00	    192.98	    612.60	      2.43	      2.43	      5.12	      5.12	80.70	 6.583e-04	     -0.21	Gaussian	0.000000	0.000000
1180	0	  0.025596	  0.051702	     -1.00	   3776.79	   4031.56	      2.02	      1.81	      4.24	      3.80	76.42	 5.809e-04	     -0.21	Gaussian	0.000000	0.000000
1181	0	  0.024818	  0.030803	     -1.00	     21.48	   2910.07	      1.87	      1.78	      3.92	      3.75	53.54	 1.331e-03	     -0.21	Gaussian	0.000000	0.000000
1182	0	  0.025543	  0.041777	     -1.00	   3764.54	   3066.12	      2.45	      2.14	      5.15	      4.49	59.46	 8.375e-04	     -0.21	Gaussian	0.000000	0.000000
1183	0	  0.025550	  0.024583	     -1.00	   2416.87	   3072.45	      3.25	      3.24	      6.83	      6.81	74.45	 1.837e-03	     -0.21	Gaussian	0.000000	0.000000
1184	0	  0.025105	  0.040627	     -1.00	   1352.12	    636.50	      2.15	      2.15	      4.51	      4.51	60.80	 5.935e-04	     -0.21	Gaussian	0.000000	0.000000
1185	0	  0.025561	  0.048987	     -1.00	   3110.31	   1364.72	      2.00	      1.90	      4.20	      4.00	84.53	 4.502e-04	     -0.21	Gaussian	0.000000	0.000000
1186	0	  0.024859	  0.027007	     -1.00	   1174.15	    180.29	      3.39	      3.37	      7.12	      7.07	84.62	 1.463e-03	     -0.21	Gaussian	0.000000	0.000000
1187	0	  0.024887	  0.033930	     -1.00	    232.43	   2867.65	      2.34	      2.34	      4.92	      4.92	78.70	 5.692e-04	     -0.21	Gaussian	0.000000	0.000000
1188	0	  0.025753	  0.035973	     -1.00	   3256.06	   3558.52	      3.05	      2.63	      6.40	      5.53	1.84	 1.870e-03	     -0.21	Gaussian	0.000000	0.000000
1189	0	  0.025120	  0.018910	     -1.00	   3861.25	   3989.16	      4.33	      2.44	      9.10	      5.13	75.44	 1.428e-03	     -0.21	Gaussian	0.000000	0.000000
1190	0	  0.025536	  0.030614	     -1.00	   3975.48	   1185.87	      2.88	      2.42	      6.05	      5.08	-8.18	 1.440e-03	     -0.21	Gaussian	0.000000	0.000000
1191	0	  0.025353	  0.028740	     -1.00	   3891.33	    910.40	      3.02	      2.66	      6.34	      5.59	9.43	 1.427e-03	     -0.21	Gaussian	0.000000	0.000000
1192	0	  0.024702	  0.024283	     -1.00	    393.84	    805.20	      3.32	      2.88	      6.97	      6.06	-80.69	 1.053e-03	     -0.21	Gaussian	0.000000	0.000000
1193	0	  0.024943	  0.024722	     -1.00	    517.38	   3919.35	      3.18	      3.10	      6.69	      6.52	88.00	 1.201e-03	     -0.21	Gaussian	0.000000	0.000000
1194	0	  0.025265	  0.042549	     -1.00	   1037.37	   2580.72	      2.08	      2.08	      4.37	      4.37	64.23	 5.768e-04	     -0.21	Gaussian	0.000000	0.000000
1195	0	  0.025286	  0.041748	     -1.00	   1255.37	    873.87	      2.30	      1.91	      4.84	      4.02	21.51	 6.125e-04	     -0.21	Gaussian	0.000000	0.000000
1196	0	  0.025616	  0.047999	     -1.00	   3188.34	   3497.99	      2.03	      1.88	      4.26	      3.96	78.30	 4.564e-04	     -0.21	Gaussian	0.000000	0.000000
1197	0	  0.025108	  0.035073	     -1.00	    872.33	   1021.14	      2.60	      2.19	      5.47	      4.59	63.15	 7.671e-04	     -0.21	Gaussian	0.000000	0.000000
1198	0	  0.024982	  0.034221	     -1.00	   5668.75	   1318.47	      2.81	      2.40	      5.90	      5.05	60.23	 1.103e-03	     -0.20	Gaussian	0.000000	0.000000
1199	0	  0.025277	  0.046928	     -1.00	   4865.85	   3947.39	      2.13	      1.83	      4.47	      3.85	61.37	 4.640e-04	     -0.20	Gaussian	0.000000	0.000000
1200	0	  0.025024	  0.038714	     -1.00	    845.43	   1003.94	      2.17	      2.17	      4.57	      4.56	54.82	 6.404e-04	     -0.20	Gaussian	0.000000	0.000000
1201	0	  0.025483	  0.049281	     -1.00	   4135.34	   3549.79	      2.00	      1.84	      4.21	      3.88	69.37	 4.960e-04	     -0.20	Gaussian	0.000000	0.000000
1202	0	  0.025273	  0.018847	     -1.00	   1755.06	    132.20	      4.39	      3.62	      9.22	      7.60	62.81	 2.292e-03	     -0.20	Gaussian	0.000000	0.000000
1203	0	  0.025633	  0.049511	     -1.00	   4035.93	   1842.79	      1.97	      1.87	      4.15	      3.92	83.53	 4.513e-04	     -0.20	Gaussian	0.000000	0.000000
1204	0	  0.025704	  0.050386	     -1.00	   3087.93	   2733.54	      1.90	      1.90	      3.99	      3.99	-25.96	 5.029e-04	     -0.20	Gaussian	0.000000	0.000000
1205	0	  0.024682	  0.029799	     -1.00	    439.32	    165.29	      2.72	      2.15	      5.71	      4.51	4.71	 5.552e-04	     -0.20	Gaussian	0.000000	0.000000
1206	0	  0.024830	  0.031752	     -1.00	    358.67	   4051.84	      2.48	      2.30	      5.21	      4.83	24.07	 5.639e-04	     -0.20	Gaussian	0.000000	0.000000
1207	0	  0.025602	  0.051235	     -1.00	   2874.08	   1105.02	      1.96	      1.81	      4.12	      3.80	71.70	 5.323e-04	     -0.20	Gaussian	0.000000	0.000000
1208	0	  0.025270	  0.047628	     -1.00	   4705.22	    645.06	      2.03	      1.88	      4.26	      3.95	40.46	 5.317e-04	     -0.20	Gaussian	0.000000	0.000000
1209	0	  0.025492	  0.043772	     -1.00	   1974.01	   1851.43	      2.54	      2.49	      5.34	      5.24	14.69	 1.453e-03	     -0.20	Gaussian	0.000000	0.000000
1210	0	  0.025396	  0.032885	     -1.00	   2818.66	    413.67	      1.73	      1.62	      3.63	      3.40	67.45	 2.095e-03	     -0.20	Gaussian	0.000000	0.000000
1211	0	  0.025771	  0.032221	     -1.00	   2814.29	   2675.46	      2.73	      2.38	      5.74	      5.01	7.42	 1.309e-03	     -0.20	Gaussian	0.000000	0.000000
1212	0	  0.025570	  0.049695	     -1.00	   4145.82	   1679.60	      1.97	      1.84	      4.15	      3.87	74.87	 4.568e-04	     -0.20	Gaussian	0.000000	0.000000
1213	0	  0.025628	  0.051768	     -1.00	   2629.90	   3245.89	      1.93	      1.81	      4.06	      3.80	84.48	 4.352e-04	     -0.20	Gaussian	0.000000	0.000000
1214	0	  0.025230	  0.033523	     -1.00	   4936.16	   1497.19	      3.26	      2.60	      6.85	      5.46	65.72	 1.656e-03	     -0.20	Gaussian	0.000000	0.000000
1215	0	  0.024891	  0.033882	     -1.00	    199.71	   1739.10	      2.96	      2.70	      6.23	      5.68	76.63	 9.971e-04	     -0.20	Gaussian	0.000000	0.000000
1216	0	  0.024523	  0.029962	     -1.00	    299.15	     35.97	      2.73	      2.21	      5.73	      4.65	-1.23	 5.464e-04	     -0.20	Gaussian	0.000000	0.000000
1217	0	  0.025431	  0.027734	     -1.00	   2646.23	   1019.38	      3.49	      2.57	      7.33	      5.41	13.55	 1.531e-03	     -0.20	Gaussian	0.000000	0.000000
1218	0	  0.025127	  0.039108	     -1.00	    854.28	   1096.77	      2.33	      1.98	      4.90	      4.15	13.26	 5.778e-04	     -0.20	Gaussian	0.000000	0.000000
1219	0	  0.025073	  0.027531	     -1.00	   1331.31	    740.26	      2.96	      2.77	      6.22	      5.82	80.88	 1.185e-03	     -0.20	Gaussian	0.000000	0.000000
1220	0	  0.025302	  0.027614	     -1.00	   2503.59	     30.50	      2.95	      2.80	      6.21	      5.88	75.32	 1.327e-03	     -0.20	Gaussian	0.000000	0.000000
1221	0	  0.025221	  0.038588	     -1.00	   6000.31	   2822.11	      2.05	      1.83	      4.30	      3.85	46.32	 1.546e-03	     -0.20	Gaussian	0.000000	0.000000
1222	0	  0.025267	  0.041238	     -1.00	    786.36	   2559.96	      1.74	      1.74	      3.67	      3.66	83.67	 1.245e-03	     -0.20	Gaussian	0.000000	0.000000
1223	0	  0.024889	  0.033154	     -1.00	   4724.66	     83.27	      3.08	      1.95	      6.47	      4.09	45.04	 9.817e-04	     -0.20	Gaussian	0.000000	0.000000
1224	0	  0.025382	  0.038543	     -1.00	   1041.88	   3965.93	      2.26	      2.06	      4.76	      4.33	-19.83	 7.765e-04	     -0.20	Gaussian	0.000000	0.000000
1225	0	  0.025175	  0.029452	     -1.00	   4593.49	    533.47	      3.15	      2.79	      6.61	      5.87	77.30	 1.447e-03	     -0.20	Gaussian	0.000000	0.000000
1226	0	  0.024538	  0.020203	     -1.00	    157.60	    428.74	      2.03	      2.02	      4.27	      4.24	80.57	 1.559e-03	     -0.20	Gaussian	0.000000	0.000000
1227	0	  0.025280	  0.028284	     -1.00	   2960.43	    489.31	      3.06	      2.60	      6.44	      5.47	77.81	 1.389e-03	     -0.20	Gaussian	0.000000	0.000000
1228	0	  0.025175	  0.038947	     -1.00	   4825.04	   3982.58	      2.30	      2.14	      4.83	      4.50	16.19	 7.718e-04	     -0.20	Gaussian	0.000000	0.000000
1229	0	  0.024872	  0.039840	     -1.00	   6066.43	   1274.02	      1.71	      1.57	      3.60	      3.30	26.99	 1.473e-03	     -0.20	Gaussian	0.000000	0.000000
1230	0	  0.025431	  0.044220	     -1.00	   2097.98	    949.29	      2.06	      1.95	      4.33	      4.10	44.89	 4.750e-04	     -0.20	Gaussian	0.000000	0.000000
1231	0	  0.025280	  0.032211	     -1.00	   1549.61	   3183.16	      3.44	      1.83	      7.24	      3.86	37.62	 1.423e-03	     -0.20	Gaussian	0.000000	0.000000
1232	0	  0.025276	  0.048929	     -1.00	   4669.31	   1111.73	      1.97	      1.84	      4.15	      3.87	59.89	 4.556e-04	     -0.20	Gaussian	0.000000	0.000000
1233	0	  0.025277	  0.047559	     -1.00	   2923.91	    234.64	      2.03	      1.84	      4.27	      3.87	47.79	 4.952e-04	     -0.20	Gaussian	0.000000	0.000000
1234	0	  0.024843	  0.033093	     -1.00	    524.26	   3589.75	      2.32	      2.32	      4.87	      4.87	-88.13	 5.381e-04	     -0.20	Gaussian	0.000000	0.000000
1235	0	  0.025459	  0.029327	     -1.00	   4432.31	   1580.40	      3.45	      2.43	      7.26	      5.11	58.60	 1.495e-03	     -0.20	Gaussian	0.000000	0.000000
1236	0	  0.025244	  0.040346	     -1.00	   3324.81	     88.42	      2.92	      2.14	      6.14	      4.50	40.25	 1.197e-03	     -0.20	Gaussian	0.000000	0.000000
1237	0	  0.025723	  0.047523	     -1.00	   3556.81	   1866.97	      2.03	      1.84	      4.26	      3.87	-87.03	 4.322e-04	     -0.20	Gaussian	0.000000	0.000000
1238	0	  0.025750	  0.048909	     -1.00	   3586.76	   1814.62	      1.99	      1.81	      4.19	      3.81	87.02	 4.582e-04	     -0.20	Gaussian	0.000000	0.000000
1239	0	  0.025284	  0.037393	     -1.00	   5161.82	   3199.00	      2.45	      1.93	      5.14	      4.06	44.62	 6.698e-04	     -0.20	Gaussian	0.000000	0.000000
1240	0	  0.025182	  0.039836	     -1.00	   1376.08	    781.55	      2.31	      1.92	      4.85	      4.04	27.57	 4.871e-04	     -0.20	Gaussian	0.000000	0.000000
1241	0	  0.025495	  0.049955	     -1.00	   3931.82	   1152.92	      1.93	      1.82	      4.06	      3.83	74.85	 4.587e-04	     -0.20	Gaussian	0.000000	0.000000
1242	0	  0.025308	  0.022664	     -1.00	   3375.56	   3987.84	      3.83	      3.76	      8.06	      7.89	11.53	 2.241e-03	     -0.20	Gaussian	0.000000	0.000000
1243	0	  0.025512	  0.047289	     -1.00	   3916.30	   3779.80	      2.03	      1.83	      4.26	      3.84	63.56	 5.277e-04	     -0.20	Gaussian	0.000000	0.000000
1244	0	  0.025132	  0.031217	     -1.00	   4506.24	    387.13	      2.85	      2.12	      5.99	      4.46	18.83	 1.029e-03	     -0.20	Gaussian	0.000000	0.000000
1245	0	  0.025351	  0.017854	     -1.00	   3114.29	   3058.37	      4.35	      2.43	      9.13	      5.10	70.69	 1.383e-03	     -0.20	Gaussian	0.000000	0.000000
1246	0	  0.024996	  0.036048	     -1.00	    709.17	   1113.59	      2.20	      2.20	      4.63	      4.63	66.86	 5.812e-04	     -0.20	Gaussian	0.000000	0.000000
1247	0	  0.025088	  0.015030	     -1.00	   4242.33	   3872.09	      4.76	      2.46	     10.00	      5.17	78.17	 1.162e-03	     -0.20	Gaussian	0.000000	0.000000
1248	0	  0.025471	  0.036604	     -1.00	   4290.45	   3176.36	      2.66	      1.95	      5.58	      4.09	45.32	 7.901e-04	     -0.20	Gaussian	0.000000	0.000000
1249	0	  0.024767	  0.027425	     -1.00	    342.24	   4161.62	      2.52	      2.52	      5.30	      5.30	77.36	 5.321e-04	     -0.20	Gaussian	0.000000	0.000000
1250	0	  0.024962	  0.034300	     -1.00	    642.48	   1308.14	      2.25	      2.25	      4.73	      4.73	67.38	 5.712e-04	     -0.20	Gaussian	0.000000	0.000000
1251	0	  0.025319	  0.042927	     -1.00	   1197.67	   2564.65	      2.02	      2.01	      4.24	      4.22	44.36	 5.278e-04	     -0.20	Gaussian	0.000000	0.000000
1252	0	  0.025285	  0.047019	     -1.00	   5191.61	   1991.82	      1.98	      1.87	      4.16	      3.93	54.23	 4.659e-04	     -0.20	Gaussian	0.000000	0.000000
1253	0	  0.025390	  0.025183	     -1.00	   2387.70	   4159.32	      3.16	      3.05	      6.64	      6.42	82.14	 1.569e-03	     -0.20	Gaussian	0.000000	0.000000
1254	0	  0.024782	  0.028231	     -1.00	   5760.73	   3752.61	      2.97	      2.77	      6.23	      5.82	-32.84	 1.393e-03	     -0.20	Gaussian	0.000000	0.000000
1255	0	  0.025671	  0.032075	     -1.00	   2724.66	    975.91	      1.56	      1.42	      3.28	      2.99	67.46	 2.647e-03	     -0.20	Gaussian	0.000000	0.000000
1256	0	  0.025437	  0.043517	     -1.00	   2381.86	    229.88	      2.18	      1.83	      4.58	      3.85	32.55	 5.102e-04	     -0.20	Gaussian	0.000000	0.000000
1257	0	  0.024577	  0.030521	     -1.00	   6047.14	    709.20	      2.85	      2.26	      5.99	      4.75	49.00	 7.757e-04	     -0.20	Gaussian	0.000000	0.000000
1258	0	  0.025741	  0.046286	     -1.00	   3069.29	   2375.71	      2.03	      1.84	      4.27	      3.87	-87.70	 4.565e-04	     -0.19	Gaussian	0.000000	0.000000
1259	0	  0.025433	  0.041472	     -1.00	   2081.98	   3872.42	      2.54	      2.52	      5.35	      5.30	-12.88	 1.389e-03	     -0.19	Gaussian	0.000000	0.000000
1260	0	  0.025577	  0.048540	     -1.00	   3441.26	   3527.89	      1.92	      1.85	      4.04	      3.90	74.09	 4.577e-04	     -0.19	Gaussian	0.000000	0.000000
1261	0	  0.025153	  0.045909	     -1.00	   4721.02	    473.05	      2.07	      1.82	      4.34	      3.84	47.32	 4.900e-04	     -0.19	Gaussian	0.000000	0.000000
1262	0	  0.025480	  0.046699	     -1.00	   2167.93	   1031.51	      1.96	      1.89	      4.11	      3.97	71.77	 4.330e-04	     -0.19	Gaussian	0.000000	0.000000
1263	0	  0.024925	  0.035187	     -1.00	    369.87	   1788.01	      2.39	      2.05	      5.03	      4.32	5.45	 5.235e-04	     -0.19	Gaussian	0.000000	0.000000
1264	0	  0.025252	  0.025659	     -1.00	   1536.59	   4080.97	      3.45	      2.91	      7.25	      6.12	34.87	 1.527e-03	     -0.19	Gaussian	0.000000	0.000000
1265	0	  0.024647	  0.028289	     -1.00	   6368.57	   1247.41	      3.25	      3.05	      6.83	      6.40	73.74	 1.568e-03	     -0.19	Gaussian	0.000000	0.000000
1266	0	  0.025168	  0.024376	     -1.00	   4778.74	   3628.38	      3.41	      3.25	      7.17	      6.83	74.17	 1.705e-03	     -0.19	Gaussian	0.000000	0.000000
1267	0	  0.025224	  0.041118	     -1.00	   6269.94	    927.32	      2.30	      1.83	      4.83	      3.84	47.84	 2.281e-03	     -0.19	Gaussian	0.000000	0.000000
1268	0	  0.025497	  0.028835	     -1.00	   3452.55	   4066.17	      3.98	      2.06	      8.37	      4.33	64.07	 1.874e-03	     -0.19	Gaussian	0.000000	0.000000
1269	0	  0.025436	  0.042419	     -1.00	   2287.80	   4199.55	      2.09	      1.94	      4.39	      4.08	-71.94	 5.541e-04	     -0.19	Gaussian	0.000000	0.000000
1270	0	  0.024777	  0.031691	     -1.00	    330.14	   1142.84	      2.53	      2.15	      5.32	      4.52	8.57	 5.286e-04	     -0.19	Gaussian	0.000000	0.000000
1271	0	  0.025101	  0.027456	     -1.00	    767.18	   1921.29	      3.05	      2.82	      6.41	      5.94	54.58	 1.099e-03	     -0.19	Gaussian	0.000000	0.000000
1272	0	  0.024845	  0.040799	     -1.00	   6318.94	   2502.71	      2.27	      1.85	      4.78	      3.90	52.07	 6.016e-04	     -0.19	Gaussian	0.000000	0.000000
1273	0	  0.024930	  0.019506	     -1.00	    478.41	   1757.10	      1.77	      1.40	      3.73	      2.95	85.91	 2.077e-03	     -0.19	Gaussian	0.000000	0.000000
1274	0	  0.025127	  0.025131	     -1.00	    971.60	   2068.68	      3.38	      3.32	      7.09	      6.99	78.80	 1.760e-03	     -0.19	Gaussian	0.000000	0.000000
1275	0	  0.024716	  0.020629	     -1.00	     72.13	   3785.30	      2.05	      1.94	      4.31	      4.07	88.00	 1.233e-03	     -0.19	Gaussian	0.000000	0.000000
1276	0	  0.025502	  0.014808	     -1.00	   3665.00	   2883.01	      4.57	      4.50	      9.61	      9.47	89.81	 2.244e-03	     -0.19	Gaussian	0.000000	0.000000
1277	0	  0.024962	  0.042898	     -1.00	   5530.96	   1069.10	      2.11	      1.89	      4.42	      3.98	50.26	 4.964e-04	     -0.19	Gaussian	0.000000	0.000000
1278	0	  0.025310	  0.042994	     -1.00	   2241.95	    454.50	      2.12	      1.89	      4.45	      3.96	44.61	 4.544e-04	     -0.19	Gaussian	0.000000	0.000000
1279	0	  0.025405	  0.018678	     -1.00	   3619.44	   2004.34	      3.88	      2.67	      8.15	      5.62	81.37	 1.229e-03	     -0.19	Gaussian	0.000000	0.000000
1280	0	  0.025154	  0.035821	     -1.00	   1104.82	   1148.73	      2.27	      2.11	      4.78	      4.44	33.17	 5.063e-04	     -0.19	Gaussian	0.000000	0.000000
1281	0	  0.025254	  0.034458	     -1.00	   5006.41	   1827.38	      2.62	      2.00	      5.51	      4.21	48.31	 7.130e-04	     -0.19	Gaussian	0.000000	0.000000
1282	0	  0.025264	  0.040751	     -1.00	   1707.43	   3618.64	      2.05	      2.04	      4.31	      4.29	-87.46	 4.459e-04	     -0.19	Gaussian	0.000000	0.000000
1283	0	  0.025149	  0.032328	     -1.00	   5286.29	   3094.48	      2.90	      1.97	      6.09	      4.15	58.08	 9.558e-04	     -0.19	Gaussian	0.000000	0.000000
1284	0	  0.025670	  0.045870	     -1.00	   4071.48	   2919.98	      1.98	      1.88	      4.17	      3.94	69.49	 7.224e-04	     -0.19	Gaussian	0.000000	0.000000
1285	0	  0.024536	  0.017542	     -1.00	   6234.82	    683.09	      1.84	      1.84	      3.87	      3.86	24.89	 2.296e-03	     -0.19	Gaussian	0.000000	0.000000
1286	0	  0.025603	  0.034651	     -1.00	   2679.50	   2978.89	      2.80	      1.95	      5.89	      4.09	82.23	 1.049e-03	     -0.19	Gaussian	0.000000	0.000000
1287	0	  0.024674	  0.023518	     -1.00	   5951.40	   3870.20	      3.45	      2.75	      7.24	      5.78	26.38	 1.259e-03	     -0.19	Gaussian	0.000000	0.000000
1288	0	  0.025017	  0.021323	     -1.00	   1394.90	    406.57	      3.34	      3.34	      7.03	      7.01	72.24	 1.618e-03	     -0.19	Gaussian	0.000000	0.000000
1289	0	  0.024567	  0.036945	     -1.00	   6349.74	   3710.86	      2.39	      1.92	      5.02	      4.04	60.17	 4.861e-04	     -0.19	Gaussian	0.000000	0.000000
1290	0	  0.025298	  0.043737	     -1.00	   3829.75	    310.77	      2.03	      1.91	      4.27	      4.01	77.52	 4.842e-04	     -0.19	Gaussian	0.000000	0.000000
1291	0	  0.025499	  0.046977	     -1.00	   2805.93	   3836.72	      1.98	      1.82	      4.16	      3.83	88.70	 4.513e-04	     -0.19	Gaussian	0.000000	0.000000
1292	0	  0.024882	  0.041831	     -1.00	   5980.76	   3340.59	      2.23	      1.82	      4.68	      3.83	56.36	 4.822e-04	     -0.19	Gaussian	0.000000	0.000000
1293	0	  0.025296	  0.027198	     -1.00	   4705.47	   1384.19	      3.25	      2.27	      6.83	      4.78	14.32	 1.268e-03	     -0.19	Gaussian	0.000000	0.000000
1294	0	  0.025281	  0.027708	     -1.00	    460.42	   3093.62	      1.89	      1.82	      3.98	      3.82	83.72	 1.704e-03	     -0.19	Gaussian	0.000000	0.000000
1295	0	  0.025033	  0.046401	     -1.00	   4597.92	    170.69	      2.02	      1.80	      4.25	      3.79	46.86	 5.369e-04	     -0.19	Gaussian	0.000000	0.000000
1296	0	  0.025487	  0.034694	     -1.00	   4090.60	   3320.33	      2.99	      2.03	      6.29	      4.27	-23.36	 1.253e-03	     -0.19	Gaussian	0.000000	0.000000
1297	0	  0.025361	  0.044625	     -1.00	   2697.83	    138.92	      2.08	      1.81	      4.37	      3.81	35.26	 8.045e-04	     -0.19	Gaussian	0.000000	0.000000
1298	0	  0.024460	  0.034439	     -1.00	   6296.90	    515.39	      2.59	      1.89	      5.44	      3.98	48.11	 5.057e-04	     -0.19	Gaussian	0.000000	0.000000
1299	0	  0.024938	  0.023786	     -1.00	   6111.90	   1587.39	      3.14	      3.10	      6.61	      6.51	76.20	 1.535e-03	     -0.19	Gaussian	0.000000	0.000000
1300	0	  0.024281	  0.024802	     -1.00	   6373.45	    151.95	      1.79	      1.62	      3.76	      3.40	65.37	 1.925e-03	     -0.19	Gaussian	0.000000	0.000000
1301	0	  0.024875	  0.023997	     -1.00	    908.68	    495.22	      2.97	      2.97	      6.25	      6.25	76.67	 8.620e-04	     -0.19	Gaussian	0.000000	0.000000
1302	0	  0.025132	  0.038727	     -1.00	    892.80	   2577.69	      2.08	      2.08	      4.38	      4.38	48.94	 5.188e-04	     -0.19	Gaussian	0.000000	0.000000
1303	0	  0.025074	  0.040782	     -1.00	   4816.07	    290.14	      2.12	      1.94	      4.45	      4.08	45.82	 5.983e-04	     -0.19	Gaussian	0.000000	0.000000
1304	0	  0.025377	  0.037340	     -1.00	   1141.79	   2086.35	      1.72	      1.61	      3.62	      3.37	66.18	 1.454e-03	     -0.19	Gaussian	0.000000	0.000000
1305	0	  0.025727	  0.046104	     -1.00	   2992.90	   1954.63	      1.95	      1.86	      4.11	      3.90	-78.88	 3.976e-04	     -0.19	Gaussian	0.000000	0.000000
1306	0	  0.025378	  0.045103	     -1.00	   4428.88	   3740.60	      1.94	      1.92	      4.07	      4.04	-69.63	 5.161e-04	     -0.19	Gaussian	0.000000	0.000000
1307	0	  0.025468	  0.026739	     -1.00	   3483.49	    647.01	      3.66	      3.64	      7.69	      7.65	14.02	 2.591e-03	     -0.19	Gaussian	0.000000	0.000000
1308	0	  0.025440	  0.032365	     -1.00	   2783.63	    331.74	      1.44	      1.32	      3.03	      2.78	68.30	 2.562e-03	     -0.19	Gaussian	0.000000	0.000000
1309	0	  0.025478	  0.046291	     -1.00	   4347.82	   1540.71	      1.96	      1.84	      4.12	      3.86	76.24	 4.225e-04	     -0.19	Gaussian	0.000000	0.000000
1310	0	  0.025504	  0.034667	     -1.00	   2306.05	   4243.48	      2.48	      2.38	      5.21	      5.00	25.57	 1.069e-03	     -0.19	Gaussian	0.000000	0.000000
1311	0	  0.024876	  0.034918	     -1.00	   5222.20	    338.70	      2.81	      1.94	      5.91	      4.07	-3.52	 1.043e-03	     -0.19	Gaussian	0.000000	0.000000
1312	0	  0.025569	  0.045247	     -1.00	   2313.12	   1212.01	      1.96	      1.88	      4.13	      3.95	69.33	 5.203e-04	     -0.19	Gaussian	0.000000	0.000000
1313	0	  0.024831	  0.016497	     -1.00	    430.80	   1220.79	      1.80	      1.80	      3.79	      3.79	75.52	 1.821e-03	     -0.19	Gaussian	0.000000	0.000000
1314	0	  0.025394	  0.027528	     -1.00	   2214.61	   1141.20	      3.73	      2.43	      7.83	      5.11	58.86	 1.580e-03	     -0.19	Gaussian	0.000000	0.000000
1315	0	  0.025716	  0.046183	     -1.00	   2636.22	   2356.96	      1.97	      1.83	      4.14	      3.85	81.05	 4.395e-04	     -0.19	Gaussian	0.000000	0.000000
1316	0	  0.025030	  0.036556	     -1.00	    861.01	   2370.49	      2.25	      2.02	      4.73	      4.25	3.19	 4.823e-04	     -0.19	Gaussian	0.000000	0.000000
1317	0	  0.025437	  0.038367	     -1.00	   1581.81	   3305.52	      1.90	      1.74	      3.99	      3.65	66.80	 1.100e-03	     -0.19	Gaussian	0.000000	0.000000
1318	0	  0.025350	  0.024912	     -1.00	   3098.69	   3972.38	      3.13	      2.98	      6.59	      6.26	78.12	 1.391e-03	     -0.19	Gaussian	0.000000	0.000000
1319	0	  0.024894	  0.032073	     -1.00	    256.38	   1921.07	      2.27	      2.27	      4.78	      4.78	87.00	 5.642e-04	     -0.19	Gaussian	0.000000	0.000000
1320	0	  0.025559	  0.041439	     -1.00	   2115.53	   2146.99	      2.07	      1.94	      4.35	      4.07	-55.39	 4.185e-04	     -0.19	Gaussian	0.000000	0.000000
1321	0	  0.025551	  0.027057	     -1.00	   3502.81	   1393.50	      3.50	      3.34	      7.36	      7.01	82.75	 2.180e-03	     -0.19	Gaussian	0.000000	0.000000
1322	0	  0.024356	  0.032126	     -1.00	   6058.86	    190.38	      2.67	      1.93	      5.60	      4.06	47.67	 4.792e-04	     -0.19	Gaussian	0.000000	0.000000
1323	0	  0.025421	  0.026192	     -1.00	   4671.87	   2718.52	      3.44	      3.32	      7.24	      6.99	79.81	 2.048e-03	     -0.19	Gaussian	0.000000	0.000000
1324	0	  0.025164	  0.037643	     -1.00	    950.44	   2280.76	      2.25	      1.95	      4.74	      4.11	14.42	 4.450e-04	     -0.19	Gaussian	0.000000	0.000000
1325	0	  0.025635	  0.033547	     -1.00	   2888.52	   1373.12	      1.46	      1.40	      3.07	      2.93	65.94	 2.194e-03	     -0.19	Gaussian	0.000000	0.000000
1326	0	  0.025358	  0.015845	     -1.00	   2258.19	   3937.19	      4.04	      3.50	      8.49	      7.35	74.40	 1.867e-03	     -0.19	Gaussian	0.000000	0.000000
1327	0	  0.025219	  0.030259	     -1.00	   1263.32	    717.26	      2.63	      2.50	      5.52	      5.26	37.48	 9.550e-04	     -0.19	Gaussian	0.000000	0.000000
1328	0	  0.025345	  0.042270	     -1.00	   1408.04	   3214.91	      1.98	      1.97	      4.16	      4.14	-57.26	 4.769e-04	     -0.19	Gaussian	0.000000	0.000000
1329	0	  0.025164	  0.020210	     -1.00	   1197.88	   2355.39	      3.34	      3.31	      7.01	      6.96	75.70	 1.483e-03	     -0.19	Gaussian	0.000000	0.000000
1330	0	  0.025050	  0.026132	     -1.00	   5368.59	   3480.41	      3.02	      2.77	      6.34	      5.81	74.29	 1.122e-03	     -0.19	Gaussian	0.000000	0.000000
1331	0	  0.025028	  0.023118	     -1.00	    835.05	   1041.15	      3.31	      2.42	      6.96	      5.08	6.89	 8.376e-04	     -0.19	Gaussian	0.000000	0.000000
1332	0	  0.024869	  0.035154	     -1.00	   5339.27	    296.62	      2.58	      2.31	      5.43	      4.85	60.96	 8.513e-04	     -0.19	Gaussian	0.000000	0.000000
1333	0	  0.025409	  0.033589	     -1.00	   4063.22	   3855.20	      1.75	      1.37	      3.69	      2.89	63.48	 1.671e-03	     -0.19	Gaussian	0.000000	0.000000
1334	0	  0.025508	  0.045226	     -1.00	   2040.67	   2621.88	      1.91	      1.90	      4.02	      3.99	57.46	 4.296e-04	     -0.19	Gaussian	0.000000	0.000000
1335	0	  0.025277	  0.042430	     -1.00	   5117.11	   3256.94	      2.14	      1.81	      4.50	      3.80	57.36	 4.930e-04	     -0.19	Gaussian	0.000000	0.000000
1336	0	  0.025420	  0.025524	     -1.00	   3984.18	   1101.69	      4.11	      2.10	      8.64	      4.42	-31.95	 1.853e-03	     -0.19	Gaussian	0.000000	0.000000
1337	0	  0.025396	  0.030878	     -1.00	   4755.47	   3144.33	      2.31	      2.31	      4.85	      4.85	-61.01	 8.656e-04	     -0.19	Gaussian	0.000000	0.000000
1338	0	  0.025175	  0.037658	     -1.00	   1315.10	    965.68	      2.26	      1.93	      4.75	      4.05	23.36	 4.672e-04	     -0.19	Gaussian	0.000000	0.000000
1339	0	  0.025615	  0.030673	     -1.00	   2664.14	   1888.43	      3.72	      2.66	      7.81	      5.58	2.61	 2.030e-03	     -0.19	Gaussian	0.000000	0.000000
1340	0	  0.025423	  0.043018	     -1.00	   1638.04	   1977.53	      1.83	      1.82	      3.85	      3.82	18.94	 5.696e-04	     -0.19	Gaussian	0.000000	0.000000
1341	0	  0.025363	  0.033813	     -1.00	   4476.47	    190.82	      1.80	      1.60	      3.78	      3.37	67.41	 2.107e-03	     -0.19	Gaussian	0.000000	0.000000
1342	0	  0.025406	  0.044061	     -1.00	   4345.30	   1070.67	      2.00	      1.86	      4.19	      3.92	54.90	 4.689e-04	     -0.19	Gaussian	0.000000	0.000000
1343	0	  0.025610	  0.046320	     -1.00	   2893.94	   3016.63	      1.88	      1.88	      3.95	      3.95	47.13	 4.798e-04	     -0.18	Gaussian	0.000000	0.000000
1344	0	  0.025371	  0.014959	     -1.00	   3981.23	   2287.34	      4.74	      2.39	      9.96	      5.02	72.77	 1.320e-03	     -0.18	Gaussian	0.000000	0.000000
1345	0	  0.026158	  0.047292	     -1.00	   2712.01	   2104.84	      1.86	      1.85	      3.90	      3.90	-29.57	 1.756e-03	     -0.18	Gaussian	0.000000	0.000000
1346	0	  0.025596	  0.037819	     -1.00	   2199.89	   3707.23	      2.36	      2.15	      4.96	      4.52	60.19	 9.040e-04	     -0.18	Gaussian	0.000000	0.000000
1347	0	  0.025568	  0.037001	     -1.00	   2943.34	   1394.58	      2.39	      2.07	      5.01	      4.35	76.56	 6.262e-04	     -0.18	Gaussian	0.000000	0.000000
1348	0	  0.025042	  0.025966	     -1.00	   4679.59	    533.47	      3.04	      2.78	      6.40	      5.85	74.06	 1.233e-03	     -0.18	Gaussian	0.000000	0.000000
1349	0	  0.025208	  0.018808	     -1.00	   4786.20	   2119.33	      4.23	      2.47	      8.89	      5.20	18.41	 1.354e-03	     -0.18	Gaussian	0.000000	0.000000
1350	0	  0.025480	  0.036517	     -1.00	   1227.99	    596.63	      2.31	      1.93	      4.86	      4.05	19.19	 2.181e-03	     -0.18	Gaussian	0.000000	0.000000
1351	0	  0.025533	  0.046017	     -1.00	   2948.54	   1014.74	      1.93	      1.83	      4.07	      3.84	73.24	 4.312e-04	     -0.18	Gaussian	0.000000	0.000000
1352	0	  0.025193	  0.041982	     -1.00	   5474.60	   2275.76	      2.11	      1.83	      4.43	      3.84	45.79	 4.540e-04	     -0.18	Gaussian	0.000000	0.000000
1353	0	  0.025284	  0.032312	     -1.00	   3138.38	    164.28	      3.10	      2.49	      6.51	      5.23	38.33	 1.387e-03	     -0.18	Gaussian	0.000000	0.000000
1354	0	  0.024915	  0.015812	     -1.00	    706.13	   1320.10	      4.39	      3.31	      9.22	      6.96	77.14	 1.450e-03	     -0.18	Gaussian	0.000000	0.000000
1355	0	  0.025567	  0.027445	     -1.00	   3283.59	   1268.17	      4.13	      2.43	      8.68	      5.11	-10.69	 2.038e-03	     -0.18	Gaussian	0.000000	0.000000
1356	0	  0.025261	  0.021281	     -1.00	   1229.81	   3083.16	      1.67	      1.61	      3.52	      3.39	71.78	 2.385e-03	     -0.18	Gaussian	0.000000	0.000000
1357	0	  0.025717	  0.044033	     -1.00	   3133.21	   2808.84	      2.00	      1.84	      4.20	      3.86	72.87	 4.633e-04	     -0.18	Gaussian	0.000000	0.000000
1358	0	  0.025476	  0.045527	     -1.00	   2904.01	    798.07	      1.95	      1.82	      4.10	      3.82	61.14	 4.203e-04	     -0.18	Gaussian	0.000000	0.000000
1359	0	  0.025138	  0.018537	     -1.00	   2697.03	   3924.62	      3.83	      2.39	      8.05	      5.02	39.22	 1.054e-03	     -0.18	Gaussian	0.000000	0.000000
1360	0	  0.025779	  0.046229	     -1.00	   2621.77	   1028.63	      1.93	      1.80	      4.06	      3.78	63.73	 7.855e-04	     -0.18	Gaussian	0.000000	0.000000
1361	0	  0.025344	  0.044110	     -1.00	   4065.60	    656.81	      1.96	      1.86	      4.11	      3.90	61.17	 4.928e-04	     -0.18	Gaussian	0.000000	0.000000
1362	0	  0.025295	  0.038119	     -1.00	   1524.79	    761.57	      2.18	      1.93	      4.59	      4.06	25.78	 5.063e-04	     -0.18	Gaussian	0.000000	0.000000
1363	0	  0.025550	  0.046146	     -1.00	   3105.95	   3691.81	      1.93	      1.80	      4.06	      3.77	65.65	 4.370e-04	     -0.18	Gaussian	0.000000	0.000000
1364	0	  0.025403	  0.025787	     -1.00	   2752.54	    439.85	      1.46	      1.45	      3.07	      3.04	26.14	 2.433e-03	     -0.18	Gaussian	0.000000	0.000000
1365	0	  0.025377	  0.040108	     -1.00	   2286.38	   3799.63	      2.05	      1.95	      4.31	      4.09	-83.97	 3.967e-04	     -0.18	Gaussian	0.000000	0.000000
1366	0	  0.025373	  0.033203	     -1.00	   4686.73	   3491.30	      3.22	      1.96	      6.76	      4.13	40.32	 1.250e-03	     -0.18	Gaussian	0.000000	0.000000
1367	0	  0.025157	  0.035568	     -1.00	   1099.51	   3549.64	      2.12	      2.11	      4.45	      4.44	78.27	 4.835e-04	     -0.18	Gaussian	0.000000	0.000000
1368	0	  0.024502	  0.028011	     -1.00	    250.88	     80.72	      2.57	      2.22	      5.39	      4.67	-0.65	 5.539e-04	     -0.18	Gaussian	0.000000	0.000000
1369	0	  0.025328	  0.025311	     -1.00	   2134.58	   4094.74	      3.46	      3.33	      7.27	      7.00	8.51	 1.931e-03	     -0.18	Gaussian	0.000000	0.000000
1370	0	  0.025453	  0.042491	     -1.00	   4314.92	   1127.26	      2.04	      1.83	      4.30	      3.85	69.04	 4.205e-04	     -0.18	Gaussian	0.000000	0.000000
1371	0	  0.025121	  0.015218	     -1.00	   4012.34	   3790.28	      4.66	      2.34	      9.79	      4.91	75.83	 1.256e-03	     -0.18	Gaussian	0.000000	0.000000
1372	0	  0.026001	  0.038210	     -1.00	   1210.77	   3058.81	      2.05	      2.02	      4.32	      4.25	35.45	 7.460e-04	     -0.18	Gaussian	0.000000	0.000000
1373	0	  0.025410	  0.023562	     -1.00	   3118.77	    783.42	      3.53	      1.92	      7.41	      4.03	60.90	 6.735e-04	     -0.18	Gaussian	0.000000	0.000000
1374	0	  0.025532	  0.043831	     -1.00	   2316.52	   1317.77	      1.95	      1.86	      4.10	      3.92	38.98	 4.887e-04	     -0.18	Gaussian	0.000000	0.000000
1375	0	  0.025191	  0.020855	     -1.00	   1288.78	   1434.53	      3.18	      3.16	      6.68	      6.65	75.11	 1.296e-03	     -0.18	Gaussian	0.000000	0.000000
1376	0	  0.025377	  0.043278	     -1.00	   3085.73	    497.98	      1.91	      1.91	      4.02	      4.02	8.77	 4.776e-04	     -0.18	Gaussian	0.000000	0.000000
1377	0	  0.024944	  0.013408	     -1.00	   4682.07	    702.30	      4.52	      3.69	      9.50	      7.76	69.57	 1.629e-03	     -0.18	Gaussian	0.000000	0.000000
1378	0	  0.025183	  0.018038	     -1.00	   1828.32	   3012.52	      3.80	      2.36	      7.98	      4.96	55.69	 1.028e-03	     -0.18	Gaussian	0.000000	0.000000
1379	0	  0.024732	  0.029426	     -1.00	   6052.51	   3179.26	      2.90	      2.23	      6.10	      4.68	44.34	 7.334e-04	     -0.18	Gaussian	0.000000	0.000000
1380	0	  0.024386	  0.031948	     -1.00	   6332.76	    379.05	      2.54	      1.95	      5.34	      4.10	46.99	 5.874e-04	     -0.18	Gaussian	0.000000	0.000000
1381	0	  0.024726	  0.027667	     -1.00	   6332.64	    909.42	      3.32	      3.18	      6.98	      6.68	75.61	 1.696e-03	     -0.18	Gaussian	0.000000	0.000000
1382	0	  0.025132	  0.036854	     -1.00	   2289.31	     65.92	      2.28	      1.88	      4.79	      3.95	33.60	 4.492e-04	     -0.18	Gaussian	0.000000	0.000000
1383	0	  0.025250	  0.025303	     -1.00	    451.31	   3083.24	      1.87	      1.65	      3.92	      3.47	58.46	 1.910e-03	     -0.18	Gaussian	0.000000	0.000000
1384	0	  0.025276	  0.031742	     -1.00	    668.37	   2117.06	      2.72	      2.05	      5.72	      4.30	81.97	 9.375e-04	     -0.18	Gaussian	0.000000	0.000000
1385	0	  0.025243	  0.042897	     -1.00	   4972.06	   1478.05	      1.96	      1.87	      4.13	      3.92	68.60	 4.736e-04	     -0.18	Gaussian	0.000000	0.000000
1386	0	  0.025348	  0.030191	     -1.00	   1685.19	    800.14	      1.87	      1.67	      3.93	      3.50	64.98	 1.308e-03	     -0.18	Gaussian	0.000000	0.000000
1387	0	  0.025668	  0.024455	     -1.00	   2766.66	   2691.73	      3.60	      3.53	      7.56	      7.42	8.55	 2.144e-03	     -0.18	Gaussian	0.000000	0.000000
1388	0	  0.024970	  0.030981	     -1.00	    469.10	   2161.46	      2.37	      2.34	      4.97	      4.92	47.28	 5.325e-04	     -0.18	Gaussian	0.000000	0.000000
1389	0	  0.024941	  0.029172	     -1.00	    452.56	   3163.93	      2.32	      2.31	      4.87	      4.87	-77.82	 5.290e-04	     -0.18	Gaussian	0.000000	0.000000
1390	0	  0.026713	  0.046037	     -1.00	   3195.15	   2213.97	      1.85	      1.84	      3.89	      3.86	40.37	 4.438e-03	     -0.18	Gaussian	0.000000	0.000000
1391	0	  0.025233	  0.013936	     -1.00	   3943.44	   3339.31	      4.60	      2.49	      9.66	      5.23	79.62	 1.204e-03	     -0.18	Gaussian	0.000000	0.000000
1392	0	  0.025263	  0.035360	     -1.00	   1367.03	   1092.08	      2.20	      2.01	      4.62	      4.21	11.46	 4.951e-04	     -0.18	Gaussian	0.000000	0.000000
1393	0	  0.025204	  0.038245	     -1.00	   4717.39	    508.04	      2.11	      1.93	      4.44	      4.05	63.99	 7.816e-04	     -0.18	Gaussian	0.000000	0.000000
1394	0	  0.024788	  0.027876	     -1.00	   5930.61	   3413.41	      2.83	      2.17	      5.94	      4.57	55.54	 7.113e-04	     -0.18	Gaussian	0.000000	0.000000
1395	0	  0.025446	  0.025436	     -1.00	   3450.85	    544.55	      3.39	      3.30	      7.13	      6.93	77.01	 1.997e-03	     -0.18	Gaussian	0.000000	0.000000
1396	0	  0.024719	  0.032499	     -1.00	   5560.12	    455.30	      2.58	      2.04	      5.42	      4.29	45.55	 5.665e-04	     -0.18	Gaussian	0.000000	0.000000
1397	0	  0.025569	  0.028456	     -1.00	   2834.95	   3262.40	      2.91	      2.19	      6.13	      4.60	17.56	 1.161e-03	     -0.18	Gaussian	0.000000	0.000000
1398	0	  0.025577	  0.042562	     -1.00	   2634.84	    983.01	      2.01	      1.81	      4.22	      3.81	63.37	 5.605e-04	     -0.18	Gaussian	0.000000	0.000000
1399	0	  0.024880	  0.037492	     -1.00	   5820.68	   3997.74	      2.24	      1.84	      4.71	      3.86	61.20	 5.695e-04	     -0.18	Gaussian	0.000000	0.000000
1400	0	  0.024695	  0.023132	     -1.00	   5840.63	   3995.20	      3.05	      2.89	      6.40	      6.07	75.27	 1.032e-03	     -0.18	Gaussian	0.000000	0.000000
1401	0	  0.025275	  0.041309	     -1.00	   5588.83	   1981.85	      2.05	      1.82	      4.32	      3.82	46.03	 9.119e-04	     -0.18	Gaussian	0.000000	0.000000
1402	0	  0.024985	  0.015850	     -1.00	    482.97	   2288.24	      4.13	      3.56	      8.68	      7.48	72.81	 1.297e-03	     -0.18	Gaussian	0.000000	0.000000
1403	0	  0.025320	  0.014252	     -1.00	   2339.34	   2430.25	      4.73	      2.37	      9.94	      4.98	81.19	 1.262e-03	     -0.18	Gaussian	0.000000	0.000000
1404	0	  0.024621	  0.022253	     -1.00	    444.17	    266.28	      1.85	      1.72	      3.90	      3.62	37.16	 1.295e-03	     -0.18	Gaussian	0.000000	0.000000
1405	0	  0.025600	  0.041812	     -1.00	   3211.40	    757.83	      1.54	      1.46	      3.23	      3.07	50.61	 1.328e-03	     -0.17	Gaussian	0.000000	0.000000
1406	0	  0.025392	  0.033790	     -1.00	   4980.47	   2530.86	      3.14	      2.09	      6.60	      4.38	33.05	 1.284e-03	     -0.17	Gaussian	0.000000	0.000000
1407	0	  0.024908	  0.025971	     -1.00	    717.24	   1260.44	      3.23	      2.02	      6.79	      4.24	-18.04	 7.242e-04	     -0.17	Gaussian	0.000000	0.000000
1408	0	  0.025388	  0.029754	     -1.00	   3159.57	    625.12	      1.64	      1.50	      3.44	      3.15	64.29	 1.853e-03	     -0.17	Gaussian	0.000000	0.000000
1409	0	  0.024597	  0.019416	     -1.00	    554.79	    224.16	      3.02	      2.95	      6.35	      6.19	76.79	 7.381e-04	     -0.17	Gaussian	0.000000	0.000000
1410	0	  0.025214	  0.027421	     -1.00	   3766.33	    170.24	      3.27	      2.48	      6.88	      5.22	31.15	 1.306e-03	     -0.17	Gaussian	0.000000	0.000000
1411	0	  0.025316	  0.032192	     -1.00	    565.65	   1795.16	      2.18	      2.18	      4.59	      4.59	55.22	 8.987e-04	     -0.17	Gaussian	0.000000	0.000000
1412	0	  0.024749	  0.022920	     -1.00	    769.51	    121.50	      2.59	      2.58	      5.44	      5.43	-87.42	 4.868e-04	     -0.17	Gaussian	0.000000	0.000000
1413	0	  0.025470	  0.021869	     -1.00	   2348.68	   3519.39	      3.50	      3.27	      7.36	      6.86	80.40	 1.605e-03	     -0.17	Gaussian	0.000000	0.000000
1414	0	  0.025148	  0.040319	     -1.00	   5350.49	   1471.91	      2.02	      1.88	      4.24	      3.95	64.56	 4.189e-04	     -0.17	Gaussian	0.000000	0.000000
1415	0	  0.025115	  0.031459	     -1.00	   5073.47	    705.37	      2.67	      2.10	      5.62	      4.42	32.49	 9.365e-04	     -0.17	Gaussian	0.000000	0.000000
1416	0	  0.024680	  0.023002	     -1.00	    477.37	    735.15	      3.35	      2.42	      7.03	      5.09	-20.94	 7.161e-04	     -0.17	Gaussian	0.000000	0.000000
1417	0	  0.024879	  0.030681	     -1.00	    782.32	    620.01	      3.04	      2.92	      6.38	      6.14	72.81	 1.280e-03	     -0.17	Gaussian	0.000000	0.000000
1418	0	  0.025665	  0.042390	     -1.00	   2061.14	   2160.05	      1.90	      1.88	      3.99	      3.95	-88.78	 4.829e-04	     -0.17	Gaussian	0.000000	0.000000
1419	0	  0.024690	  0.037009	     -1.00	   6177.66	   3401.95	      2.23	      1.84	      4.69	      3.86	57.41	 4.902e-04	     -0.17	Gaussian	0.000000	0.000000
1420	0	  0.024966	  0.038521	     -1.00	   5290.92	    893.28	      2.15	      1.83	      4.51	      3.84	54.73	 4.462e-04	     -0.17	Gaussian	0.000000	0.000000
1421	0	  0.025335	  0.038197	     -1.00	   1297.49	   1366.83	      1.99	      1.99	      4.19	      4.19	67.67	 6.964e-04	     -0.17	Gaussian	0.000000	0.000000
1422	0	  0.024857	  0.030464	     -1.00	    600.55	   1176.15	      2.23	      2.23	      4.68	      4.68	59.40	 5.257e-04	     -0.17	Gaussian	0.000000	0.000000
1423	0	  0.024957	  0.024561	     -1.00	   5411.65	   4170.83	      3.70	      3.68	      7.77	      7.73	14.11	 2.199e-03	     -0.17	Gaussian	0.000000	0.000000
1424	0	  0.025485	  0.019834	     -1.00	   2594.84	   1907.41	      3.60	      3.55	      7.57	      7.47	77.20	 1.775e-03	     -0.17	Gaussian	0.000000	0.000000
1425	0	  0.025187	  0.018417	     -1.00	   3727.53	   4191.82	      3.97	      3.90	      8.35	      8.19	14.65	 1.942e-03	     -0.17	Gaussian	0.000000	0.000000
1426	0	  0.024971	  0.015125	     -1.00	    914.04	   3306.05	      4.14	      3.60	      8.71	      7.56	-86.43	 1.266e-03	     -0.17	Gaussian	0.000000	0.000000
1427	0	  0.025097	  0.035126	     -1.00	    922.82	   1767.89	      2.25	      1.91	      4.73	      4.02	12.83	 4.791e-04	     -0.17	Gaussian	0.000000	0.000000
1428	0	  0.025621	  0.040146	     -1.00	   3378.49	   3322.60	      2.01	      1.86	      4.23	      3.92	-86.43	 4.202e-04	     -0.17	Gaussian	0.000000	0.000000
1429	0	  0.025530	  0.029605	     -1.00	   2774.59	    958.21	      3.38	      1.74	      7.10	      3.66	72.71	 1.205e-03	     -0.17	Gaussian	0.000000	0.000000
1430	0	  0.025226	  0.022376	     -1.00	   4086.55	    175.28	      1.91	      1.28	      4.01	      2.68	3.76	 1.975e-03	     -0.17	Gaussian	0.000000	0.000000
1431	0	  0.025751	  0.039753	     -1.00	   3387.94	   2209.16	      2.05	      1.84	      4.31	      3.87	-88.60	 4.346e-04	     -0.17	Gaussian	0.000000	0.000000
1432	0	  0.024921	  0.029248	     -1.00	    269.73	   2053.03	      2.26	      2.26	      4.76	      4.76	60.43	 5.285e-04	     -0.17	Gaussian	0.000000	0.000000
1433	0	  0.025649	  0.028802	     -1.00	   4391.67	   3355.75	      1.39	      1.27	      2.92	      2.67	68.75	 2.480e-03	     -0.17	Gaussian	0.000000	0.000000
1434	0	  0.025619	  0.031465	     -1.00	   3273.27	   1654.15	      2.49	      2.06	      5.24	      4.34	64.37	 6.795e-04	     -0.17	Gaussian	0.000000	0.000000
1435	0	  0.024859	  0.026531	     -1.00	    623.25	   3950.85	      2.51	      2.25	      5.27	      4.73	-3.84	 4.865e-04	     -0.17	Gaussian	0.000000	0.000000
1436	0	  0.024849	  0.029473	     -1.00	    354.56	   1577.96	      2.43	      2.09	      5.10	      4.40	13.69	 4.897e-04	     -0.17	Gaussian	0.000000	0.000000
1437	0	  0.025435	  0.042418	     -1.00	   2831.60	   3781.94	      1.89	      1.86	      3.98	      3.92	-77.45	 4.587e-04	     -0.17	Gaussian	0.000000	0.000000
1438	0	  0.024923	  0.029728	     -1.00	    415.63	   2082.74	      2.24	      2.24	      4.71	      4.71	51.08	 4.971e-04	     -0.17	Gaussian	0.000000	0.000000
1439	0	  0.025149	  0.028461	     -1.00	   4557.28	   4200.44	      3.04	      2.00	      6.39	      4.20	62.42	 9.642e-04	     -0.17	Gaussian	0.000000	0.000000
1440	0	  0.025017	  0.020361	     -1.00	   5481.99	   1618.53	      3.28	      3.24	      6.89	      6.82	73.81	 1.543e-03	     -0.17	Gaussian	0.000000	0.000000
1441	0	  0.025586	  0.042414	     -1.00	   3335.93	   3478.88	      1.97	      1.79	      4.13	      3.77	77.00	 4.669e-04	     -0.17	Gaussian	0.000000	0.000000
1442	0	  0.024926	  0.027353	     -1.00	    494.14	    562.98	      2.58	      2.11	      5.43	      4.44	12.15	 9.494e-04	     -0.17	Gaussian	0.000000	0.000000
1443	0	  0.025581	  0.040140	     -1.00	   3258.26	   3615.72	      2.00	      1.85	      4.21	      3.90	71.79	 3.898e-04	     -0.17	Gaussian	0.000000	0.000000
1444	0	  0.025638	  0.039698	     -1.00	   3839.23	   2676.74	      1.99	      1.88	      4.19	      3.95	87.04	 3.878e-04	     -0.17	Gaussian	0.000000	0.000000
1445	0	  0.025153	  0.031462	     -1.00	   1205.72	    955.55	      2.33	      2.04	      4.89	      4.28	15.42	 4.340e-04	     -0.17	Gaussian	0.000000	0.000000
1446	0	  0.025088	  0.022715	     -1.00	   1772.47	    308.51	      2.93	      2.80	      6.16	      5.88	76.41	 9.366e-04	     -0.17	Gaussian	0.000000	0.000000
1447	0	  0.024808	  0.028709	     -1.00	   6022.07	   1558.41	      2.52	      2.25	      5.30	      4.73	20.84	 6.871e-04	     -0.17	Gaussian	0.000000	0.000000
1448	0	  0.025565	  0.040351	     -1.00	   3619.96	   1396.52	      1.92	      1.92	      4.04	      4.03	0.41	 4.004e-04	     -0.17	Gaussian	0.000000	0.000000
1449	0	  0.025197	  0.040499	     -1.00	   4412.94	    490.54	      2.03	      1.81	      4.27	      3.81	56.47	 4.059e-04	     -0.17	Gaussian	0.000000	0.000000
1450	0	  0.025216	  0.038528	     -1.00	   5291.54	   2627.68	      2.09	      1.85	      4.39	      3.89	56.87	 4.037e-04	     -0.17	Gaussian	0.000000	0.000000
1451	0	  0.025005	  0.020319	     -1.00	   5514.19	   3607.10	      3.65	      3.64	      7.67	      7.66	79.91	 1.881e-03	     -0.17	Gaussian	0.000000	0.000000
1452	0	  0.025514	  0.022014	     -1.00	   3179.90	   1442.23	      1.57	      1.44	      3.30	      3.03	65.89	 2.490e-03	     -0.17	Gaussian	0.000000	0.000000
1453	0	  0.025370	  0.026097	     -1.00	   4637.33	   1893.22	      3.15	      2.51	      6.62	      5.28	19.92	 1.137e-03	     -0.17	Gaussian	0.000000	0.000000
1454	0	  0.025301	  0.037747	     -1.00	   2102.75	    344.85	      2.14	      1.84	      4.50	      3.86	28.61	 5.002e-04	     -0.17	Gaussian	0.000000	0.000000
1455	0	  0.025760	  0.041652	     -1.00	   3271.73	   2453.88	      1.94	      1.83	      4.09	      3.84	-88.79	 4.114e-04	     -0.17	Gaussian	0.000000	0.000000
1456	0	  0.025026	  0.034012	     -1.00	    722.42	   1194.93	      1.34	      1.34	      2.82	      2.82	58.94	 1.722e-03	     -0.17	Gaussian	0.000000	0.000000
1457	0	  0.025570	  0.041766	     -1.00	   2479.00	   1798.84	      1.92	      1.85	      4.03	      3.89	85.65	 4.187e-04	     -0.17	Gaussian	0.000000	0.000000
1458	0	  0.025334	  0.018909	     -1.00	   3456.16	   3155.63	      3.55	      2.40	      7.46	      5.05	28.20	 1.068e-03	     -0.17	Gaussian	0.000000	0.000000
1459	0	  0.025571	  0.034300	     -1.00	   2203.68	   2440.52	      2.30	      2.05	      4.84	      4.31	65.17	 6.114e-04	     -0.17	Gaussian	0.000000	0.000000
1460	0	  0.025341	  0.022883	     -1.00	   1567.50	   2398.52	      3.08	      2.86	      6.48	      6.01	78.16	 1.147e-03	     -0.17	Gaussian	0.000000	0.000000
1461	0	  0.025590	  0.022717	     -1.00	   3853.93	   2380.38	      3.37	      3.30	      7.09	      6.94	85.01	 1.725e-03	     -0.17	Gaussian	0.000000	0.000000
1462	0	  0.025390	  0.036333	     -1.00	   1945.38	   1010.57	      2.16	      2.06	      4.55	      4.34	45.28	 4.727e-04	     -0.17	Gaussian	0.000000	0.000000
1463	0	  0.025305	  0.029525	     -1.00	   4372.66	    888.46	      2.70	      2.20	      5.67	      4.63	61.84	 7.616e-04	     -0.17	Gaussian	0.000000	0.000000
1464	0	  0.025298	  0.030217	     -1.00	   1821.31	   3473.08	      2.44	      2.25	      5.12	      4.73	71.17	 6.484e-04	     -0.17	Gaussian	0.000000	0.000000
1465	0	  0.025250	  0.016183	     -1.00	   1365.04	   2691.33	      3.63	      3.33	      7.63	      7.01	70.09	 1.479e-03	     -0.17	Gaussian	0.000000	0.000000
1466	0	  0.025126	  0.038763	     -1.00	   5358.87	   1796.56	      2.06	      1.84	      4.34	      3.86	50.84	 4.280e-04	     -0.17	Gaussian	0.000000	0.000000
1467	0	  0.025118	  0.013017	     -1.00	   1560.12	   1799.35	      4.58	      2.56	      9.62	      5.37	69.36	 1.079e-03	     -0.17	Gaussian	0.000000	0.000000
1468	0	  0.024988	  0.015015	     -1.00	    910.01	   2728.25	      4.17	      3.69	      8.77	      7.75	75.67	 1.287e-03	     -0.17	Gaussian	0.000000	0.000000
1469	0	  0.025167	  0.026942	     -1.00	   5448.24	   3034.53	      3.82	      2.54	      8.03	      5.34	13.88	 1.833e-03	     -0.17	Gaussian	0.000000	0.000000
1470	0	  0.025755	  0.038799	     -1.00	   3233.80	   2237.99	      2.04	      1.85	      4.30	      3.89	-86.60	 4.054e-04	     -0.17	Gaussian	0.000000	0.000000
1471	0	  0.025378	  0.022750	     -1.00	   2207.77	   3645.57	      3.41	      3.30	      7.17	      6.93	81.54	 1.704e-03	     -0.17	Gaussian	0.000000	0.000000
1472	0	  0.024711	  0.036847	     -1.00	   5969.65	   1117.73	      2.15	      1.86	      4.52	      3.91	46.80	 4.428e-04	     -0.17	Gaussian	0.000000	0.000000
1473	0	  0.024328	  0.016803	     -1.00	     49.47	     62.64	      2.16	      2.16	      4.55	      4.54	84.86	 1.125e-03	     -0.17	Gaussian	0.000000	0.000000
1474	0	  0.024777	  0.023603	     -1.00	    376.23	   4110.43	      2.49	      2.49	      5.24	      5.24	84.58	 4.709e-04	     -0.17	Gaussian	0.000000	0.000000
1475	0	  0.025719	  0.039978	     -1.00	   3057.99	   2198.84	      2.00	      1.83	      4.20	      3.86	-82.07	 4.038e-04	     -0.17	Gaussian	0.000000	0.000000
1476	0	  0.025633	  0.015272	     -1.00	   3437.10	   1986.25	      4.01	      3.78	      8.43	      7.95	77.72	 1.685e-03	     -0.17	Gaussian	0.000000	0.000000
1477	0	  0.025302	  0.037638	     -1.00	   3879.19	   3984.80	      2.07	      1.87	      4.35	      3.93	63.42	 4.597e-04	     -0.17	Gaussian	0.000000	0.000000
1478	0	  0.025903	  0.029278	     -1.00	   5166.60	   3539.91	      1.54	      1.35	      3.25	      2.83	67.17	 3.364e-03	     -0.17	Gaussian	0.000000	0.000000
1479	0	  0.024676	  0.026296	     -1.00	    816.56	     15.70	      2.64	      2.11	      5.54	      4.43	11.21	 5.891e-04	     -0.17	Gaussian	0.000000	0.000000
1480	0	  0.025296	  0.026460	     -1.00	   3316.43	    404.14	      2.98	      2.49	      6.26	      5.23	75.49	 1.025e-03	     -0.17	Gaussian	0.000000	0.000000
1481	0	  0.024343	  0.014982	     -1.00	   5742.07	     24.10	      4.15	      3.96	      8.73	      8.31	74.06	 1.490e-03	     -0.17	Gaussian	0.000000	0.000000
1482	0	  0.025326	  0.019359	     -1.00	   2107.41	   1634.26	      3.40	      2.83	      7.16	      5.94	84.32	 1.190e-03	     -0.17	Gaussian	0.000000	0.000000
1483	0	  0.025562	  0.023219	     -1.00	   2861.57	   1183.87	      1.37	      1.35	      2.87	      2.83	27.87	 2.443e-03	     -0.17	Gaussian	0.000000	0.000000
1484	0	  0.025030	  0.021494	     -1.00	   1352.31	    616.48	      3.31	      2.05	      6.95	      4.30	13.14	 6.004e-04	     -0.17	Gaussian	0.000000	0.000000
1485	0	  0.025347	  0.037518	     -1.00	   1888.59	   1175.72	      2.02	      1.92	      4.24	      4.05	22.82	 4.019e-04	     -0.17	Gaussian	0.000000	0.000000
1486	0	  0.025355	  0.040176	     -1.00	   4315.16	   3740.92	      2.00	      1.81	      4.19	      3.81	71.66	 4.282e-04	     -0.17	Gaussian	0.000000	0.000000
1487	0	  0.025217	  0.031339	     -1.00	   1411.47	   4108.50	      1.78	      1.68	      3.74	      3.53	80.62	 1.071e-03	     -0.17	Gaussian	0.000000	0.000000
1488	0	  0.025450	  0.032459	     -1.00	   1867.78	   2537.56	      2.66	      2.35	      5.59	      4.95	65.38	 1.014e-03	     -0.17	Gaussian	0.000000	0.000000
1489	0	  0.025277	  0.039190	     -1.00	   4812.50	   1122.66	      1.99	      1.87	      4.18	      3.92	48.49	 4.369e-04	     -0.17	Gaussian	0.000000	0.000000
1490	0	  0.025225	  0.029203	     -1.00	   4780.24	   1317.96	      2.54	      1.95	      5.33	      4.11	73.68	 3.821e-04	     -0.17	Gaussian	0.000000	0.000000
1491	0	  0.025278	  0.035191	     -1.00	   2321.93	   4255.46	      2.05	      2.00	      4.31	      4.20	-51.01	 4.390e-04	     -0.17	Gaussian	0.000000	0.000000
1492	0	  0.025506	  0.028645	     -1.00	   1789.63	   1435.34	      2.91	      1.93	      6.11	      4.06	43.47	 9.721e-04	     -0.17	Gaussian	0.000000	0.000000
1493	0	  0.025374	  0.034014	     -1.00	   2377.44	   4019.84	      2.28	      1.99	      4.79	      4.18	35.82	 5.576e-04	     -0.17	Gaussian	0.000000	0.000000
1494	0	  0.024669	  0.022276	     -1.00	    924.48	    192.35	      2.04	      1.80	      4.29	      3.77	8.88	 1.009e-03	     -0.17	Gaussian	0.000000	0.000000
1495	0	  0.025147	  0.017916	     -1.00	   4426.23	   3652.51	      3.77	      2.23	      7.93	      4.69	48.29	 9.741e-04	     -0.17	Gaussian	0.000000	0.000000
1496	0	  0.025580	  0.039831	     -1.00	   2190.95	   2217.33	      1.93	      1.88	      4.05	      3.96	84.99	 4.048e-04	     -0.17	Gaussian	0.000000	0.000000
1497	0	  0.024861	  0.028997	     -1.00	    626.03	   3910.58	      2.34	      2.13	      4.93	      4.48	-8.39	 4.749e-04	     -0.17	Gaussian	0.000000	0.000000
1498	0	  0.025415	  0.039287	     -1.00	   2438.03	    564.79	      2.03	      1.82	      4.27	      3.82	43.48	 4.529e-04	     -0.17	Gaussian	0.000000	0.000000
1499	0	  0.025410	  0.020105	     -1.00	   4037.63	   2203.08	      3.95	      2.07	      8.31	      4.34	56.78	 1.144e-03	     -0.17	Gaussian	0.000000	0.000000
1500	0	  0.025425	  0.039246	     -1.00	   4165.39	   3700.82	      2.02	      1.83	      4.24	      3.84	66.95	 4.238e-04	     -0.17	Gaussian	0.000000	0.000000
1501	0	  0.024781	  0.017685	     -1.00	    117.54	   3015.65	      1.95	      1.91	      4.10	      4.02	83.48	 1.275e-03	     -0.17	Gaussian	0.000000	0.000000
1502	0	  0.024516	  0.032039	     -1.00	   6139.99	    363.70	      2.39	      1.89	      5.03	      3.96	46.41	 7.785e-04	     -0.16	Gaussian	0.000000	0.000000
1503	0	  0.025112	  0.038178	     -1.00	   4777.83	   4166.74	      2.09	      1.81	      4.40	      3.81	60.85	 4.677e-04	     -0.16	Gaussian	0.000000	0.000000
1504	0	  0.025680	  0.039428	     -1.00	   2903.71	   1940.81	      2.02	      1.81	      4.25	      3.80	-84.29	 3.962e-04	     -0.16	Gaussian	0.000000	0.000000
1505	0	  0.025458	  0.037619	     -1.00	   4968.44	   1987.02	      2.06	      1.86	      4.33	      3.91	59.35	 5.655e-04	     -0.16	Gaussian	0.000000	0.000000
1506	0	  0.025579	  0.040722	     -1.00	   2417.70	   1772.67	      1.92	      1.84	      4.04	      3.87	84.72	 4.446e-04	     -0.16	Gaussian	0.000000	0.000000
1507	0	  0.024728	  0.024333	     -1.00	    661.42	    329.40	      2.22	      2.03	      4.66	      4.27	2.80	 6.357e-04	     -0.16	Gaussian	0.000000	0.000000
1508	0	  0.025401	  0.028534	     -1.00	   1595.45	   3901.25	      1.58	      1.48	      3.31	      3.12	86.19	 1.776e-03	     -0.16	Gaussian	0.000000	0.000000
1509	0	  0.025387	  0.026619	     -1.00	   2987.19	   3844.16	      2.86	      2.21	      6.02	      4.65	69.43	 9.043e-04	     -0.16	Gaussian	0.000000	0.000000
1510	0	  0.024994	  0.025921	     -1.00	   4696.37	    593.59	      3.02	      2.42	      6.34	      5.08	59.46	 9.975e-04	     -0.16	Gaussian	0.000000	0.000000
1511	0	  0.025418	  0.018367	     -1.00	   1297.86	   4164.10	      1.71	      1.66	      3.58	      3.48	72.89	 2.325e-03	     -0.16	Gaussian	0.000000	0.000000
1512	0	  0.024783	  0.018603	     -1.00	   1445.67	     42.34	      3.27	      3.27	      6.88	      6.88	72.48	 9.379e-04	     -0.16	Gaussian	0.000000	0.000000
1513	0	  0.025310	  0.025069	     -1.00	   1631.33	   2356.17	      2.90	      2.56	      6.09	      5.38	81.75	 9.796e-04	     -0.16	Gaussian	0.000000	0.000000
1514	0	  0.025785	  0.038438	     -1.00	   3079.75	   2088.87	      1.99	      1.85	      4.19	      3.89	83.81	 5.221e-04	     -0.16	Gaussian	0.000000	0.000000
1515	0	  0.025494	  0.038562	     -1.00	   4055.24	   1532.66	      1.96	      1.88	      4.12	      3.95	71.01	 4.185e-04	     -0.16	Gaussian	0.000000	0.000000
1516	0	  0.024787	  0.034766	     -1.00	   5980.89	   3631.26	      2.22	      1.85	      4.66	      3.88	59.58	 4.587e-04	     -0.16	Gaussian	0.000000	0.000000
1517	0	  0.025571	  0.017841	     -1.00	   3576.51	   1836.21	      3.90	      3.87	      8.19	      8.14	10.75	 1.999e-03	     -0.16	Gaussian	0.000000	0.000000
1518	0	  0.024603	  0.022686	     -1.00	    159.85	   4079.02	      2.75	      2.64	      5.79	      5.55	36.72	 5.721e-04	     -0.16	Gaussian	0.000000	0.000000
1519	0	  0.025579	  0.028754	     -1.00	   3984.11	   2613.66	      2.84	      2.49	      5.97	      5.22	8.65	 1.136e-03	     -0.16	Gaussian	0.000000	0.000000
1520	0	  0.025157	  0.034203	     -1.00	   1245.58	   1022.84	      2.24	      1.86	      4.70	      3.91	25.96	 4.039e-04	     -0.16	Gaussian	0.000000	0.000000
1521	0	  0.025209	  0.030001	     -1.00	   1718.77	   4064.38	      1.53	      1.52	      3.21	      3.20	25.69	 1.801e-03	     -0.16	Gaussian	0.000000	0.000000
1522	0	  0.024673	  0.022919	     -1.00	    235.25	   3875.77	      2.67	      2.32	      5.61	      4.88	6.21	 5.411e-04	     -0.16	Gaussian	0.000000	0.000000
1523	0	  0.025208	  0.029016	     -1.00	   4664.39	   3918.26	      2.98	      2.26	      6.26	      4.76	42.68	 9.538e-04	     -0.16	Gaussian	0.000000	0.000000
1524	0	  0.025425	  0.030706	     -1.00	    887.93	   1147.70	      2.38	      1.94	      5.00	      4.09	18.97	 1.592e-03	     -0.16	Gaussian	0.000000	0.000000
1525	0	  0.025619	  0.037724	     -1.00	   3977.03	   2197.01	      2.01	      1.86	      4.23	      3.91	81.74	 4.327e-04	     -0.16	Gaussian	0.000000	0.000000
1526	0	  0.024803	  0.031299	     -1.00	   5931.61	   3238.46	      2.37	      1.97	      4.98	      4.14	56.44	 4.234e-04	     -0.16	Gaussian	0.000000	0.000000
1527	0	  0.025207	  0.035369	     -1.00	   1205.51	   1043.03	      1.77	      1.77	      3.73	      3.71	64.37	 9.085e-04	     -0.16	Gaussian	0.000000	0.000000
1528	0	  0.025499	  0.039966	     -1.00	   2009.97	   2842.33	      1.88	      1.88	      3.95	      3.95	30.84	 3.881e-04	     -0.16	Gaussian	0.000000	0.000000
1529	0	  0.025106	  0.032583	     -1.00	   1430.14	   4195.81	      2.09	      2.07	      4.39	      4.35	-57.59	 4.615e-04	     -0.16	Gaussian	0.000000	0.000000
1530	0	  0.025835	  0.040576	     -1.00	   2536.57	   2922.88	      1.92	      1.81	      4.03	      3.80	-78.61	 1.178e-03	     -0.16	Gaussian	0.000000	0.000000
1531	0	  0.025608	  0.019660	     -1.00	   3293.18	   3308.42	      3.74	      3.73	      7.85	      7.83	82.36	 2.046e-03	     -0.16	Gaussian	0.000000	0.000000
1532	0	  0.025524	  0.023864	     -1.00	   2588.28	   2867.41	      3.36	      2.64	      7.06	      5.55	11.33	 1.381e-03	     -0.16	Gaussian	0.000000	0.000000
1533	0	  0.025443	  0.032861	     -1.00	   2036.71	   1270.50	      2.80	      2.36	      5.88	      4.96	37.37	 1.083e-03	     -0.16	Gaussian	0.000000	0.000000
1534	0	  0.024722	  0.018113	     -1.00	    118.31	   2293.40	      3.17	      3.14	      6.67	      6.60	84.05	 7.477e-04	     -0.16	Gaussian	0.000000	0.000000
1535	0	  0.025136	  0.029680	     -1.00	    850.17	   1078.71	      2.25	      2.10	      4.73	      4.41	21.45	 6.480e-04	     -0.16	Gaussian	0.000000	0.000000
1536	0	  0.025351	  0.034943	     -1.00	   2645.41	    507.52	      2.13	      1.92	      4.47	      4.03	45.10	 4.430e-04	     -0.16	Gaussian	0.000000	0.000000
1537	0	  0.025453	  0.025448	     -1.00	   1664.48	   2001.07	      3.30	      2.36	      6.95	      4.96	85.37	 1.281e-03	     -0.16	Gaussian	0.000000	0.000000
1538	0	  0.025194	  0.033361	     -1.00	   2341.10	    306.97	      2.14	      1.95	      4.50	      4.10	40.68	 4.304e-04	     -0.16	Gaussian	0.000000	0.000000
1539	0	  0.025510	  0.017193	     -1.00	   2515.82	    944.04	      1.76	      1.73	      3.70	      3.65	23.63	 2.058e-03	     -0.16	Gaussian	0.000000	0.000000
1540	0	  0.024511	  0.020030	     -1.00	   6224.01	    659.19	      3.35	      3.34	      7.04	      7.02	73.13	 1.401e-03	     -0.16	Gaussian	0.000000	0.000000
1541	0	  0.025441	  0.026760	     -1.00	   3483.54	    915.12	      1.61	      1.47	      3.38	      3.08	62.74	 1.817e-03	     -0.16	Gaussian	0.000000	0.000000
1542	0	  0.025445	  0.029539	     -1.00	   2670.26	   3472.08	      2.73	      2.32	      5.73	      4.87	60.96	 9.454e-04	     -0.16	Gaussian	0.000000	0.000000
1543	0	  0.025710	  0.025229	     -1.00	   2065.05	   1490.58	      2.88	      2.52	      6.05	      5.30	3.16	 1.567e-03	     -0.16	Gaussian	0.000000	0.000000
1544	0	  0.025105	  0.013944	     -1.00	   1345.06	    838.15	      1.74	      1.74	      3.67	      3.67	59.29	 2.122e-03	     -0.16	Gaussian	0.000000	0.000000
1545	0	  0.025692	  0.037577	     -1.00	   3211.94	   2691.77	      1.99	      1.85	      4.18	      3.89	89.21	 3.942e-04	     -0.16	Gaussian	0.000000	0.000000
1546	0	  0.025547	  0.025611	     -1.00	   2259.20	   2445.46	      2.82	      2.47	      5.93	      5.18	9.42	 1.020e-03	     -0.16	Gaussian	0.000000	0.000000
1547	0	  0.025175	  0.030849	     -1.00	    685.46	   2623.78	      1.39	      1.39	      2.92	      2.92	83.01	 1.940e-03	     -0.16	Gaussian	0.000000	0.000000
1548	0	  0.024974	  0.018957	     -1.00	    545.67	   3042.32	      2.93	      2.91	      6.15	      6.12	84.17	 8.307e-04	     -0.16	Gaussian	0.000000	0.000000
1549	0	  0.025597	  0.017980	     -1.00	   2297.91	   1866.45	      3.22	      3.22	      6.77	      6.77	71.20	 1.661e-03	     -0.16	Gaussian	0.000000	0.000000
1550	0	  0.024911	  0.027203	     -1.00	    876.98	   4155.75	      2.27	      2.25	      4.76	      4.72	-7.71	 4.646e-04	     -0.16	Gaussian	0.000000	0.000000
1551	0	  0.025340	  0.037756	     -1.00	   4019.77	   3935.60	      2.05	      1.79	      4.30	      3.77	60.27	 4.232e-04	     -0.16	Gaussian	0.000000	0.000000
1552	0	  0.024670	  0.031356	     -1.00	   5748.10	     91.92	      2.43	      1.81	      5.10	      3.81	44.81	 9.325e-04	     -0.16	Gaussian	0.000000	0.000000
1553	0	  0.024745	  0.025073	     -1.00	    347.67	    777.90	      2.36	      2.34	      4.95	      4.92	35.24	 5.491e-04	     -0.16	Gaussian	0.000000	0.000000
1554	0	  0.025078	  0.033027	     -1.00	   5455.92	    170.99	      2.27	      1.84	      4.78	      3.86	45.95	 9.879e-04	     -0.16	Gaussian	0.000000	0.000000
1555	0	  0.024918	  0.027237	     -1.00	   1122.14	    495.52	      2.51	      2.02	      5.28	      4.25	17.12	 4.387e-04	     -0.16	Gaussian	0.000000	0.000000
1556	0	  0.025342	  0.037636	     -1.00	   4580.47	   1359.71	      1.94	      1.88	      4.09	      3.95	60.69	 4.159e-04	     -0.16	Gaussian	0.000000	0.000000
1557	0	  0.024489	  0.020801	     -1.00	   6297.43	   1599.11	      3.30	      2.13	      6.94	      4.49	47.15	 6.934e-04	     -0.16	Gaussian	0.000000	0.000000
1558	0	  0.024671	  0.023229	     -1.00	    132.14	   1128.66	      2.10	      2.00	      4.41	      4.20	-22.06	 7.912e-04	     -0.16	Gaussian	0.000000	0.000000
1559	0	  0.025267	  0.029182	     -1.00	   1492.43	   1591.50	      2.52	      2.26	      5.29	      4.75	36.94	 6.032e-04	     -0.16	Gaussian	0.000000	0.000000
1560	0	  0.025320	  0.026631	     -1.00	   1873.26	   3643.08	      2.97	      2.62	      6.25	      5.50	67.11	 1.198e-03	     -0.16	Gaussian	0.000000	0.000000
1561	0	  0.024760	  0.024528	     -1.00	    517.52	   4115.93	      2.37	      2.37	      4.97	      4.97	-76.45	 4.692e-04	     -0.16	Gaussian	0.000000	0.000000
1562	0	  0.025430	  0.018589	     -1.00	   3151.48	   3346.25	      3.69	      2.74	      7.76	      5.75	68.96	 1.155e-03	     -0.16	Gaussian	0.000000	0.000000
1563	0	  0.025199	  0.029743	     -1.00	    691.54	   2381.17	      2.15	      2.15	      4.51	      4.51	84.19	 5.301e-04	     -0.16	Gaussian	0.000000	0.000000
1564	0	  0.024998	  0.030533	     -1.00	   1537.82	    374.62	      2.37	      1.89	      4.99	      3.98	24.21	 4.229e-04	     -0.16	Gaussian	0.000000	0.000000
1565	0	  0.025594	  0.022770	     -1.00	   2609.75	   1063.73	      1.81	      1.73	      3.81	      3.63	64.50	 1.681e-03	     -0.16	Gaussian	0.000000	0.000000
1566	0	  0.025347	  0.038510	     -1.00	   4707.76	    634.84	      1.95	      1.83	      4.10	      3.84	50.73	 6.567e-04	     -0.16	Gaussian	0.000000	0.000000
1567	0	  0.025255	  0.036407	     -1.00	   5062.70	   1839.05	      2.00	      1.88	      4.21	      3.95	63.26	 4.210e-04	     -0.16	Gaussian	0.000000	0.000000
1568	0	  0.025487	  0.032595	     -1.00	   2922.49	   3595.58	      2.32	      2.07	      4.88	      4.34	64.85	 5.456e-04	     -0.16	Gaussian	0.000000	0.000000
1569	0	  0.025066	  0.016481	     -1.00	   5421.21	   3024.06	      1.62	      1.57	      3.40	      3.30	27.53	 2.251e-03	     -0.16	Gaussian	0.000000	0.000000
1570	0	  0.024782	  0.016167	     -1.00	    270.82	   2080.16	      3.43	      3.28	      7.21	      6.88	78.10	 9.053e-04	     -0.16	Gaussian	0.000000	0.000000
1571	0	  0.025401	  0.021639	     -1.00	   3566.68	   1118.38	      2.96	      2.82	      6.22	      5.94	75.94	 1.042e-03	     -0.16	Gaussian	0.000000	0.000000
1572	0	  0.025089	  0.035813	     -1.00	   5170.01	   1333.15	      2.00	      1.90	      4.21	      3.99	51.32	 4.372e-04	     -0.16	Gaussian	0.000000	0.000000
1573	0	  0.025299	  0.034191	     -1.00	   2213.76	   4088.44	      2.04	      1.96	      4.28	      4.11	-61.80	 4.152e-04	     -0.16	Gaussian	0.000000	0.000000
1574	0	  0.024723	  0.031819	     -1.00	   5774.21	    505.28	      2.22	      1.84	      4.67	      3.86	48.20	 4.614e-04	     -0.16	Gaussian	0.000000	0.000000
1575	0	  0.025306	  0.024404	     -1.00	   2361.70	   3952.27	      3.36	      2.22	      7.05	      4.66	52.77	 1.108e-03	     -0.16	Gaussian	0.000000	0.000000
1576	0	  0.024916	  0.022622	     -1.00	   5630.08	   3480.44	      2.97	      2.33	      6.25	      4.90	17.38	 8.933e-04	     -0.16	Gaussian	0.000000	0.000000
1577	0	  0.025602	  0.016029	     -1.00	   3223.10	   3487.15	      1.71	      1.71	      3.59	      3.59	30.20	 2.442e-03	     -0.16	Gaussian	0.000000	0.000000
1578	0	  0.025328	  0.031464	     -1.00	   1008.42	   1968.47	      2.22	      2.19	      4.67	      4.60	-54.98	 9.445e-04	     -0.16	Gaussian	0.000000	0.000000
1579	0	  0.025440	  0.021666	     -1.00	   4618.81	   1641.71	      1.76	      1.71	      3.71	      3.60	63.65	 1.740e-03	     -0.16	Gaussian	0.000000	0.000000
1580	0	  0.025168	  0.031382	     -1.00	    928.49	   2912.89	      2.08	      2.08	      4.37	      4.37	-57.65	 4.946e-04	     -0.16	Gaussian	0.000000	0.000000
1581	0	  0.025270	  0.030677	     -1.00	   1177.04	   1298.55	      2.15	      2.05	      4.52	      4.32	24.71	 5.588e-04	     -0.16	Gaussian	0.000000	0.000000
1582	0	  0.025425	  0.028319	     -1.00	   2168.54	    938.00	      3.47	      2.46	      7.29	      5.18	36.99	 1.509e-03	     -0.16	Gaussian	0.000000	0.000000
1583	0	  0.024464	  0.019671	     -1.00	   6030.91	   1089.23	      4.29	      2.17	      9.02	      4.55	68.19	 1.179e-03	     -0.16	Gaussian	0.000000	0.000000
1584	0	  0.025631	  0.035867	     -1.00	   3846.72	   2124.96	      2.02	      1.86	      4.24	      3.91	88.46	 4.277e-04	     -0.15	Gaussian	0.000000	0.000000
1585	0	  0.025040	  0.032048	     -1.00	   5001.66	   4228.56	      2.25	      1.87	      4.73	      3.93	59.96	 4.119e-04	     -0.15	Gaussian	0.000000	0.000000
1586	0	  0.025170	  0.026398	     -1.00	   1385.25	    723.11	      1.99	      1.88	      4.18	      3.96	64.40	 8.660e-04	     -0.15	Gaussian	0.000000	0.000000
1587	0	  0.025183	  0.020211	     -1.00	   1813.77	    765.60	      3.41	      3.34	      7.17	      7.03	77.65	 1.486e-03	     -0.15	Gaussian	0.000000	0.000000
1588	0	  0.024810	  0.023713	     -1.00	   5857.16	   2958.45	      3.11	      2.48	      6.54	      5.20	22.86	 1.019e-03	     -0.15	Gaussian	0.000000	0.000000
1589	0	  0.024732	  0.031587	     -1.00	   6047.13	   3273.94	      2.31	      1.84	      4.86	      3.87	54.56	 4.297e-04	     -0.15	Gaussian	0.000000	0.000000
1590	0	  0.024951	  0.023535	     -1.00	   5162.46	    760.20	      3.18	      2.55	      6.68	      5.36	70.06	 1.092e-03	     -0.15	Gaussian	0.000000	0.000000
1591	0	  0.025326	  0.033497	     -1.00	   1248.01	   2446.56	      2.00	      2.00	      4.21	      4.21	45.85	 4.452e-04	     -0.15	Gaussian	0.000000	0.000000
1592	0	  0.025580	  0.038169	     -1.00	   2842.79	   1299.70	      1.92	      1.82	      4.04	      3.83	72.49	 4.174e-04	     -0.15	Gaussian	0.000000	0.000000
1593	0	  0.025075	  0.025607	     -1.00	    842.72	   1982.04	      1.72	      1.59	      3.62	      3.33	45.61	 1.420e-03	     -0.15	Gaussian	0.000000	0.000000
1594	0	  0.025329	  0.031231	     -1.00	   3768.38	   3987.98	      1.51	      1.34	      3.17	      2.82	31.46	 1.385e-03	     -0.15	Gaussian	0.000000	0.000000
1595	0	  0.025579	  0.027232	     -1.00	   3187.61	   1783.30	      2.88	      2.05	      6.05	      4.31	-24.91	 9.335e-04	     -0.15	Gaussian	0.000000	0.000000
1596	0	  0.024632	  0.024812	     -1.00	    653.53	    249.80	      2.61	      2.06	      5.48	      4.33	9.43	 4.319e-04	     -0.15	Gaussian	0.000000	0.000000
1597	0	  0.024777	  0.024391	     -1.00	   5936.45	   2503.05	      2.92	      2.45	      6.14	      5.16	74.41	 8.766e-04	     -0.15	Gaussian	0.000000	0.000000
1598	0	  0.025361	  0.024946	     -1.00	   3469.16	    800.54	      2.68	      2.28	      5.64	      4.80	16.94	 8.696e-04	     -0.15	Gaussian	0.000000	0.000000
1599	0	  0.024748	  0.022712	     -1.00	    272.68	   3578.64	      2.54	      2.31	      5.35	      4.86	-4.65	 4.335e-04	     -0.15	Gaussian	0.000000	0.000000
1600	0	  0.025345	  0.013718	     -1.00	   4291.14	   3112.19	      4.06	      3.77	      8.54	      7.92	75.66	 1.569e-03	     -0.15	Gaussian	0.000000	0.000000
1601	0	  0.025520	  0.027243	     -1.00	   4604.50	   3467.84	      1.86	      1.62	      3.92	      3.40	70.54	 1.637e-03	     -0.15	Gaussian	0.000000	0.000000
1602	0	  0.025469	  0.038869	     -1.00	   3521.73	    962.84	      1.89	      1.81	      3.97	      3.81	63.08	 4.258e-04	     -0.15	Gaussian	0.000000	0.000000
1603	0	  0.024805	  0.020106	     -1.00	   1375.09	     43.23	      3.39	      3.34	      7.12	      7.03	80.84	 1.108e-03	     -0.15	Gaussian	0.000000	0.000000
1604	0	  0.025476	  0.034893	     -1.00	   3889.37	   1270.68	      2.01	      1.89	      4.23	      3.97	73.61	 3.802e-04	     -0.15	Gaussian	0.000000	0.000000
1605	0	  0.025356	  0.036053	     -1.00	   3930.90	    709.97	      1.98	      1.86	      4.16	      3.91	51.02	 3.817e-04	     -0.15	Gaussian	0.000000	0.000000
1606	0	  0.024813	  0.015722	     -1.00	   5227.24	    824.42	      3.73	      2.95	      7.84	      6.19	11.08	 1.152e-03	     -0.15	Gaussian	0.000000	0.000000
1607	0	  0.024306	  0.020187	     -1.00	   5993.36	     81.16	      3.02	      2.17	      6.34	      4.56	63.82	 4.924e-04	     -0.15	Gaussian	0.000000	0.000000
1608	0	  0.025340	  0.029620	     -1.00	   2213.38	    827.14	      2.76	      2.53	      5.79	      5.31	-88.59	 1.298e-03	     -0.15	Gaussian	0.000000	0.000000
1609	0	  0.025468	  0.025016	     -1.00	   3228.42	   3523.04	      2.80	      2.21	      5.88	      4.65	72.03	 7.823e-04	     -0.15	Gaussian	0.000000	0.000000
1610	0	  0.024793	  0.021774	     -1.00	   6090.64	   2053.94	      2.71	      2.24	      5.69	      4.71	-63.02	 7.126e-04	     -0.15	Gaussian	0.000000	0.000000
1611	0	  0.025238	  0.021934	     -1.00	    905.42	    861.20	      2.80	      2.70	      5.88	      5.68	76.00	 1.391e-03	     -0.15	Gaussian	0.000000	0.000000
1612	0	  0.024955	  0.028313	     -1.00	   1518.55	    265.75	      2.38	      1.96	      4.99	      4.12	21.79	 4.301e-04	     -0.15	Gaussian	0.000000	0.000000
1613	0	  0.025440	  0.034717	     -1.00	   4545.73	   2756.62	      2.05	      1.85	      4.31	      3.88	70.75	 4.076e-04	     -0.15	Gaussian	0.000000	0.000000
1614	0	  0.025250	  0.014269	     -1.00	   1676.78	   3900.99	      3.72	      3.60	      7.81	      7.56	-87.85	 1.367e-03	     -0.15	Gaussian	0.000000	0.000000
1615	0	  0.025232	  0.033569	     -1.00	   2372.19	    394.03	      2.15	      1.82	      4.52	      3.82	40.03	 4.052e-04	     -0.15	Gaussian	0.000000	0.000000
1616	0	  0.025379	  0.034900	     -1.00	   3414.01	    695.24	      2.01	      1.86	      4.23	      3.92	62.33	 4.043e-04	     -0.15	Gaussian	0.000000	0.000000
1617	0	  0.025039	  0.015498	     -1.00	   4674.38	    616.00	      3.47	      3.37	      7.29	      7.09	22.14	 1.367e-03	     -0.15	Gaussian	0.000000	0.000000
1618	0	  0.025393	  0.035254	     -1.00	   3130.06	    709.98	      2.00	      1.85	      4.20	      3.89	74.61	 3.709e-04	     -0.15	Gaussian	0.000000	0.000000
1619	0	  0.024819	  0.023622	     -1.00	    270.15	   2270.43	      2.69	      2.69	      5.66	      5.65	50.66	 6.113e-04	     -0.15	Gaussian	0.000000	0.000000
1620	0	  0.025539	  0.037637	     -1.00	   3728.79	   3425.83	      1.96	      1.77	      4.11	      3.73	77.56	 3.940e-04	     -0.15	Gaussian	0.000000	0.000000
1621	0	  0.025082	  0.027611	     -1.00	   4473.46	    563.10	      2.63	      2.12	      5.53	      4.46	42.61	 6.714e-04	     -0.15	Gaussian	0.000000	0.000000
1622	0	  0.025636	  0.038410	     -1.00	   3293.72	   3274.84	      1.88	      1.81	      3.95	      3.81	-80.97	 4.477e-04	     -0.15	Gaussian	0.000000	0.000000
1623	0	  0.024751	  0.023967	     -1.00	    136.37	   2323.65	      2.33	      2.33	      4.90	      4.90	-89.88	 4.963e-04	     -0.15	Gaussian	0.000000	0.000000
1624	0	  0.025061	  0.027231	     -1.00	   5475.00	   2996.62	      2.43	      2.15	      5.11	      4.51	14.57	 6.280e-04	     -0.15	Gaussian	0.000000	0.000000
1625	0	  0.025232	  0.027881	     -1.00	   1177.85	   1032.50	      1.59	      1.35	      3.34	      2.83	55.69	 1.634e-03	     -0.15	Gaussian	0.000000	0.000000
1626	0	  0.024885	  0.024161	     -1.00	    617.94	   4079.36	      2.32	      2.32	      4.87	      4.87	77.07	 4.194e-04	     -0.15	Gaussian	0.000000	0.000000
1627	0	  0.024942	  0.019057	     -1.00	   1147.25	   4002.48	      2.63	      2.58	      5.53	      5.43	47.20	 4.523e-04	     -0.15	Gaussian	0.000000	0.000000
1628	0	  0.025155	  0.023463	     -1.00	   4034.50	    373.22	      3.53	      2.54	      7.42	      5.33	79.89	 1.361e-03	     -0.15	Gaussian	0.000000	0.000000
1629	0	  0.025113	  0.034329	     -1.00	   4199.87	    245.43	      2.07	      1.84	      4.34	      3.86	52.25	 4.067e-04	     -0.15	Gaussian	0.000000	0.000000
1630	0	  0.025124	  0.011235	     -1.00	   5085.96	   1788.10	      4.64	      4.60	      9.76	      9.67	84.72	 1.669e-03	     -0.15	Gaussian	0.000000	0.000000
1631	0	  0.024889	  0.019378	     -1.00	    290.32	   1171.33	      2.86	      2.77	      6.01	      5.83	82.80	 8.772e-04	     -0.15	Gaussian	0.000000	0.000000
1632	0	  0.024784	  0.031346	     -1.00	   6153.70	   2602.49	      2.29	      1.84	      4.82	      3.87	53.93	 4.060e-04	     -0.15	Gaussian	0.000000	0.000000
1633	0	  0.024923	  0.025826	     -1.00	    528.85	   1944.57	      2.24	      2.24	      4.71	      4.71	50.96	 4.643e-04	     -0.15	Gaussian	0.000000	0.000000
1634	0	  0.025542	  0.036682	     -1.00	   4190.95	   2919.90	      1.95	      1.81	      4.11	      3.79	73.41	 4.498e-04	     -0.15	Gaussian	0.000000	0.000000
1635	0	  0.024677	  0.030379	     -1.00	   6041.08	   1005.50	      2.01	      1.94	      4.23	      4.07	52.43	 5.216e-04	     -0.15	Gaussian	0.000000	0.000000
1636	0	  0.025517	  0.034117	     -1.00	   4223.33	   2447.72	      2.04	      1.86	      4.29	      3.91	80.12	 3.803e-04	     -0.15	Gaussian	0.000000	0.000000
1637	0	  0.024660	  0.023198	     -1.00	     59.73	   1868.52	      2.36	      2.36	      4.95	      4.95	62.37	 4.681e-04	     -0.15	Gaussian	0.000000	0.000000
1638	0	  0.024975	  0.027270	     -1.00	    674.24	   1639.94	      2.37	      2.00	      4.97	      4.21	14.24	 4.261e-04	     -0.15	Gaussian	0.000000	0.000000
1639	0	  0.025226	  0.030449	     -1.00	    844.43	   2227.93	      1.24	      1.24	      2.62	      2.61	77.40	 1.795e-03	     -0.15	Gaussian	0.000000	0.000000
1640	0	  0.025094	  0.033214	     -1.00	   5173.96	   3760.28	      2.19	      1.77	      4.61	      3.72	62.17	 4.069e-04	     -0.15	Gaussian	0.000000	0.000000
1641	0	  0.025517	  0.025407	     -1.00	    205.88	   2628.51	      2.44	      2.08	      5.13	      4.37	4.85	 3.252e-03	     -0.15	Gaussian	0.000000	0.000000
1642	0	  0.025401	  0.025007	     -1.00	   2346.51	   3479.10	      2.59	      2.29	      5.44	      4.81	87.96	 7.761e-04	     -0.15	Gaussian	0.000000	0.000000
1643	0	  0.025155	  0.031969	     -1.00	   1851.72	    500.06	      2.18	      1.85	      4.58	      3.89	28.63	 4.328e-04	     -0.15	Gaussian	0.000000	0.000000
1644	0	  0.025169	  0.027078	     -1.00	    963.03	   3896.91	      2.18	      2.18	      4.58	      4.57	66.02	 5.362e-04	     -0.15	Gaussian	0.000000	0.000000
1645	0	  0.025488	  0.025828	     -1.00	   4359.60	    122.27	      4.04	      2.04	      8.50	      4.29	57.18	 2.326e-03	     -0.15	Gaussian	0.000000	0.000000
1646	0	  0.025152	  0.034726	     -1.00	   4938.95	   1165.62	      2.00	      1.84	      4.20	      3.87	48.81	 3.997e-04	     -0.15	Gaussian	0.000000	0.000000
1647	0	  0.025071	  0.023768	     -1.00	   4833.17	    730.50	      3.87	      2.56	      8.13	      5.38	13.17	 1.632e-03	     -0.15	Gaussian	0.000000	0.000000
1648	0	  0.024962	  0.023048	     -1.00	    920.44	   4103.57	      2.38	      2.34	      5.00	      4.91	-44.31	 5.051e-04	     -0.15	Gaussian	0.000000	0.000000
1649	0	  0.025297	  0.032495	     -1.00	   1525.89	   1604.89	      2.03	      1.94	      4.27	      4.07	29.49	 4.124e-04	     -0.15	Gaussian	0.000000	0.000000
1650	0	  0.024855	  0.027157	     -1.00	   5504.05	   4070.50	      2.46	      2.32	      5.17	      4.87	17.83	 6.407e-04	     -0.15	Gaussian	0.000000	0.000000
1651	0	  0.025557	  0.021572	     -1.00	   3333.76	   3204.81	      1.51	      1.44	      3.18	      3.03	66.06	 1.988e-03	     -0.15	Gaussian	0.000000	0.000000
1652	0	  0.025330	  0.035274	     -1.00	   3496.61	    540.75	      1.95	      1.86	      4.10	      3.92	59.40	 4.082e-04	     -0.15	Gaussian	0.000000	0.000000
1653	0	  0.025470	  0.036091	     -1.00	   3735.69	   3646.65	      1.96	      1.81	      4.11	      3.81	78.18	 4.099e-04	     -0.15	Gaussian	0.000000	0.000000
1654	0	  0.025199	  0.033084	     -1.00	   5029.63	   3334.77	      1.97	      1.97	      4.13	      4.13	-64.47	 4.429e-04	     -0.15	Gaussian	0.000000	0.000000
1655	0	  0.025578	  0.035084	     -1.00	   3546.92	   3305.60	      1.91	      1.91	      4.01	      4.00	-17.40	 3.820e-04	     -0.15	Gaussian	0.000000	0.000000
1656	0	  0.025342	  0.032696	     -1.00	   3270.45	   3978.78	      2.05	      2.00	      4.32	      4.20	36.15	 4.855e-04	     -0.15	Gaussian	0.000000	0.000000
1657	0	  0.024961	  0.025713	     -1.00	   1148.09	    643.42	      2.22	      2.22	      4.67	      4.67	81.11	 4.648e-04	     -0.15	Gaussian	0.000000	0.000000
1658	0	  0.024495	  0.019703	     -1.00	    506.82	     32.32	      2.94	      2.94	      6.19	      6.19	-75.07	 6.433e-04	     -0.15	Gaussian	0.000000	0.000000
1659	0	  0.025563	  0.036198	     -1.00	   3578.82	   3238.39	      1.97	      1.79	      4.14	      3.76	83.84	 3.893e-04	     -0.15	Gaussian	0.000000	0.000000
1660	0	  0.024510	  0.018628	     -1.00	   6262.03	    894.50	      3.37	      3.36	      7.08	      7.06	69.92	 1.348e-03	     -0.15	Gaussian	0.000000	0.000000
1661	0	  0.025159	  0.017811	     -1.00	   2080.30	    352.68	      1.50	      1.37	      3.15	      2.88	10.09	 1.782e-03	     -0.15	Gaussian	0.000000	0.000000
1662	0	  0.024999	  0.015831	     -1.00	    953.46	   3737.46	      1.68	      1.42	      3.53	      2.98	-88.37	 1.766e-03	     -0.15	Gaussian	0.000000	0.000000
1663	0	  0.025670	  0.033973	     -1.00	   3539.92	   2515.40	      2.04	      1.83	      4.29	      3.85	-75.87	 3.839e-04	     -0.15	Gaussian	0.000000	0.000000
1664	0	  0.025237	  0.032196	     -1.00	   2323.56	    373.89	      2.15	      1.83	      4.51	      3.85	30.09	 4.140e-04	     -0.15	Gaussian	0.000000	0.000000
1665	0	  0.025372	  0.032677	     -1.00	   1525.70	   2750.75	      1.97	      1.96	      4.15	      4.13	46.45	 3.849e-04	     -0.15	Gaussian	0.000000	0.000000
1666	0	  0.024884	  0.025478	     -1.00	    448.98	   1727.72	      2.23	      2.23	      4.69	      4.69	48.97	 4.671e-04	     -0.15	Gaussian	0.000000	0.000000
1667	0	  0.025463	  0.016891	     -1.00	   2067.14	   1775.46	      3.60	      3.60	      7.56	      7.56	77.71	 1.675e-03	     -0.15	Gaussian	0.000000	0.000000
1668	0	  0.024976	  0.027379	     -1.00	    866.71	   1522.00	      2.37	      1.95	      4.98	      4.10	7.63	 4.220e-04	     -0.15	Gaussian	0.000000	0.000000
1669	0	  0.025786	  0.021721	     -1.00	   3618.05	   3275.66	      2.99	      2.30	      6.29	      4.82	6.63	 1.503e-03	     -0.15	Gaussian	0.000000	0.000000
1670	0	  0.025158	  0.017910	     -1.00	   3655.25	    343.37	      3.77	      2.59	      7.92	      5.44	62.28	 1.128e-03	     -0.15	Gaussian	0.000000	0.000000
1671	0	  0.024882	  0.019965	     -1.00	     94.15	    121.86	      2.70	      2.35	      5.68	      4.93	13.52	 2.124e-03	     -0.15	Gaussian	0.000000	0.000000
1672	0	  0.024690	  0.016291	     -1.00	    260.37	   3947.26	      3.16	      3.15	      6.65	      6.62	-87.97	 6.742e-04	     -0.15	Gaussian	0.000000	0.000000
1673	0	  0.025177	  0.031387	     -1.00	   1295.44	   1475.87	      2.04	      1.97	      4.29	      4.14	31.25	 4.393e-04	     -0.15	Gaussian	0.000000	0.000000
1674	0	  0.025083	  0.020150	     -1.00	    699.12	   2775.16	      3.26	      3.02	      6.86	      6.34	82.96	 1.082e-03	     -0.14	Gaussian	0.000000	0.000000
1675	0	  0.025477	  0.022474	     -1.00	   3247.28	   3485.48	      3.27	      2.18	      6.87	      4.58	66.27	 1.031e-03	     -0.14	Gaussian	0.000000	0.000000
1676	0	  0.024340	  0.019403	     -1.00	   6376.49	    347.98	      1.89	      1.73	      3.97	      3.64	65.93	 1.439e-03	     -0.14	Gaussian	0.000000	0.000000
1677	0	  0.025389	  0.034577	     -1.00	   3104.21	   3911.94	      1.99	      1.82	      4.18	      3.83	80.18	 4.017e-04	     -0.14	Gaussian	0.000000	0.000000
1678	0	  0.024687	  0.019707	     -1.00	    502.21	    347.30	      2.60	      2.58	      5.46	      5.41	50.90	 5.649e-04	     -0.14	Gaussian	0.000000	0.000000
1679	0	  0.025110	  0.028609	     -1.00	   1144.74	   3334.86	      2.19	      1.99	      4.60	      4.19	-0.20	 4.467e-04	     -0.14	Gaussian	0.000000	0.000000
1680	0	  0.024690	  0.023023	     -1.00	    122.52	   1848.82	      2.53	      2.15	      5.32	      4.51	3.79	 4.698e-04	     -0.14	Gaussian	0.000000	0.000000
1681	0	  0.024711	  0.016423	     -1.00	   5251.25	    246.25	      4.06	      4.01	      8.52	      8.43	75.32	 1.813e-03	     -0.14	Gaussian	0.000000	0.000000
1682	0	  0.024836	  0.024712	     -1.00	    908.92	    507.90	      2.47	      2.05	      5.19	      4.31	11.61	 4.219e-04	     -0.14	Gaussian	0.000000	0.000000
1683	0	  0.025282	  0.013064	     -1.00	   1794.08	   1000.20	      1.72	      1.72	      3.62	      3.62	55.93	 1.977e-03	     -0.14	Gaussian	0.000000	0.000000
1684	0	  0.024529	  0.020688	     -1.00	   6002.60	   4130.22	      2.08	      1.94	      4.38	      4.07	62.40	 7.489e-04	     -0.14	Gaussian	0.000000	0.000000
1685	0	  0.025100	  0.028967	     -1.00	   1184.49	    663.98	      1.65	      1.64	      3.46	      3.45	37.88	 1.079e-03	     -0.14	Gaussian	0.000000	0.000000
1686	0	  0.025450	  0.013111	     -1.00	   4356.87	   2494.03	      1.70	      1.69	      3.58	      3.55	22.29	 1.903e-03	     -0.14	Gaussian	0.000000	0.000000
1687	0	  0.025693	  0.033173	     -1.00	   3509.43	   2721.80	      2.02	      1.85	      4.24	      3.89	79.81	 3.875e-04	     -0.14	Gaussian	0.000000	0.000000
1688	0	  0.025437	  0.034630	     -1.00	   2540.94	   3757.55	      1.97	      1.83	      4.14	      3.85	80.31	 4.197e-04	     -0.14	Gaussian	0.000000	0.000000
1689	0	  0.025267	  0.026161	     -1.00	   4639.53	    776.88	      1.65	      1.49	      3.47	      3.12	67.84	 1.693e-03	     -0.14	Gaussian	0.000000	0.000000
1690	0	  0.025121	  0.024628	     -1.00	   1537.69	    855.64	      2.61	      1.92	      5.49	      4.05	18.96	 3.557e-04	     -0.14	Gaussian	0.000000	0.000000
1691	0	  0.025509	  0.022604	     -1.00	   2334.64	   1397.29	      1.66	      1.37	      3.49	      2.87	26.64	 1.650e-03	     -0.14	Gaussian	0.000000	0.000000
1692	0	  0.024377	  0.018467	     -1.00	   6012.47	    100.84	      1.88	      1.70	      3.94	      3.57	70.00	 1.303e-03	     -0.14	Gaussian	0.000000	0.000000
1693	0	  0.025267	  0.016513	     -1.00	   1640.16	   3215.52	      3.85	      3.84	      8.08	      8.07	78.43	 1.790e-03	     -0.14	Gaussian	0.000000	0.000000
1694	0	  0.025244	  0.018166	     -1.00	   2218.32	   3915.44	      3.20	      2.82	      6.73	      5.93	1.95	 1.044e-03	     -0.14	Gaussian	0.000000	0.000000
1695	0	  0.024864	  0.024121	     -1.00	    495.94	   3465.43	      2.26	      2.26	      4.76	      4.76	73.18	 4.543e-04	     -0.14	Gaussian	0.000000	0.000000
1696	0	  0.025573	  0.034430	     -1.00	   2259.64	   2630.91	      1.90	      1.90	      3.98	      3.98	36.25	 4.093e-04	     -0.14	Gaussian	0.000000	0.000000
1697	0	  0.024629	  0.028925	     -1.00	   6264.74	   3151.82	      2.19	      1.94	      4.61	      4.08	57.94	 4.442e-04	     -0.14	Gaussian	0.000000	0.000000
1698	0	  0.025363	  0.021770	     -1.00	   2011.01	   1147.51	      2.68	      2.11	      5.63	      4.44	-66.93	 5.446e-04	     -0.14	Gaussian	0.000000	0.000000
1699	0	  0.025337	  0.034516	     -1.00	   4178.79	   3716.90	      1.89	      1.89	      3.97	      3.96	-74.62	 4.378e-04	     -0.14	Gaussian	0.000000	0.000000
1700	0	  0.025352	  0.032388	     -1.00	   1402.10	   2099.81	      1.99	      1.90	      4.19	      4.00	18.31	 4.114e-04	     -0.14	Gaussian	0.000000	0.000000
1701	0	  0.024961	  0.032556	     -1.00	   5598.87	   3652.70	      2.11	      1.79	      4.44	      3.75	53.99	 4.328e-04	     -0.14	Gaussian	0.000000	0.000000
1702	0	  0.025111	  0.028565	     -1.00	   1343.87	    933.61	      2.14	      2.01	      4.49	      4.23	26.17	 4.300e-04	     -0.14	Gaussian	0.000000	0.000000
1703	0	  0.024980	  0.018082	     -1.00	   2174.70	    125.55	      3.17	      3.10	      6.67	      6.52	74.30	 1.125e-03	     -0.14	Gaussian	0.000000	0.000000
1704	0	  0.024673	  0.015501	     -1.00	   6266.09	   1837.19	      4.12	      4.01	      8.66	      8.42	8.72	 1.708e-03	     -0.14	Gaussian	0.000000	0.000000
1705	0	  0.025391	  0.017875	     -1.00	   3867.11	   3684.67	      3.21	      3.05	      6.74	      6.41	59.88	 1.228e-03	     -0.14	Gaussian	0.000000	0.000000
1706	0	  0.025303	  0.015891	     -1.00	   1679.65	   2201.56	      3.77	      3.48	      7.92	      7.32	81.42	 1.392e-03	     -0.14	Gaussian	0.000000	0.000000
1707	0	  0.025583	  0.034960	     -1.00	   3899.66	   1633.86	      1.91	      1.83	      4.02	      3.84	-87.26	 4.083e-04	     -0.14	Gaussian	0.000000	0.000000
1708	0	  0.025411	  0.026594	     -1.00	   4239.64	   3861.82	      1.45	      1.37	      3.05	      2.88	26.61	 1.495e-03	     -0.14	Gaussian	0.000000	0.000000
1709	0	  0.025116	  0.033649	     -1.00	   4994.85	    736.80	      2.00	      1.81	      4.21	      3.81	47.77	 6.184e-04	     -0.14	Gaussian	0.000000	0.000000
1710	0	  0.025554	  0.034453	     -1.00	   2641.89	   1448.90	      1.95	      1.82	      4.11	      3.83	89.64	 3.995e-04	     -0.14	Gaussian	0.000000	0.000000
1711	0	  0.025505	  0.022795	     -1.00	   3984.54	   1505.13	      1.45	      1.29	      3.05	      2.72	61.26	 1.854e-03	     -0.14	Gaussian	0.000000	0.000000
1712	0	  0.025265	  0.014377	     -1.00	   3645.14	   4071.88	      1.68	      1.64	      3.52	      3.44	67.47	 1.884e-03	     -0.14	Gaussian	0.000000	0.000000
1713	0	  0.025242	  0.030360	     -1.00	   3847.54	   4205.72	      2.15	      1.88	      4.51	      3.95	74.60	 3.988e-04	     -0.14	Gaussian	0.000000	0.000000
1714	0	  0.025240	  0.024798	     -1.00	   2364.68	    355.15	      1.60	      1.56	      3.37	      3.28	63.28	 1.405e-03	     -0.14	Gaussian	0.000000	0.000000
1715	0	  0.025243	  0.023402	     -1.00	   5041.08	   2693.66	      1.54	      1.46	      3.23	      3.07	24.63	 1.576e-03	     -0.14	Gaussian	0.000000	0.000000
1716	0	  0.025134	  0.019856	     -1.00	   4825.73	    906.59	      3.24	      3.06	      6.81	      6.43	77.42	 1.308e-03	     -0.14	Gaussian	0.000000	0.000000
1717	0	  0.025077	  0.021076	     -1.00	   1230.35	   3546.08	      2.98	      2.33	      6.27	      4.89	88.67	 7.337e-04	     -0.14	Gaussian	0.000000	0.000000
1718	0	  0.025007	  0.025471	     -1.00	   1060.70	    890.53	      2.35	      2.04	      4.93	      4.29	15.85	 3.978e-04	     -0.14	Gaussian	0.000000	0.000000
1719	0	  0.024964	  0.017127	     -1.00	   5631.71	   2442.46	      3.69	      3.47	      7.75	      7.28	79.11	 1.451e-03	     -0.14	Gaussian	0.000000	0.000000
1720	0	  0.024950	  0.023427	     -1.00	   5702.23	   3946.40	      3.52	      2.45	      7.40	      5.15	10.14	 1.314e-03	     -0.14	Gaussian	0.000000	0.000000
1721	0	  0.024968	  0.013174	     -1.00	    833.99	   1029.26	      3.79	      3.33	      7.96	      6.99	65.32	 1.003e-03	     -0.14	Gaussian	0.000000	0.000000
1722	0	  0.025072	  0.025728	     -1.00	   1273.12	   4200.55	      2.20	      2.14	      4.63	      4.49	-24.57	 4.465e-04	     -0.14	Gaussian	0.000000	0.000000
1723	0	  0.025478	  0.019351	     -1.00	   2433.23	   3376.43	      3.31	      2.62	      6.95	      5.51	8.74	 1.128e-03	     -0.14	Gaussian	0.000000	0.000000
1724	0	  0.025307	  0.023009	     -1.00	   2032.23	    799.18	      2.72	      2.43	      5.72	      5.10	72.90	 7.281e-04	     -0.14	Gaussian	0.000000	0.000000
1725	0	  0.025304	  0.033112	     -1.00	   1649.60	   3261.77	      1.93	      1.89	      4.06	      3.98	-22.64	 4.153e-04	     -0.14	Gaussian	0.000000	0.000000
1726	0	  0.025684	  0.030730	     -1.00	   2680.88	   2506.93	      2.15	      1.83	      4.52	      3.85	80.05	 4.747e-04	     -0.14	Gaussian	0.000000	0.000000
1727	0	  0.025069	  0.020186	     -1.00	   1064.23	   2054.54	      2.88	      2.63	      6.06	      5.53	9.94	 7.461e-04	     -0.14	Gaussian	0.000000	0.000000
1728	0	  0.024552	  0.021728	     -1.00	    423.22	    132.87	      2.36	      2.36	      4.96	      4.95	48.68	 5.190e-04	     -0.14	Gaussian	0.000000	0.000000
1729	0	  0.025459	  0.011415	     -1.00	   3321.03	   3023.91	      4.42	      4.36	      9.30	      9.17	1.09	 1.666e-03	     -0.14	Gaussian	0.000000	0.000000
1730	0	  0.025140	  0.015590	     -1.00	   1303.97	   3297.29	      3.06	      2.93	      6.42	      6.16	74.51	 8.973e-04	     -0.14	Gaussian	0.000000	0.000000
1731	0	  0.025320	  0.014636	     -1.00	   4603.89	   1925.42	      3.60	      3.60	      7.57	      7.57	76.59	 1.292e-03	     -0.14	Gaussian	0.000000	0.000000
1732	0	  0.025134	  0.031361	     -1.00	   5260.51	   2923.87	      2.03	      1.90	      4.26	      3.99	52.02	 3.924e-04	     -0.14	Gaussian	0.000000	0.000000
1733	0	  0.025484	  0.012434	     -1.00	   4118.08	   2190.83	      3.65	      3.63	      7.68	      7.64	5.31	 1.232e-03	     -0.14	Gaussian	0.000000	0.000000
1734	0	  0.024932	  0.018121	     -1.00	    627.23	   3112.27	      3.41	      3.35	      7.17	      7.05	-89.44	 1.045e-03	     -0.14	Gaussian	0.000000	0.000000
1735	0	  0.025129	  0.014779	     -1.00	   1128.91	   2081.35	      3.23	      3.16	      6.79	      6.65	70.78	 1.033e-03	     -0.14	Gaussian	0.000000	0.000000
1736	0	  0.025395	  0.030390	     -1.00	   2252.68	   4075.69	      2.04	      1.94	      4.30	      4.07	-82.89	 5.305e-04	     -0.14	Gaussian	0.000000	0.000000
1737	0	  0.025534	  0.019052	     -1.00	   3510.84	   2922.45	      3.21	      3.04	      6.74	      6.39	79.90	 1.287e-03	     -0.14	Gaussian	0.000000	0.000000
1738	0	  0.024704	  0.030240	     -1.00	   5781.77	    683.84	      2.21	      1.80	      4.65	      3.78	41.54	 4.503e-04	     -0.14	Gaussian	0.000000	0.000000
1739	0	  0.024673	  0.021967	     -1.00	    354.08	   1046.22	      2.61	      2.10	      5.49	      4.42	6.96	 4.048e-04	     -0.14	Gaussian	0.000000	0.000000
1740	0	  0.025188	  0.018657	     -1.00	   5026.48	   1976.14	      3.37	      2.58	      7.09	      5.43	76.28	 9.882e-04	     -0.14	Gaussian	0.000000	0.000000
1741	0	  0.025082	  0.019950	     -1.00	   3969.32	    203.36	      3.59	      2.65	      7.54	      5.57	51.80	 1.143e-03	     -0.14	Gaussian	0.000000	0.000000
1742	0	  0.025298	  0.017885	     -1.00	   4156.10	   3429.73	      3.92	      2.25	      8.25	      4.72	47.65	 1.190e-03	     -0.14	Gaussian	0.000000	0.000000
1743	0	  0.024821	  0.021941	     -1.00	    258.03	   1906.54	      2.35	      2.32	      4.94	      4.89	45.26	 4.594e-04	     -0.14	Gaussian	0.000000	0.000000
1744	0	  0.025539	  0.021620	     -1.00	   2802.47	   2992.02	      3.04	      2.58	      6.39	      5.42	82.66	 1.010e-03	     -0.14	Gaussian	0.000000	0.000000
1745	0	  0.025334	  0.017366	     -1.00	   3415.71	    768.48	      3.23	      3.09	      6.78	      6.49	73.73	 1.144e-03	     -0.14	Gaussian	0.000000	0.000000
1746	0	  0.025403	  0.030693	     -1.00	   2209.53	   3728.19	      2.27	      2.18	      4.77	      4.59	55.52	 6.444e-04	     -0.14	Gaussian	0.000000	0.000000
1747	0	  0.025271	  0.022027	     -1.00	   3567.05	   4213.64	      2.94	      2.46	      6.18	      5.16	6.49	 9.345e-04	     -0.14	Gaussian	0.000000	0.000000
1748	0	  0.025481	  0.032357	     -1.00	   4385.95	   2864.87	      1.99	      1.85	      4.19	      3.88	67.60	 3.866e-04	     -0.14	Gaussian	0.000000	0.000000
1749	0	  0.025720	  0.032355	     -1.00	   3304.07	   1828.11	      1.92	      1.92	      4.03	      4.03	8.75	 4.289e-04	     -0.14	Gaussian	0.000000	0.000000
1750	0	  0.025547	  0.033675	     -1.00	   2830.60	   3120.86	      1.93	      1.82	      4.06	      3.83	76.66	 4.015e-04	     -0.14	Gaussian	0.000000	0.000000
1751	0	  0.025305	  0.020643	     -1.00	   1963.35	   3716.25	      3.06	      2.38	      6.43	      5.00	57.82	 8.407e-04	     -0.14	Gaussian	0.000000	0.000000
1752	0	  0.025676	  0.033450	     -1.00	   3245.91	   3188.44	      1.89	      1.89	      3.96	      3.96	-12.68	 6.450e-04	     -0.14	Gaussian	0.000000	0.000000
1753	0	  0.024805	  0.021411	     -1.00	    699.52	   3932.80	      2.52	      2.20	      5.29	      4.63	0.26	 4.459e-04	     -0.14	Gaussian	0.000000	0.000000
1754	0	  0.024742	  0.030278	     -1.00	   5225.17	    193.98	      2.18	      1.79	      4.58	      3.77	44.19	 3.908e-04	     -0.14	Gaussian	0.000000	0.000000
1755	0	  0.025379	  0.023139	     -1.00	   1285.65	   2993.13	      1.73	      1.67	      3.63	      3.50	73.41	 2.028e-03	     -0.14	Gaussian	0.000000	0.000000
1756	0	  0.025627	  0.022622	     -1.00	   3644.49	   2551.01	      2.82	      2.51	      5.93	      5.28	85.70	 9.083e-04	     -0.14	Gaussian	0.000000	0.000000
1757	0	  0.025678	  0.030961	     -1.00	   3331.91	   1901.39	      1.95	      1.95	      4.10	      4.10	9.83	 4.324e-04	     -0.14	Gaussian	0.000000	0.000000
1758	0	  0.025127	  0.027741	     -1.00	   1226.63	   1346.58	      2.19	      1.95	      4.60	      4.09	19.54	 3.832e-04	     -0.14	Gaussian	0.000000	0.000000
1759	0	  0.025615	  0.032142	     -1.00	   2873.13	   1820.02	      2.02	      1.82	      4.24	      3.83	-85.45	 3.870e-04	     -0.14	Gaussian	0.000000	0.000000
1760	0	  0.025336	  0.032613	     -1.00	   4466.77	   3629.65	      2.01	      1.80	      4.22	      3.78	62.06	 3.614e-04	     -0.14	Gaussian	0.000000	0.000000
1761	0	  0.025074	  0.022096	     -1.00	   4976.21	   1042.43	      3.76	      2.48	      7.90	      5.20	9.18	 1.391e-03	     -0.14	Gaussian	0.000000	0.000000
1762	0	  0.025458	  0.032871	     -1.00	   2723.86	    704.72	      1.92	      1.87	      4.04	      3.92	53.27	 4.395e-04	     -0.14	Gaussian	0.000000	0.000000
1763	0	  0.025065	  0.024018	     -1.00	   1802.43	    544.04	      2.63	      2.08	      5.53	      4.37	30.04	 4.786e-04	     -0.14	Gaussian	0.000000	0.000000
1764	0	  0.025257	  0.030639	     -1.00	   1525.03	   3106.04	      1.97	      1.94	      4.14	      4.08	-60.32	 4.049e-04	     -0.14	Gaussian	0.000000	0.000000
1765	0	  0.025381	  0.024318	     -1.00	   3951.43	   1080.22	      2.97	      2.29	      6.24	      4.81	38.26	 8.743e-04	     -0.14	Gaussian	0.000000	0.000000
1766	0	  0.025248	  0.024963	     -1.00	   1519.49	   4160.53	      2.18	      2.15	      4.58	      4.52	-61.50	 4.753e-04	     -0.14	Gaussian	0.000000	0.000000
1767	0	  0.024916	  0.022300	     -1.00	    459.22	   2890.57	      2.29	      2.29	      4.81	      4.81	-74.35	 4.315e-04	     -0.14	Gaussian	0.000000	0.000000
1768	0	  0.025202	  0.027366	     -1.00	   1914.90	   4032.44	      2.12	      2.01	      4.45	      4.23	-71.23	 4.155e-04	     -0.13	Gaussian	0.000000	0.000000
1769	0	  0.024778	  0.028075	     -1.00	   6145.02	   1583.39	      1.67	      1.66	      3.52	      3.48	52.83	 8.975e-04	     -0.13	Gaussian	0.000000	0.000000
1770	0	  0.025012	  0.025443	     -1.00	   1085.63	   1192.20	      2.30	      1.99	      4.84	      4.18	19.80	 3.789e-04	     -0.13	Gaussian	0.000000	0.000000
1771	0	  0.024510	  0.026217	     -1.00	   5662.37	     34.86	      2.40	      1.85	      5.04	      3.89	44.88	 4.449e-04	     -0.13	Gaussian	0.000000	0.000000
1772	0	  0.025233	  0.022841	     -1.00	   3957.06	   4103.61	      2.69	      2.39	      5.65	      5.01	13.75	 7.764e-04	     -0.13	Gaussian	0.000000	0.000000
1773	0	  0.024775	  0.020398	     -1.00	   5466.35	   4206.31	      2.95	      2.12	      6.20	      4.46	35.16	 6.814e-04	     -0.13	Gaussian	0.000000	0.000000
1774	0	  0.024703	  0.026745	     -1.00	   5702.75	    480.02	      2.37	      1.83	      4.98	      3.84	37.55	 4.186e-04	     -0.13	Gaussian	0.000000	0.000000
1775	0	  0.024912	  0.030888	     -1.00	   5981.47	   2656.74	      2.10	      1.79	      4.42	      3.76	47.29	 4.362e-04	     -0.13	Gaussian	0.000000	0.000000
1776	0	  0.025074	  0.030961	     -1.00	   4585.58	    460.88	      2.07	      1.81	      4.35	      3.81	39.51	 3.881e-04	     -0.13	Gaussian	0.000000	0.000000
1777	0	  0.025419	  0.031708	     -1.00	   1935.29	   2947.63	      1.96	      1.87	      4.11	      3.93	53.98	 3.791e-04	     -0.13	Gaussian	0.000000	0.000000
1778	0	  0.025446	  0.031545	     -1.00	   4569.81	   2156.64	      1.99	      1.84	      4.18	      3.87	73.87	 3.651e-04	     -0.13	Gaussian	0.000000	0.000000
1779	0	  0.025602	  0.030993	     -1.00	   3788.39	   1511.68	      1.98	      1.89	      4.16	      3.96	81.57	 5.315e-04	     -0.13	Gaussian	0.000000	0.000000
1780	0	  0.025002	  0.029407	     -1.00	   4879.80	   4207.34	      2.19	      1.79	      4.59	      3.77	71.94	 3.916e-04	     -0.13	Gaussian	0.000000	0.000000
1781	0	  0.025090	  0.028656	     -1.00	   2851.59	    140.67	      2.12	      1.91	      4.45	      4.01	42.56	 4.300e-04	     -0.13	Gaussian	0.000000	0.000000
1782	0	  0.025052	  0.023921	     -1.00	   1198.07	   4245.03	      2.20	      2.19	      4.63	      4.61	-56.13	 4.036e-04	     -0.13	Gaussian	0.000000	0.000000
1783	0	  0.025560	  0.032223	     -1.00	   3824.96	   3249.83	      1.98	      1.81	      4.17	      3.80	80.33	 4.009e-04	     -0.13	Gaussian	0.000000	0.000000
1784	0	  0.025505	  0.032498	     -1.00	   3082.96	   1197.70	      1.90	      1.86	      4.00	      3.91	81.20	 4.170e-04	     -0.13	Gaussian	0.000000	0.000000
1785	0	  0.025423	  0.013687	     -1.00	   4126.10	   1350.04	      1.64	      1.61	      3.45	      3.39	63.65	 1.851e-03	     -0.13	Gaussian	0.000000	0.000000
1786	0	  0.025472	  0.029554	     -1.00	   4547.50	   2691.49	      2.53	      2.26	      5.32	      4.76	56.29	 7.884e-04	     -0.13	Gaussian	0.000000	0.000000
1787	0	  0.025411	  0.027161	     -1.00	   3882.85	    873.52	      1.64	      1.42	      3.45	      2.99	64.25	 1.064e-03	     -0.13	Gaussian	0.000000	0.000000
1788	0	  0.024730	  0.023248	     -1.00	    477.68	    784.83	      2.45	      2.02	      5.15	      4.24	13.58	 4.314e-04	     -0.13	Gaussian	0.000000	0.000000
1789	0	  0.025307	  0.031912	     -1.00	   4900.92	   1942.84	      1.96	      1.84	      4.13	      3.86	59.95	 3.752e-04	     -0.13	Gaussian	0.000000	0.000000
1790	0	  0.025275	  0.022318	     -1.00	   4489.15	   3090.66	      2.97	      2.23	      6.25	      4.69	26.17	 9.163e-04	     -0.13	Gaussian	0.000000	0.000000
1791	0	  0.025641	  0.030755	     -1.00	   3959.64	   2897.04	      1.94	      1.93	      4.07	      4.06	-86.69	 8.872e-04	     -0.13	Gaussian	0.000000	0.000000
1792	0	  0.025070	  0.024885	     -1.00	    886.59	   3438.79	      2.26	      2.03	      4.75	      4.28	-34.84	 3.899e-04	     -0.13	Gaussian	0.000000	0.000000
1793	0	  0.025387	  0.016683	     -1.00	   1496.54	   3243.58	      3.38	      3.14	      7.10	      6.61	80.70	 1.469e-03	     -0.13	Gaussian	0.000000	0.000000
1794	0	  0.024993	  0.020501	     -1.00	   2151.39	    207.14	      2.94	      2.36	      6.19	      4.96	64.50	 7.074e-04	     -0.13	Gaussian	0.000000	0.000000
1795	0	  0.024950	  0.017702	     -1.00	    562.15	   2433.16	      2.73	      2.59	      5.74	      5.45	79.51	 5.744e-04	     -0.13	Gaussian	0.000000	0.000000
1796	0	  0.025279	  0.021261	     -1.00	   1494.72	   1514.16	      2.71	      1.99	      5.70	      4.18	54.64	 6.308e-04	     -0.13	Gaussian	0.000000	0.000000
1797	0	  0.025342	  0.028591	     -1.00	   1664.06	   3538.90	      2.02	      1.97	      4.25	      4.15	-57.30	 5.563e-04	     -0.13	Gaussian	0.000000	0.000000
1798	0	  0.025476	  0.019505	     -1.00	   3388.23	   1382.32	      3.30	      2.61	      6.94	      5.49	78.35	 1.041e-03	     -0.13	Gaussian	0.000000	0.000000
1799	0	  0.025195	  0.028455	     -1.00	   2222.23	    413.86	      2.19	      1.84	      4.59	      3.86	36.13	 3.775e-04	     -0.13	Gaussian	0.000000	0.000000
1800	0	  0.026349	  0.024790	     -1.00	   3334.04	   2350.48	      2.35	      2.28	      4.95	      4.79	2.77	 9.060e-04	     -0.13	Gaussian	0.000000	0.000000
1801	0	  0.024849	  0.023517	     -1.00	    311.80	   2220.96	      2.35	      2.05	      4.93	      4.30	5.71	 4.134e-04	     -0.13	Gaussian	0.000000	0.000000
1802	0	  0.024784	  0.019257	     -1.00	   4840.29	     88.22	      3.21	      2.64	      6.75	      5.55	50.53	 8.030e-04	     -0.13	Gaussian	0.000000	0.000000
1803	0	  0.025458	  0.019595	     -1.00	   4480.70	   2658.76	      1.79	      1.68	      3.76	      3.53	66.56	 1.377e-03	     -0.13	Gaussian	0.000000	0.000000
1804	0	  0.024637	  0.022672	     -1.00	   6180.54	   4091.86	      1.72	      1.53	      3.61	      3.21	66.90	 1.491e-03	     -0.13	Gaussian	0.000000	0.000000
1805	0	  0.025373	  0.028965	     -1.00	   4897.46	   2210.76	      1.99	      1.95	      4.19	      4.09	73.59	 4.308e-04	     -0.13	Gaussian	0.000000	0.000000
1806	0	  0.024818	  0.022970	     -1.00	    492.65	   1369.04	      2.24	      2.19	      4.71	      4.61	37.46	 4.572e-04	     -0.13	Gaussian	0.000000	0.000000
1807	0	  0.025752	  0.032926	     -1.00	   2416.01	   3160.91	      1.89	      1.81	      3.97	      3.81	82.73	 7.144e-04	     -0.13	Gaussian	0.000000	0.000000
1808	0	  0.025260	  0.017309	     -1.00	   1412.65	   2757.54	      3.20	      3.09	      6.73	      6.49	83.26	 1.073e-03	     -0.13	Gaussian	0.000000	0.000000
1809	0	  0.024788	  0.027414	     -1.00	   6024.91	   1970.60	      2.19	      1.86	      4.61	      3.91	49.01	 3.689e-04	     -0.13	Gaussian	0.000000	0.000000
1810	0	  0.025252	  0.026838	     -1.00	   1221.62	    587.88	      2.25	      1.86	      4.73	      3.91	19.04	 1.240e-03	     -0.13	Gaussian	0.000000	0.000000
1811	0	  0.025150	  0.028961	     -1.00	   5301.75	   3737.76	      2.11	      1.84	      4.44	      3.86	65.44	 4.260e-04	     -0.13	Gaussian	0.000000	0.000000
1812	0	  0.024937	  0.017274	     -1.00	   5225.64	   1066.47	      3.04	      2.87	      6.40	      6.03	71.38	 8.895e-04	     -0.13	Gaussian	0.000000	0.000000
1813	0	  0.025148	  0.019791	     -1.00	   5224.25	   3614.49	      2.79	      2.35	      5.86	      4.94	17.91	 7.637e-04	     -0.13	Gaussian	0.000000	0.000000
1814	0	  0.025188	  0.023324	     -1.00	   4021.83	    328.30	      3.03	      2.45	      6.37	      5.15	0.60	 9.563e-04	     -0.13	Gaussian	0.000000	0.000000
1815	0	  0.025556	  0.020808	     -1.00	   1765.65	   2291.01	      1.38	      1.25	      2.91	      2.63	71.01	 1.985e-03	     -0.13	Gaussian	0.000000	0.000000
1816	0	  0.025246	  0.025305	     -1.00	   3156.57	    398.06	      2.48	      2.20	      5.22	      4.63	77.49	 6.308e-04	     -0.13	Gaussian	0.000000	0.000000
1817	0	  0.024999	  0.028405	     -1.00	   5550.88	   3339.20	      2.17	      1.81	      4.55	      3.81	64.85	 3.582e-04	     -0.13	Gaussian	0.000000	0.000000
1818	0	  0.025175	  0.029622	     -1.00	   4423.29	    480.85	      2.01	      1.87	      4.22	      3.93	45.57	 3.860e-04	     -0.13	Gaussian	0.000000	0.000000
1819	0	  0.025767	  0.030950	     -1.00	   2208.09	    729.20	      2.01	      1.79	      4.22	      3.77	36.14	 1.801e-03	     -0.13	Gaussian	0.000000	0.000000
1820	0	  0.025455	  0.020946	     -1.00	   3339.08	   3638.58	      2.66	      2.31	      5.58	      4.86	8.35	 7.950e-04	     -0.13	Gaussian	0.000000	0.000000
1821	0	  0.025703	  0.024932	     -1.00	   3373.15	   2196.56	      2.54	      2.33	      5.34	      4.90	13.92	 7.425e-04	     -0.13	Gaussian	0.000000	0.000000
1822	0	  0.025696	  0.018767	     -1.00	   3445.82	   2024.30	      3.31	      3.12	      6.96	      6.56	85.14	 1.362e-03	     -0.13	Gaussian	0.000000	0.000000
1823	0	  0.025119	  0.020577	     -1.00	   4887.98	   1233.45	      2.92	      2.50	      6.13	      5.26	7.41	 8.931e-04	     -0.13	Gaussian	0.000000	0.000000
1824	0	  0.024868	  0.021227	     -1.00	    453.61	   3383.11	      2.28	      2.28	      4.80	      4.80	-65.90	 4.143e-04	     -0.13	Gaussian	0.000000	0.000000
1825	0	  0.025298	  0.022675	     -1.00	   2134.44	   4212.92	      2.74	      2.17	      5.76	      4.55	-88.39	 7.153e-04	     -0.13	Gaussian	0.000000	0.000000
1826	0	  0.025030	  0.029374	     -1.00	   5141.22	   1182.80	      2.05	      1.84	      4.32	      3.87	43.75	 3.709e-04	     -0.13	Gaussian	0.000000	0.000000
1827	0	  0.025157	  0.025708	     -1.00	   1134.00	   1303.18	      2.22	      1.94	      4.66	      4.07	21.94	 5.669e-04	     -0.13	Gaussian	0.000000	0.000000
1828	0	  0.024790	  0.019894	     -1.00	   5835.12	   3394.51	      2.83	      2.31	      5.95	      4.85	24.55	 7.080e-04	     -0.13	Gaussian	0.000000	0.000000
1829	0	  0.025430	  0.029846	     -1.00	   2066.96	   2233.31	      1.97	      1.89	      4.14	      3.96	-79.91	 3.709e-04	     -0.13	Gaussian	0.000000	0.000000
1830	0	  0.025561	  0.022852	     -1.00	   2646.62	   1960.02	      2.91	      2.34	      6.13	      4.91	82.02	 8.831e-04	     -0.13	Gaussian	0.000000	0.000000
1831	0	  0.025303	  0.020488	     -1.00	   2584.22	   4198.41	      3.56	      2.58	      7.49	      5.42	-0.28	 1.267e-03	     -0.13	Gaussian	0.000000	0.000000
1832	0	  0.025565	  0.016249	     -1.00	   4057.38	   1958.17	      3.97	      3.95	      8.34	      8.30	7.86	 1.839e-03	     -0.13	Gaussian	0.000000	0.000000
1833	0	  0.025372	  0.019253	     -1.00	   1918.66	   1290.61	      3.61	      3.48	      7.59	      7.31	80.81	 1.664e-03	     -0.13	Gaussian	0.000000	0.000000
1834	0	  0.025023	  0.027760	     -1.00	   5304.00	   3605.83	      2.16	      1.84	      4.54	      3.87	67.08	 3.868e-04	     -0.13	Gaussian	0.000000	0.000000
1835	0	  0.025167	  0.026947	     -1.00	   1811.47	    574.73	      2.13	      1.93	      4.48	      4.05	36.49	 3.953e-04	     -0.13	Gaussian	0.000000	0.000000
1836	0	  0.025091	  0.025596	     -1.00	   1156.51	    998.83	      2.29	      1.88	      4.80	      3.96	17.03	 4.293e-04	     -0.13	Gaussian	0.000000	0.000000
1837	0	  0.025512	  0.024509	     -1.00	   2595.34	   3045.04	      2.72	      2.29	      5.71	      4.82	39.11	 8.280e-04	     -0.13	Gaussian	0.000000	0.000000
1838	0	  0.025024	  0.024240	     -1.00	   1279.45	    280.96	      1.43	      1.43	      3.00	      3.00	44.29	 1.275e-03	     -0.13	Gaussian	0.000000	0.000000
1839	0	  0.025099	  0.028612	     -1.00	   2654.58	    158.16	      2.00	      1.72	      4.21	      3.62	39.48	 4.607e-04	     -0.13	Gaussian	0.000000	0.000000
1840	0	  0.025512	  0.031388	     -1.00	   2553.64	   3127.64	      1.93	      1.81	      4.07	      3.81	58.94	 3.571e-04	     -0.13	Gaussian	0.000000	0.000000
1841	0	  0.024638	  0.025872	     -1.00	   6165.90	   3263.97	      2.25	      1.89	      4.74	      3.98	51.99	 4.160e-04	     -0.13	Gaussian	0.000000	0.000000
1842	0	  0.024783	  0.021922	     -1.00	    277.95	   2956.17	      2.42	      2.09	      5.08	      4.38	-4.47	 4.157e-04	     -0.13	Gaussian	0.000000	0.000000
1843	0	  0.025547	  0.030003	     -1.00	   2537.57	   2823.98	      2.00	      1.84	      4.21	      3.88	-84.77	 3.552e-04	     -0.13	Gaussian	0.000000	0.000000
1844	0	  0.025480	  0.025753	     -1.00	   4479.52	   2019.47	      2.58	      2.40	      5.43	      5.04	43.64	 7.553e-04	     -0.13	Gaussian	0.000000	0.000000
1845	0	  0.025249	  0.018299	     -1.00	   1512.36	   3900.24	      3.21	      2.84	      6.74	      5.97	45.29	 9.514e-04	     -0.13	Gaussian	0.000000	0.000000
1846	0	  0.025332	  0.024610	     -1.00	   4881.68	   2807.45	      2.30	      2.06	      4.82	      4.34	67.42	 4.133e-04	     -0.13	Gaussian	0.000000	0.000000
1847	0	  0.025669	  0.018328	     -1.00	   3621.77	   2208.58	      1.65	      1.60	      3.47	      3.36	71.54	 1.419e-03	     -0.13	Gaussian	0.000000	0.000000
1848	0	  0.025502	  0.030375	     -1.00	   3491.83	   1103.00	      1.95	      1.86	      4.11	      3.91	79.25	 3.746e-04	     -0.13	Gaussian	0.000000	0.000000
1849	0	  0.025244	  0.016528	     -1.00	   3276.09	   4227.69	      3.43	      3.42	      7.20	      7.18	18.97	 1.364e-03	     -0.13	Gaussian	0.000000	0.000000
1850	0	  0.026273	  0.019957	     -1.00	   1239.78	    638.61	      1.65	      1.56	      3.46	      3.29	88.76	 3.309e-03	     -0.13	Gaussian	0.000000	0.000000
1851	0	  0.025557	  0.018687	     -1.00	    957.62	   2331.63	      3.57	      3.51	      7.51	      7.37	82.38	 2.140e-03	     -0.13	Gaussian	0.000000	0.000000
1852	0	  0.024897	  0.023890	     -1.00	   1665.83	     23.80	      2.34	      1.96	      4.91	      4.12	19.90	 4.235e-04	     -0.13	Gaussian	0.000000	0.000000
1853	0	  0.024921	  0.021857	     -1.00	    745.00	   1411.34	      2.45	      2.06	      5.15	      4.32	5.75	 3.838e-04	     -0.13	Gaussian	0.000000	0.000000
1854	0	  0.025461	  0.019144	     -1.00	   1560.70	   2130.87	      1.29	      1.22	      2.71	      2.56	68.90	 1.944e-03	     -0.13	Gaussian	0.000000	0.000000
1855	0	  0.024580	  0.025779	     -1.00	   6204.24	   1218.82	      2.25	      1.89	      4.74	      3.97	46.98	 4.100e-04	     -0.13	Gaussian	0.000000	0.000000
1856	0	  0.025014	  0.017022	     -1.00	   5283.99	   3286.27	      3.44	      2.41	      7.23	      5.06	-88.46	 8.976e-04	     -0.13	Gaussian	0.000000	0.000000
1857	0	  0.025171	  0.021366	     -1.00	   5246.48	   2904.03	      2.62	      2.34	      5.50	      4.93	80.56	 6.769e-04	     -0.13	Gaussian	0.000000	0.000000
1858	0	  0.025442	  0.028335	     -1.00	   3280.10	   3797.05	      1.96	      1.95	      4.12	      4.11	41.23	 3.917e-04	     -0.13	Gaussian	0.000000	0.000000
1859	0	  0.024911	  0.021849	     -1.00	    497.80	   2862.55	      2.24	      2.24	      4.70	      4.70	54.29	 4.489e-04	     -0.13	Gaussian	0.000000	0.000000
1860	0	  0.024923	  0.025964	     -1.00	   5589.40	   3426.05	      1.79	      1.57	      3.76	      3.30	9.44	 7.848e-04	     -0.13	Gaussian	0.000000	0.000000
1861	0	  0.025230	  0.026084	     -1.00	   1312.16	   1986.81	      2.05	      2.04	      4.31	      4.29	46.54	 3.561e-04	     -0.13	Gaussian	0.000000	0.000000
1862	0	  0.024907	  0.014862	     -1.00	   5119.84	    496.05	      1.76	      1.65	      3.69	      3.47	65.04	 1.503e-03	     -0.13	Gaussian	0.000000	0.000000
1863	0	  0.025072	  0.027848	     -1.00	   4927.38	    240.83	      2.17	      1.81	      4.56	      3.80	40.67	 8.742e-04	     -0.13	Gaussian	0.000000	0.000000
1864	0	  0.025049	  0.024237	     -1.00	    803.37	   2283.85	      2.12	      2.11	      4.45	      4.44	69.19	 4.432e-04	     -0.13	Gaussian	0.000000	0.000000
1865	0	  0.024927	  0.021821	     -1.00	   5222.20	    779.16	      3.02	      2.47	      6.34	      5.19	52.51	 8.929e-04	     -0.13	Gaussian	0.000000	0.000000
1866	0	  0.025648	  0.014920	     -1.00	   3521.03	   1806.11	      1.67	      1.63	      3.51	      3.42	64.12	 1.768e-03	     -0.13	Gaussian	0.000000	0.000000
1867	0	  0.024747	  0.022997	     -1.00	   5262.44	    127.50	      1.91	      1.83	      4.01	      3.85	26.29	 7.392e-04	     -0.13	Gaussian	0.000000	0.000000
1868	0	  0.024665	  0.024782	     -1.00	   5789.94	    582.55	      2.09	      2.08	      4.39	      4.38	82.32	 4.499e-04	     -0.13	Gaussian	0.000000	0.000000
1869	0	  0.025078	  0.023686	     -1.00	   1894.45	    337.06	      2.62	      2.55	      5.51	      5.35	51.37	 7.745e-04	     -0.13	Gaussian	0.000000	0.000000
1870	0	  0.025280	  0.030508	     -1.00	   4818.92	   2955.73	      1.96	      1.81	      4.12	      3.79	58.45	 3.771e-04	     -0.13	Gaussian	0.000000	0.000000
1871	0	  0.025303	  0.029398	     -1.00	   4556.77	   3199.70	      2.02	      1.81	      4.25	      3.80	62.99	 5.533e-04	     -0.13	Gaussian	0.000000	0.000000
1872	0	  0.025538	  0.030467	     -1.00	   2665.84	   1261.56	      1.94	      1.83	      4.08	      3.84	83.33	 3.470e-04	     -0.13	Gaussian	0.000000	0.000000
1873	0	  0.025055	  0.026919	     -1.00	   4428.03	    255.79	      2.08	      1.92	      4.37	      4.04	44.62	 4.468e-04	     -0.13	Gaussian	0.000000	0.000000
1874	0	  0.025446	  0.018832	     -1.00	   3310.72	    904.70	      1.60	      1.52	      3.36	      3.19	64.19	 1.484e-03	     -0.13	Gaussian	0.000000	0.000000
1875	0	  0.025493	  0.019831	     -1.00	   4813.03	   3217.71	      3.08	      2.41	      6.47	      5.06	11.88	 1.563e-03	     -0.13	Gaussian	0.000000	0.000000
1876	0	  0.024836	  0.020306	     -1.00	    656.74	   3914.28	      2.87	      2.64	      6.03	      5.55	-48.13	 6.295e-04	     -0.13	Gaussian	0.000000	0.000000
1877	0	  0.025243	  0.014227	     -1.00	   1515.78	   1548.00	      1.71	      1.62	      3.59	      3.40	71.23	 1.495e-03	     -0.12	Gaussian	0.000000	0.000000
1878	0	  0.025656	  0.028868	     -1.00	   2632.27	   2500.86	      2.00	      1.85	      4.20	      3.89	84.19	 3.516e-04	     -0.12	Gaussian	0.000000	0.000000
1879	0	  0.025513	  0.031283	     -1.00	   2382.28	   3307.81	      1.93	      1.77	      4.05	      3.72	75.77	 3.546e-04	     -0.12	Gaussian	0.000000	0.000000
1880	0	  0.025103	  0.023276	     -1.00	   1112.39	   1074.66	      1.99	      1.83	      4.18	      3.84	32.45	 6.176e-04	     -0.12	Gaussian	0.000000	0.000000
1881	0	  0.025406	  0.028486	     -1.00	   4481.88	   2720.84	      2.01	      1.88	      4.22	      3.95	59.38	 3.665e-04	     -0.12	Gaussian	0.000000	0.000000
1882	0	  0.024779	  0.021800	     -1.00	   1051.89	    461.44	      2.42	      2.04	      5.09	      4.28	14.64	 3.842e-04	     -0.12	Gaussian	0.000000	0.000000
1883	0	  0.025668	  0.023463	     -1.00	   3228.23	   2255.57	      2.39	      2.01	      5.03	      4.23	4.22	 5.569e-04	     -0.12	Gaussian	0.000000	0.000000
1884	0	  0.025174	  0.014040	     -1.00	   5279.05	    550.48	      3.35	      3.34	      7.04	      7.02	76.74	 1.604e-03	     -0.12	Gaussian	0.000000	0.000000
1885	0	  0.025408	  0.015882	     -1.00	   4719.69	   3057.97	      1.28	      1.28	      2.69	      2.68	32.91	 2.109e-03	     -0.12	Gaussian	0.000000	0.000000
1886	0	  0.025307	  0.029068	     -1.00	   2949.07	    621.98	      1.99	      1.84	      4.19	      3.86	69.44	 3.866e-04	     -0.12	Gaussian	0.000000	0.000000
1887	0	  0.025075	  0.023210	     -1.00	   4687.58	    679.08	      2.62	      2.22	      5.51	      4.66	63.75	 6.526e-04	     -0.12	Gaussian	0.000000	0.000000
1888	0	  0.025647	  0.026855	     -1.00	   2771.63	   2055.59	      2.07	      1.91	      4.35	      4.02	77.79	 3.586e-04	     -0.12	Gaussian	0.000000	0.000000
1889	0	  0.025246	  0.014713	     -1.00	   4518.11	   1362.74	      3.29	      3.29	      6.91	      6.91	6.98	 1.111e-03	     -0.12	Gaussian	0.000000	0.000000
1890	0	  0.025147	  0.016982	     -1.00	   4729.35	   3130.26	      3.39	      2.78	      7.13	      5.84	27.36	 9.886e-04	     -0.12	Gaussian	0.000000	0.000000
1891	0	  0.024943	  0.026151	     -1.00	   5907.42	   2591.66	      2.18	      1.87	      4.57	      3.93	47.10	 3.502e-04	     -0.12	Gaussian	0.000000	0.000000
1892	0	  0.025226	  0.015088	     -1.00	   1647.74	    744.23	      1.62	      1.53	      3.41	      3.21	64.05	 1.665e-03	     -0.12	Gaussian	0.000000	0.000000
1893	0	  0.025399	  0.026835	     -1.00	   1886.83	   1225.57	      2.05	      1.93	      4.31	      4.05	45.74	 3.737e-04	     -0.12	Gaussian	0.000000	0.000000
1894	0	  0.024987	  0.027115	     -1.00	   5593.87	   2753.54	      2.12	      1.85	      4.45	      3.89	56.66	 3.888e-04	     -0.12	Gaussian	0.000000	0.000000
1895	0	  0.025277	  0.025255	     -1.00	   1454.07	    827.45	      2.10	      2.00	      4.41	      4.21	34.90	 4.421e-04	     -0.12	Gaussian	0.000000	0.000000
1896	0	  0.025280	  0.029188	     -1.00	   4602.60	   1361.82	      1.94	      1.87	      4.08	      3.93	37.14	 3.816e-04	     -0.12	Gaussian	0.000000	0.000000
1897	0	  0.025688	  0.028902	     -1.00	   3301.65	   2441.63	      2.00	      1.84	      4.20	      3.86	-89.39	 3.385e-04	     -0.12	Gaussian	0.000000	0.000000
1898	0	  0.025227	  0.018433	     -1.00	   4662.30	   1329.42	      3.16	      2.42	      6.63	      5.10	7.67	 9.181e-04	     -0.12	Gaussian	0.000000	0.000000
1899	0	  0.025049	  0.021717	     -1.00	   5396.66	   2930.47	      2.88	      2.19	      6.05	      4.60	55.89	 6.670e-04	     -0.12	Gaussian	0.000000	0.000000
1900	0	  0.025328	  0.019220	     -1.00	   3635.49	    659.29	      3.16	      1.97	      6.64	      4.14	18.89	 8.081e-04	     -0.12	Gaussian	0.000000	0.000000
1901	0	  0.025542	  0.028870	     -1.00	   3146.71	   3374.96	      1.92	      1.91	      4.03	      4.02	40.18	 3.985e-04	     -0.12	Gaussian	0.000000	0.000000
1902	0	  0.025382	  0.018308	     -1.00	   3532.32	    980.41	      3.05	      2.06	      6.42	      4.33	58.76	 7.411e-04	     -0.12	Gaussian	0.000000	0.000000
1903	0	  0.025136	  0.025017	     -1.00	   1750.17	   4203.94	      2.11	      1.99	      4.43	      4.18	-63.89	 4.593e-04	     -0.12	Gaussian	0.000000	0.000000
1904	0	  0.025512	  0.028735	     -1.00	   3384.84	   3261.43	      2.03	      1.81	      4.26	      3.81	89.37	 3.551e-04	     -0.12	Gaussian	0.000000	0.000000
1905	0	  0.025591	  0.029850	     -1.00	   3386.53	   3404.79	      1.94	      1.83	      4.07	      3.84	-87.15	 4.174e-04	     -0.12	Gaussian	0.000000	0.000000
1906	0	  0.025255	  0.018616	     -1.00	   2729.57	    608.29	      3.17	      2.56	      6.66	      5.38	81.16	 1.011e-03	     -0.12	Gaussian	0.000000	0.000000
1907	0	  0.024986	  0.023721	     -1.00	    982.88	   3701.68	      2.11	      2.11	      4.43	      4.43	48.37	 4.191e-04	     -0.12	Gaussian	0.000000	0.000000
1908	0	  0.025227	  0.015360	     -1.00	   1766.49	   3854.87	      3.37	      3.32	      7.08	      6.99	8.66	 1.163e-03	     -0.12	Gaussian	0.000000	0.000000
1909	0	  0.025442	  0.025347	     -1.00	   4891.39	   2546.16	      2.33	      2.08	      4.90	      4.37	52.90	 5.027e-04	     -0.12	Gaussian	0.000000	0.000000
1910	0	  0.024871	  0.017248	     -1.00	   5652.59	   3445.29	      3.34	      2.89	      7.03	      6.07	63.31	 1.010e-03	     -0.12	Gaussian	0.000000	0.000000
1911	0	  0.025081	  0.024014	     -1.00	   5160.37	   1389.86	      2.09	      2.09	      4.39	      4.39	-80.31	 3.776e-04	     -0.12	Gaussian	0.000000	0.000000
1912	0	  0.025006	  0.017817	     -1.00	   2194.44	     90.52	      3.51	      3.37	      7.39	      7.08	79.99	 1.307e-03	     -0.12	Gaussian	0.000000	0.000000
1913	0	  0.025314	  0.025025	     -1.00	   2989.65	   3984.50	      2.50	      2.19	      5.24	      4.60	63.76	 6.244e-04	     -0.12	Gaussian	0.000000	0.000000
1914	0	  0.025374	  0.020389	     -1.00	   5100.55	   1497.24	      1.53	      1.22	      3.21	      2.56	60.68	 1.702e-03	     -0.12	Gaussian	0.000000	0.000000
1915	0	  0.024901	  0.018473	     -1.00	   5704.16	   1494.41	      3.02	      2.47	      6.34	      5.20	16.32	 7.572e-04	     -0.12	Gaussian	0.000000	0.000000
1916	0	  0.025562	  0.017879	     -1.00	   2199.77	   3168.43	      1.76	      1.74	      3.69	      3.66	38.34	 1.161e-03	     -0.12	Gaussian	0.000000	0.000000
1917	0	  0.024879	  0.018870	     -1.00	   5039.53	    351.27	      3.54	      2.48	      7.44	      5.22	-69.65	 1.019e-03	     -0.12	Gaussian	0.000000	0.000000
1918	0	  0.024762	  0.024838	     -1.00	   5059.99	    150.52	      2.26	      1.86	      4.75	      3.91	44.06	 3.844e-04	     -0.12	Gaussian	0.000000	0.000000
1919	0	  0.025557	  0.024289	     -1.00	   2440.85	   2025.39	      2.24	      2.08	      4.70	      4.37	-13.11	 5.509e-04	     -0.12	Gaussian	0.000000	0.000000
1920	0	  0.025171	  0.026877	     -1.00	   3056.95	    230.32	      2.11	      1.85	      4.43	      3.89	51.61	 4.005e-04	     -0.12	Gaussian	0.000000	0.000000
1921	0	  0.025543	  0.020465	     -1.00	   3695.40	   3097.79	      2.95	      2.02	      6.20	      4.25	27.59	 8.142e-04	     -0.12	Gaussian	0.000000	0.000000
1922	0	  0.025115	  0.024957	     -1.00	   2416.49	    133.70	      1.52	      1.38	      3.19	      2.90	58.55	 1.172e-03	     -0.12	Gaussian	0.000000	0.000000
1923	0	  0.025547	  0.028143	     -1.00	   2446.89	   2842.64	      1.95	      1.89	      4.11	      3.97	82.82	 3.612e-04	     -0.12	Gaussian	0.000000	0.000000
1924	0	  0.025278	  0.013121	     -1.00	   4492.31	   3358.49	      3.85	      3.83	      8.10	      8.05	70.40	 1.495e-03	     -0.12	Gaussian	0.000000	0.000000
1925	0	  0.025014	  0.027324	     -1.00	   4877.83	    453.85	      2.04	      1.86	      4.29	      3.92	65.19	 3.740e-04	     -0.12	Gaussian	0.000000	0.000000
1926	0	  0.025518	  0.027070	     -1.00	   3079.52	   3677.05	      2.13	      2.03	      4.47	      4.27	73.63	 4.162e-04	     -0.12	Gaussian	0.000000	0.000000
1927	0	  0.024624	  0.024568	     -1.00	   5260.87	     45.09	      2.29	      1.85	      4.81	      3.88	48.64	 3.901e-04	     -0.12	Gaussian	0.000000	0.000000
1928	0	  0.025559	  0.028901	     -1.00	   3115.72	   1858.69	      1.99	      1.80	      4.19	      3.78	72.91	 3.552e-04	     -0.12	Gaussian	0.000000	0.000000
1929	0	  0.025265	  0.028494	     -1.00	   4749.63	   2872.74	      2.03	      1.80	      4.26	      3.78	69.98	 3.593e-04	     -0.12	Gaussian	0.000000	0.000000
1930	0	  0.025044	  0.028098	     -1.00	   5075.27	    990.97	      2.02	      1.84	      4.24	      3.86	63.37	 3.944e-04	     -0.12	Gaussian	0.000000	0.000000
1931	0	  0.025603	  0.028778	     -1.00	   2349.01	   2806.77	      1.95	      1.84	      4.09	      3.87	85.96	 3.574e-04	     -0.12	Gaussian	0.000000	0.000000
1932	0	  0.025056	  0.026500	     -1.00	   5250.85	   3361.99	      2.12	      1.84	      4.45	      3.86	62.93	 3.652e-04	     -0.12	Gaussian	0.000000	0.000000
1933	0	  0.025382	  0.013420	     -1.00	   1493.78	   2120.44	      1.79	      1.34	      3.76	      2.83	77.73	 1.671e-03	     -0.12	Gaussian	0.000000	0.000000
1934	0	  0.025262	  0.028099	     -1.00	   3959.00	    608.12	      1.99	      1.85	      4.19	      3.88	64.18	 3.576e-04	     -0.12	Gaussian	0.000000	0.000000
1935	0	  0.025378	  0.019665	     -1.00	   3661.12	   3784.56	      2.62	      2.28	      5.50	      4.80	8.32	 7.550e-04	     -0.12	Gaussian	0.000000	0.000000
1936	0	  0.025203	  0.024681	     -1.00	   1821.88	    690.98	      2.11	      1.99	      4.43	      4.18	26.98	 4.383e-04	     -0.12	Gaussian	0.000000	0.000000
1937	0	  0.025171	  0.024274	     -1.00	    619.54	   1403.89	      1.62	      1.60	      3.41	      3.36	65.12	 1.136e-03	     -0.12	Gaussian	0.000000	0.000000
1938	0	  0.025267	  0.019302	     -1.00	   1684.41	    891.82	      1.89	      1.76	      3.98	      3.70	70.13	 1.070e-03	     -0.12	Gaussian	0.000000	0.000000
1939	0	  0.025530	  0.020215	     -1.00	   3343.53	   1580.16	      3.34	      2.23	      7.01	      4.68	-64.59	 9.954e-04	     -0.12	Gaussian	0.000000	0.000000
1940	0	  0.025477	  0.019391	     -1.00	   2714.39	   3161.30	      2.86	      2.01	      6.02	      4.23	55.20	 6.302e-04	     -0.12	Gaussian	0.000000	0.000000
1941	0	  0.025313	  0.022713	     -1.00	   3372.04	   4245.43	      1.78	      1.53	      3.74	      3.23	4.49	 1.025e-03	     -0.12	Gaussian	0.000000	0.000000
1942	0	  0.025419	  0.023013	     -1.00	   2705.84	   3653.50	      2.51	      2.25	      5.28	      4.72	65.45	 6.335e-04	     -0.12	Gaussian	0.000000	0.000000
1943	0	  0.025128	  0.020413	     -1.00	   3592.40	    202.28	      2.99	      2.37	      6.28	      4.99	26.65	 7.508e-04	     -0.12	Gaussian	0.000000	0.000000
1944	0	  0.025038	  0.019756	     -1.00	   5303.53	   3879.30	      2.92	      2.05	      6.14	      4.31	-34.85	 7.535e-04	     -0.12	Gaussian	0.000000	0.000000
1945	0	  0.024872	  0.012796	     -1.00	   5441.05	    710.84	      1.87	      1.85	      3.93	      3.90	63.92	 1.419e-03	     -0.12	Gaussian	0.000000	0.000000
1946	0	  0.025189	  0.024447	     -1.00	   5269.56	   1512.49	      2.15	      1.95	      4.52	      4.11	52.56	 4.636e-04	     -0.12	Gaussian	0.000000	0.000000
1947	0	  0.025283	  0.027324	     -1.00	   2035.32	   3865.97	      1.98	      1.88	      4.16	      3.96	82.50	 3.787e-04	     -0.12	Gaussian	0.000000	0.000000
1948	0	  0.025487	  0.019690	     -1.00	   3902.13	   3064.48	      2.55	      2.32	      5.36	      4.88	9.28	 6.484e-04	     -0.12	Gaussian	0.000000	0.000000
1949	0	  0.024876	  0.026373	     -1.00	   5774.59	   2393.86	      2.09	      1.85	      4.40	      3.89	44.47	 3.753e-04	     -0.12	Gaussian	0.000000	0.000000
1950	0	  0.025715	  0.015878	     -1.00	   3024.60	   2221.36	      1.67	      1.56	      3.52	      3.27	-89.84	 1.298e-03	     -0.12	Gaussian	0.000000	0.000000
1951	0	  0.025121	  0.026402	     -1.00	   4783.98	   1000.03	      2.05	      1.88	      4.31	      3.94	54.36	 4.027e-04	     -0.12	Gaussian	0.000000	0.000000
1952	0	  0.025415	  0.015828	     -1.00	   3742.86	   3738.85	      1.75	      1.69	      3.68	      3.56	60.45	 1.447e-03	     -0.12	Gaussian	0.000000	0.000000
1953	0	  0.025623	  0.027998	     -1.00	   2488.26	   3253.62	      1.77	      1.68	      3.72	      3.52	76.52	 6.186e-04	     -0.12	Gaussian	0.000000	0.000000
1954	0	  0.025393	  0.027355	     -1.00	   2870.86	   3843.58	      1.92	      1.92	      4.04	      4.04	10.97	 3.675e-04	     -0.12	Gaussian	0.000000	0.000000
1955	0	  0.025410	  0.027379	     -1.00	   4155.19	   3405.99	      2.01	      1.84	      4.22	      3.87	72.34	 3.856e-04	     -0.12	Gaussian	0.000000	0.000000
1956	0	  0.025644	  0.020636	     -1.00	   2924.54	   2467.24	      1.64	      1.43	      3.45	      3.00	60.68	 1.338e-03	     -0.12	Gaussian	0.000000	0.000000
1957	0	  0.025293	  0.025779	     -1.00	   1896.38	   3556.67	      1.99	      1.96	      4.17	      4.12	81.60	 4.139e-04	     -0.12	Gaussian	0.000000	0.000000
1958	0	  0.025554	  0.027065	     -1.00	   3882.29	   2489.66	      2.01	      1.83	      4.23	      3.86	70.10	 3.449e-04	     -0.12	Gaussian	0.000000	0.000000
1959	0	  0.025280	  0.026671	     -1.00	   2438.56	    516.72	      2.02	      1.87	      4.25	      3.92	26.26	 3.609e-04	     -0.12	Gaussian	0.000000	0.000000
1960	0	  0.025502	  0.023886	     -1.00	   2796.79	   1213.37	      2.30	      2.01	      4.83	      4.23	51.27	 4.371e-04	     -0.12	Gaussian	0.000000	0.000000
1961	0	  0.025464	  0.017974	     -1.00	   1611.68	   2443.78	      1.35	      1.27	      2.83	      2.66	70.72	 1.686e-03	     -0.12	Gaussian	0.000000	0.000000
1962	0	  0.025272	  0.025342	     -1.00	   2041.01	   3965.39	      2.05	      1.92	      4.32	      4.03	-58.22	 3.746e-04	     -0.12	Gaussian	0.000000	0.000000
1963	0	  0.025627	  0.018467	     -1.00	   2405.62	   2994.75	      1.82	      1.64	      3.82	      3.44	69.61	 1.192e-03	     -0.12	Gaussian	0.000000	0.000000
1964	0	  0.025302	  0.025181	     -1.00	   2153.96	   3846.46	      2.04	      1.95	      4.28	      4.09	63.05	 3.821e-04	     -0.12	Gaussian	0.000000	0.000000
1965	0	  0.025106	  0.018525	     -1.00	   5356.48	   2042.22	      2.71	      2.35	      5.69	      4.94	76.09	 6.246e-04	     -0.12	Gaussian	0.000000	0.000000
1966	0	  0.025987	  0.017687	     -1.00	   3356.09	   2296.68	      2.86	      2.26	      6.00	      4.75	12.87	 1.531e-03	     -0.12	Gaussian	0.000000	0.000000
1967	0	  0.025664	  0.026981	     -1.00	   2863.59	   2356.69	      1.95	      1.88	      4.11	      3.95	81.10	 3.381e-04	     -0.12	Gaussian	0.000000	0.000000
1968	0	  0.024842	  0.020393	     -1.00	   5900.62	   2159.06	      2.55	      2.17	      5.36	      4.57	68.12	 5.565e-04	     -0.12	Gaussian	0.000000	0.000000
1969	0	  0.025148	  0.025451	     -1.00	   4262.02	    478.06	      2.08	      1.86	      4.37	      3.92	50.35	 3.831e-04	     -0.12	Gaussian	0.000000	0.000000
1970	0	  0.025503	  0.027433	     -1.00	   2175.74	   2623.66	      1.97	      1.83	      4.15	      3.84	81.35	 3.520e-04	     -0.12	Gaussian	0.000000	0.000000
1971	0	  0.025103	  0.017086	     -1.00	    978.51	   3238.83	      1.57	      1.48	      3.30	      3.11	79.80	 1.396e-03	     -0.12	Gaussian	0.000000	0.000000
1972	0	  0.025182	  0.025628	     -1.00	   3185.93	    226.48	      2.07	      1.85	      4.36	      3.89	40.95	 3.550e-04	     -0.11	Gaussian	0.000000	0.000000
1973	0	  0.025179	  0.026747	     -1.00	   4051.59	    441.71	      1.96	      1.86	      4.12	      3.92	51.24	 3.315e-04	     -0.11	Gaussian	0.000000	0.000000
1974	0	  0.025596	  0.019427	     -1.00	   2897.54	   2678.15	      3.44	      2.07	      7.24	      4.34	50.59	 1.007e-03	     -0.11	Gaussian	0.000000	0.000000
1975	0	  0.025489	  0.026765	     -1.00	   2183.09	   2702.02	      1.95	      1.87	      4.10	      3.93	87.67	 3.801e-04	     -0.11	Gaussian	0.000000	0.000000
1976	0	  0.025850	  0.027738	     -1.00	   3639.09	   1672.90	      1.92	      1.83	      4.04	      3.84	75.54	 1.557e-03	     -0.11	Gaussian	0.000000	0.000000
1977	0	  0.025213	  0.022792	     -1.00	    787.91	   1125.40	      2.12	      1.89	      4.46	      3.98	23.22	 1.298e-03	     -0.11	Gaussian	0.000000	0.000000
1978	0	  0.025468	  0.025810	     -1.00	   1795.38	   1471.77	      1.98	      1.91	      4.16	      4.02	42.93	 5.168e-04	     -0.11	Gaussian	0.000000	0.000000
1979	0	  0.025394	  0.026269	     -1.00	   4376.71	   1580.69	      2.00	      1.84	      4.21	      3.87	59.27	 3.944e-04	     -0.11	Gaussian	0.000000	0.000000
1980	0	  0.025679	  0.028594	     -1.00	   2757.72	   1754.92	      1.84	      1.84	      3.86	      3.86	22.48	 6.067e-04	     -0.11	Gaussian	0.000000	0.000000
1981	0	  0.025501	  0.012740	     -1.00	   2352.71	   1205.08	      3.22	      3.11	      6.76	      6.54	44.22	 1.134e-03	     -0.11	Gaussian	0.000000	0.000000
1982	0	  0.025390	  0.026185	     -1.00	   3493.88	    760.30	      2.02	      1.83	      4.24	      3.84	73.09	 3.572e-04	     -0.11	Gaussian	0.000000	0.000000
1983	0	  0.025388	  0.024658	     -1.00	   1632.92	   2647.93	      2.03	      1.93	      4.26	      4.05	81.95	 3.591e-04	     -0.11	Gaussian	0.000000	0.000000
1984	0	  0.025629	  0.026614	     -1.00	   3307.63	   1318.86	      1.90	      1.89	      4.00	      3.98	40.97	 6.858e-04	     -0.11	Gaussian	0.000000	0.000000
1985	0	  0.025666	  0.026531	     -1.00	   3220.95	   1946.93	      1.96	      1.84	      4.12	      3.88	89.94	 3.764e-04	     -0.11	Gaussian	0.000000	0.000000
1986	0	  0.025695	  0.018793	     -1.00	   4325.60	   1767.91	      2.61	      2.22	      5.48	      4.67	-85.75	 1.371e-03	     -0.11	Gaussian	0.000000	0.000000
1987	0	  0.025316	  0.025146	     -1.00	   4715.94	   1100.26	      2.00	      1.90	      4.20	      4.00	70.47	 5.370e-04	     -0.11	Gaussian	0.000000	0.000000
1988	0	  0.025505	  0.022225	     -1.00	   2768.46	   1343.70	      2.46	      2.22	      5.18	      4.67	73.37	 7.086e-04	     -0.11	Gaussian	0.000000	0.000000
1989	0	  0.025166	  0.024236	     -1.00	   1606.96	   3563.39	      1.56	      1.56	      3.29	      3.28	-7.74	 8.325e-04	     -0.11	Gaussian	0.000000	0.000000
1990	0	  0.025819	  0.026549	     -1.00	   3282.24	   1996.67	      1.97	      1.83	      4.14	      3.85	-71.78	 6.067e-04	     -0.11	Gaussian	0.000000	0.000000
1991	0	  0.025920	  0.016507	     -1.00	   3339.07	   3026.67	      2.94	      2.29	      6.19	      4.81	12.10	 1.903e-03	     -0.11	Gaussian	0.000000	0.000000
1992	0	  0.025492	  0.018890	     -1.00	   4197.42	   2389.26	      1.84	      1.55	      3.87	      3.25	67.58	 8.235e-04	     -0.11	Gaussian	0.000000	0.000000
1993	0	  0.024886	  0.018248	     -1.00	   5138.30	    590.77	      1.75	      1.51	      3.68	      3.18	77.60	 1.244e-03	     -0.11	Gaussian	0.000000	0.000000
1994	0	  0.025431	  0.020358	     -1.00	   4574.39	   2243.66	      1.89	      1.66	      3.97	      3.49	74.41	 8.715e-04	     -0.11	Gaussian	0.000000	0.000000
1995	0	  0.025056	  0.024045	     -1.00	   2899.16	     66.00	      2.12	      1.83	      4.46	      3.85	37.83	 3.751e-04	     -0.11	Gaussian	0.000000	0.000000
1996	0	  0.024807	  0.015919	     -1.00	   5831.05	   3098.53	      3.07	      2.40	      6.44	      5.03	14.97	 7.735e-04	     -0.11	Gaussian	0.000000	0.000000
1997	0	  0.025505	  0.013942	     -1.00	   3770.94	   3017.11	      1.68	      1.59	      3.53	      3.33	67.17	 1.498e-03	     -0.11	Gaussian	0.000000	0.000000
1998	0	  0.025058	  0.024110	     -1.00	   5134.13	   1072.95	      2.02	      1.85	      4.25	      3.89	51.73	 4.008e-04	     -0.11	Gaussian	0.000000	0.000000
1999	0	  0.025533	  0.023343	     -1.00	   4118.52	   1946.55	      2.39	      2.11	      5.03	      4.43	53.09	 5.153e-04	     -0.11	Gaussian	0.000000	0.000000
2000	0	  0.025453	  0.018209	     -1.00	   1960.44	    942.62	      1.81	      1.67	      3.81	      3.51	73.66	 9.226e-04	     -0.10	Gaussian	0.000000	0.000000
