# 2000 stars found using the following parameters:
# sigma=1.00 roundness=0.50 radius=5 relax=0 profile=0 minbeta=1.5 max_stars=2000 layer=0 minA=0.00 maxA=0.00 maxR=1.00
# star#	layer	B	A	beta	X	Y	FWHMx [px]	FWHMy [px]	FWHMx ["]	FWHMy ["]	angle	RMSE	mag	Profile	RA	Dec
1	0	  0.043242	  1.344111	     -1.00	   3325.37	   2371.65	      6.60	      6.02	     13.88	     12.66	43.33	 2.114e-02	     -4.45	Gaussian	0.000000	0.000000
2	0	  0.044631	  1.141612	     -1.00	   1189.80	   3061.69	      6.18	      5.43	     13.00	     11.41	11.39	 2.196e-02	     -4.14	Gaussian	0.000000	0.000000
3	0	  0.046001	  1.232345	     -1.00	   2019.81	   3347.66	      5.52	      5.16	     11.60	     10.84	25.41	 2.264e-02	     -4.02	Gaussian	0.000000	0.000000
4	0	  0.049854	  1.277370	     -1.00	   2345.79	    228.76	      5.83	      4.77	     12.26	     10.03	38.55	 2.559e-02	     -4.01	Gaussian	0.000000	0.000000
5	0	  0.045982	  1.430398	     -1.00	   2704.12	   3418.74	      4.59	      4.43	      9.66	      9.31	70.14	 2.175e-02	     -3.77	Gaussian	0.000000	0.000000
6	0	  0.038984	  1.301293	     -1.00	   3295.45	   2025.30	      3.56	      3.34	      7.49	      7.03	79.90	 1.635e-02	     -3.14	Gaussian	0.000000	0.000000
7	0	  0.040856	  1.440387	     -1.00	   3246.05	    917.07	      3.10	      2.87	      6.53	      6.03	57.88	 1.685e-02	     -2.90	Gaussian	0.000000	0.000000
8	0	  0.038022	  1.285940	     -1.00	   3072.41	   1916.63	      3.04	      2.82	      6.38	      5.93	83.72	 1.425e-02	     -2.80	Gaussian	0.000000	0.000000
9	0	  0.037426	  1.211595	     -1.00	   3210.72	   2099.70	      3.16	      2.80	      6.65	      5.89	84.76	 1.439e-02	     -2.78	Gaussian	0.000000	0.000000
10	0	  0.036384	  1.134634	     -1.00	   3410.95	   2266.02	      3.18	      2.90	      6.69	      6.10	87.82	 1.326e-02	     -2.77	Gaussian	0.000000	0.000000
11	0	  0.040802	  1.187255	     -1.00	    881.03	   1000.66	      3.01	      2.66	      6.33	      5.58	21.15	 1.602e-02	     -2.65	Gaussian	0.000000	0.000000
12	0	  0.024969	  0.958869	     -1.00	   3543.96	      9.28	      3.02	      3.02	      6.35	      6.35	86.31	 6.373e-02	     -2.64	Gaussian	0.000000	0.000000
13	0	  0.039893	  1.168694	     -1.00	    973.62	    902.39	      2.98	      2.59	      6.27	      5.45	21.76	 1.575e-02	     -2.61	Gaussian	0.000000	0.000000
14	0	  0.041314	  1.091104	     -1.00	    186.41	   3043.35	      2.80	      2.80	      5.88	      5.88	72.42	 1.813e-02	     -2.56	Gaussian	0.000000	0.000000
15	0	  0.035279	  1.191291	     -1.00	   2872.66	   2916.87	      2.75	      2.48	      5.78	      5.22	82.10	 1.186e-02	     -2.50	Gaussian	0.000000	0.000000
16	0	  0.034765	  1.127671	     -1.00	   5086.87	   3257.17	      2.65	      2.39	      5.56	      5.03	66.64	 1.180e-02	     -2.39	Gaussian	0.000000	0.000000
17	0	  0.034967	  1.130004	     -1.00	   2059.77	   1580.94	      2.54	      2.39	      5.35	      5.02	68.46	 1.221e-02	     -2.35	Gaussian	0.000000	0.000000
18	0	  0.038052	  0.905612	     -1.00	    279.32	   3784.64	      2.80	      2.60	      5.89	      5.47	12.88	 1.450e-02	     -2.33	Gaussian	0.000000	0.000000
19	0	  0.033191	  1.048053	     -1.00	   3533.75	   2580.97	      2.61	      2.38	      5.49	      4.99	-89.43	 1.001e-02	     -2.32	Gaussian	0.000000	0.000000
20	0	  0.047696	  1.072406	     -1.00	    893.97	   1015.15	      2.57	      2.27	      5.39	      4.78	22.93	 3.313e-02	     -2.27	Gaussian	0.000000	0.000000
21	0	  0.035832	  1.020231	     -1.00	    835.32	   2876.71	      2.46	      2.46	      5.18	      5.18	86.44	 1.258e-02	     -2.26	Gaussian	0.000000	0.000000
22	0	  0.035932	  0.786105	     -1.00	   1208.50	    986.39	      2.01	      1.94	      4.23	      4.07	82.49	 4.499e-02	     -2.23	Gaussian	0.000000	0.000000
23	0	  0.035459	  0.961015	     -1.00	    574.12	    781.92	      2.43	      2.27	      5.11	      4.77	6.65	 1.537e-02	     -2.22	Gaussian	0.000000	0.000000
24	0	  0.036279	  0.911888	     -1.00	    422.42	    840.58	      2.71	      2.36	      5.69	      4.97	19.57	 1.303e-02	     -2.20	Gaussian	0.000000	0.000000
25	0	  0.034409	  1.061312	     -1.00	   2883.99	   2078.41	      2.32	      2.32	      4.87	      4.87	0.95	 1.197e-02	     -2.18	Gaussian	0.000000	0.000000
26	0	  0.035613	  1.014044	     -1.00	   5365.83	    897.54	      2.50	      2.20	      5.26	      4.62	55.82	 1.122e-02	     -2.16	Gaussian	0.000000	0.000000
27	0	  0.033865	  1.025620	     -1.00	   5536.32	   3721.70	      2.48	      2.17	      5.22	      4.55	65.29	 1.085e-02	     -2.15	Gaussian	0.000000	0.000000
28	0	  0.034402	  1.061562	     -1.00	   3235.53	   3633.60	      2.41	      2.16	      5.06	      4.55	85.70	 1.025e-02	     -2.14	Gaussian	0.000000	0.000000
29	0	  0.034267	  0.967801	     -1.00	    836.54	   2206.87	      2.47	      2.27	      5.20	      4.76	15.61	 1.131e-02	     -2.13	Gaussian	0.000000	0.000000
30	0	  0.036490	  0.873269	     -1.00	    349.74	   2897.81	      2.52	      2.34	      5.29	      4.92	11.03	 1.275e-02	     -2.09	Gaussian	0.000000	0.000000
31	0	  0.033649	  0.960964	     -1.00	   2162.55	   2761.43	      2.38	      2.20	      5.00	      4.63	82.39	 9.652e-03	     -2.07	Gaussian	0.000000	0.000000
32	0	  0.031994	  1.019583	     -1.00	   3365.62	   2021.99	      2.28	      2.09	      4.80	      4.38	82.66	 9.280e-03	     -2.03	Gaussian	0.000000	0.000000
33	0	  0.033361	  1.017746	     -1.00	   3092.62	   3014.10	      2.26	      2.10	      4.76	      4.42	89.83	 9.825e-03	     -2.03	Gaussian	0.000000	0.000000
34	0	  0.034388	  0.960374	     -1.00	   5963.83	   2596.32	      2.39	      2.07	      5.03	      4.35	61.36	 1.064e-02	     -2.01	Gaussian	0.000000	0.000000
35	0	  0.032353	  0.620254	     -1.00	   1776.73	   1753.18	      3.26	      3.25	      6.85	      6.84	82.18	 3.278e-02	     -2.00	Gaussian	0.000000	0.000000
36	0	  0.032000	  0.821171	     -1.00	   3428.54	   3274.10	      2.81	      2.37	      5.90	      4.98	-35.90	 2.164e-02	     -1.99	Gaussian	0.000000	0.000000
37	0	  0.032983	  0.885791	     -1.00	   2385.80	   2345.80	      2.46	      2.13	      5.16	      4.47	64.30	 1.520e-02	     -1.99	Gaussian	0.000000	0.000000
38	0	  0.034576	  0.749106	     -1.00	     69.19	   2036.56	      2.48	      2.48	      5.21	      5.21	60.58	 1.169e-02	     -1.98	Gaussian	0.000000	0.000000
39	0	  0.033267	  0.902690	     -1.00	   3207.82	   2164.32	      2.78	      2.47	      5.84	      5.19	72.80	 2.346e-02	     -1.97	Gaussian	0.000000	0.000000
40	0	  0.033109	  0.960514	     -1.00	   2276.83	   2523.91	      2.20	      2.06	      4.63	      4.33	79.59	 9.556e-03	     -1.94	Gaussian	0.000000	0.000000
41	0	  0.031790	  0.422371	     -1.00	   1398.08	   1510.58	      1.96	      1.96	      4.11	      4.11	74.83	 4.580e-02	     -1.93	Gaussian	0.000000	0.000000
42	0	  0.030901	  0.729366	     -1.00	   4056.52	   1627.10	      2.98	      2.62	      6.27	      5.51	-35.85	 2.546e-02	     -1.90	Gaussian	0.000000	0.000000
43	0	  0.034830	  0.425534	     -1.00	   2250.07	   3526.19	      3.93	      3.55	      8.26	      7.46	79.10	 4.145e-02	     -1.90	Gaussian	0.000000	0.000000
44	0	  0.032694	  0.862071	     -1.00	   3362.73	   3726.42	      2.29	      2.10	      4.81	      4.42	83.92	 8.340e-03	     -1.89	Gaussian	0.000000	0.000000
45	0	  0.030255	  0.409950	     -1.00	   3068.47	   2116.04	      4.77	      4.74	     10.02	      9.96	88.56	 5.766e-02	     -1.88	Gaussian	0.000000	0.000000
46	0	  0.029741	  0.534204	     -1.00	   3664.41	   2718.62	      3.32	      3.27	      6.98	      6.88	8.67	 3.074e-02	     -1.87	Gaussian	0.000000	0.000000
47	0	  0.030000	  0.386610	     -1.00	   4844.03	   3218.48	      4.74	      4.74	      9.96	      9.96	2.58	 4.842e-02	     -1.85	Gaussian	0.000000	0.000000
48	0	  0.033484	  0.607909	     -1.00	     26.34	   3816.82	      2.63	      2.44	      5.52	      5.12	19.05	 8.978e-03	     -1.83	Gaussian	0.000000	0.000000
49	0	  0.031139	  0.708920	     -1.00	   2700.18	   3221.07	      2.94	      2.63	      6.19	      5.53	68.54	 2.483e-02	     -1.83	Gaussian	0.000000	0.000000
50	0	  0.032267	  0.622193	     -1.00	    486.70	    680.50	      2.64	      2.32	      5.54	      4.88	20.83	 8.662e-03	     -1.81	Gaussian	0.000000	0.000000
51	0	  0.030393	  0.557714	     -1.00	   6319.52	   2326.19	      2.88	      2.70	      6.06	      5.68	80.49	 1.568e-02	     -1.80	Gaussian	0.000000	0.000000
52	0	  0.031845	  0.719928	     -1.00	   5201.36	   1063.19	      1.97	      1.75	      4.14	      3.67	48.68	 2.191e-02	     -1.80	Gaussian	0.000000	0.000000
53	0	  0.032506	  0.802766	     -1.00	   1700.26	   2243.66	      2.22	      2.11	      4.66	      4.43	56.34	 8.395e-03	     -1.80	Gaussian	0.000000	0.000000
54	0	  0.031711	  0.693420	     -1.00	   1450.38	    309.03	      2.51	      2.14	      5.27	      4.50	32.93	 8.695e-03	     -1.79	Gaussian	0.000000	0.000000
55	0	  0.032207	  0.822760	     -1.00	   2139.92	   3181.91	      2.18	      2.05	      4.58	      4.32	82.63	 8.172e-03	     -1.79	Gaussian	0.000000	0.000000
56	0	  0.032947	  0.728236	     -1.00	   5902.70	    194.08	      2.55	      2.47	      5.36	      5.19	-81.27	 1.345e-02	     -1.78	Gaussian	0.000000	0.000000
57	0	  0.029868	  0.465335	     -1.00	   2901.94	   3395.01	      2.99	      2.98	      6.28	      6.27	-51.41	 2.456e-02	     -1.76	Gaussian	0.000000	0.000000
58	0	  0.030798	  0.733534	     -1.00	   5434.28	   3675.81	      2.34	      2.07	      4.92	      4.36	66.17	 7.377e-03	     -1.76	Gaussian	0.000000	0.000000
59	0	  0.032263	  0.651108	     -1.00	   1884.41	   1754.25	      1.87	      1.68	      3.94	      3.52	72.94	 2.664e-02	     -1.75	Gaussian	0.000000	0.000000
60	0	  0.030829	  0.701471	     -1.00	   6330.01	   1829.72	      2.41	      2.07	      5.07	      4.36	58.59	 8.012e-03	     -1.74	Gaussian	0.000000	0.000000
61	0	  0.031413	  0.757263	     -1.00	   2993.21	   2026.00	      2.23	      2.02	      4.69	      4.25	82.65	 7.988e-03	     -1.72	Gaussian	0.000000	0.000000
62	0	  0.031029	  0.651123	     -1.00	   1453.87	    806.79	      2.44	      2.14	      5.13	      4.50	32.11	 7.560e-03	     -1.72	Gaussian	0.000000	0.000000
63	0	  0.027172	  0.469323	     -1.00	   4070.03	   3487.36	      3.35	      2.29	      7.04	      4.81	24.95	 1.803e-02	     -1.70	Gaussian	0.000000	0.000000
64	0	  0.030835	  0.542092	     -1.00	   5667.22	   3726.39	      3.73	      3.68	      7.85	      7.74	7.59	 3.764e-02	     -1.70	Gaussian	0.000000	0.000000
65	0	  0.031670	  0.526705	     -1.00	    257.65	   1005.28	      2.51	      2.51	      5.28	      5.28	62.50	 8.782e-03	     -1.69	Gaussian	0.000000	0.000000
66	0	  0.030532	  0.598668	     -1.00	    972.72	   2198.25	      2.38	      2.33	      5.00	      4.90	-67.87	 7.887e-03	     -1.66	Gaussian	0.000000	0.000000
67	0	  0.024561	  0.238179	     -1.00	   3146.25	     33.21	      4.70	      2.79	      9.88	      5.87	68.62	 1.864e-02	     -1.66	Gaussian	0.000000	0.000000
68	0	  0.030033	  0.592107	     -1.00	   3349.41	   2131.57	      2.49	      2.11	      5.24	      4.43	-78.86	 5.826e-03	     -1.64	Gaussian	0.000000	0.000000
69	0	  0.030665	  0.679120	     -1.00	   2116.08	   1827.93	      2.20	      2.05	      4.62	      4.31	79.37	 7.137e-03	     -1.63	Gaussian	0.000000	0.000000
70	0	  0.031133	  0.591155	     -1.00	   4842.82	   2505.24	      3.27	      2.68	      6.87	      5.64	-83.88	 2.629e-02	     -1.62	Gaussian	0.000000	0.000000
71	0	  0.030467	  0.646946	     -1.00	   3115.78	   2276.50	      2.26	      2.07	      4.75	      4.36	88.16	 6.485e-03	     -1.62	Gaussian	0.000000	0.000000
72	0	  0.031038	  0.631123	     -1.00	   1615.62	   3248.66	      2.24	      2.14	      4.70	      4.50	-88.38	 6.854e-03	     -1.62	Gaussian	0.000000	0.000000
73	0	  0.030290	  0.652957	     -1.00	   3675.80	   3078.56	      2.24	      2.06	      4.70	      4.33	89.47	 6.404e-03	     -1.61	Gaussian	0.000000	0.000000
74	0	  0.030554	  0.648910	     -1.00	   2481.58	   1579.83	      2.21	      2.07	      4.64	      4.34	73.88	 6.568e-03	     -1.60	Gaussian	0.000000	0.000000
75	0	  0.030512	  0.611434	     -1.00	   3050.63	   3993.63	      2.30	      2.10	      4.83	      4.41	83.37	 5.884e-03	     -1.59	Gaussian	0.000000	0.000000
76	0	  0.030918	  0.487450	     -1.00	    195.79	   1128.42	      2.60	      2.33	      5.47	      4.89	17.00	 7.144e-03	     -1.59	Gaussian	0.000000	0.000000
77	0	  0.032789	  0.477386	     -1.00	    637.41	   4083.79	      2.48	      2.48	      5.22	      5.22	-73.03	 9.016e-03	     -1.59	Gaussian	0.000000	0.000000
78	0	  0.030467	  0.634764	     -1.00	   3300.84	   2325.24	      2.35	      2.17	      4.94	      4.57	74.61	 8.004e-03	     -1.59	Gaussian	0.000000	0.000000
79	0	  0.030795	  0.623219	     -1.00	   2320.80	   4023.76	      2.22	      2.08	      4.67	      4.38	87.49	 6.358e-03	     -1.58	Gaussian	0.000000	0.000000
80	0	  0.030756	  0.569753	     -1.00	   1431.36	   1578.69	      2.36	      2.14	      4.96	      4.50	29.63	 6.582e-03	     -1.58	Gaussian	0.000000	0.000000
81	0	  0.030768	  0.539409	     -1.00	   2458.55	     99.57	      2.48	      2.15	      5.21	      4.51	44.25	 6.360e-03	     -1.57	Gaussian	0.000000	0.000000
82	0	  0.028914	  0.349335	     -1.00	   2361.88	   2646.25	      3.32	      3.31	      6.98	      6.97	81.49	 2.193e-02	     -1.57	Gaussian	0.000000	0.000000
83	0	  0.030069	  0.608759	     -1.00	   4392.74	   3247.65	      2.26	      2.07	      4.74	      4.34	76.21	 6.008e-03	     -1.56	Gaussian	0.000000	0.000000
84	0	  0.030380	  0.428849	     -1.00	    497.48	    502.53	      2.77	      2.38	      5.81	      5.00	16.26	 6.348e-03	     -1.56	Gaussian	0.000000	0.000000
85	0	  0.030281	  0.623633	     -1.00	   3365.08	   1010.53	      2.12	      2.12	      4.46	      4.46	6.05	 6.617e-03	     -1.55	Gaussian	0.000000	0.000000
86	0	  0.028568	  0.401130	     -1.00	   2709.33	   2006.26	      2.96	      2.78	      6.23	      5.84	4.21	 1.665e-02	     -1.55	Gaussian	0.000000	0.000000
87	0	  0.030674	  0.456010	     -1.00	    133.61	   3331.24	      2.47	      2.47	      5.19	      5.19	63.85	 6.975e-03	     -1.55	Gaussian	0.000000	0.000000
88	0	  0.029431	  0.409013	     -1.00	   5496.38	   1551.57	      2.95	      2.81	      6.21	      5.91	9.98	 1.651e-02	     -1.54	Gaussian	0.000000	0.000000
89	0	  0.031932	  0.581904	     -1.00	   3239.00	   3381.34	      2.63	      2.60	      5.52	      5.47	10.72	 1.946e-02	     -1.52	Gaussian	0.000000	0.000000
90	0	  0.030135	  0.583386	     -1.00	   3109.57	   1001.79	      2.22	      2.07	      4.66	      4.35	60.88	 5.687e-03	     -1.51	Gaussian	0.000000	0.000000
91	0	  0.030146	  0.589043	     -1.00	   3325.93	   2205.52	      2.13	      2.13	      4.47	      4.47	-12.69	 6.564e-03	     -1.51	Gaussian	0.000000	0.000000
92	0	  0.029076	  0.576927	     -1.00	   3260.16	   2090.88	      2.27	      2.03	      4.78	      4.27	-86.72	 5.639e-03	     -1.51	Gaussian	0.000000	0.000000
93	0	  0.029412	  0.499031	     -1.00	   1003.10	   1618.49	      2.40	      2.20	      5.04	      4.62	22.83	 5.753e-03	     -1.50	Gaussian	0.000000	0.000000
94	0	  0.030402	  0.523404	     -1.00	   3020.26	     78.67	      2.34	      2.08	      4.92	      4.38	51.01	 5.879e-03	     -1.47	Gaussian	0.000000	0.000000
95	0	  0.028697	  0.264212	     -1.00	   3476.22	   2448.20	      4.17	      4.00	      8.76	      8.41	87.26	 2.769e-02	     -1.46	Gaussian	0.000000	0.000000
96	0	  0.029844	  0.561740	     -1.00	   3094.52	   2117.96	      2.21	      2.02	      4.63	      4.24	89.03	 5.599e-03	     -1.46	Gaussian	0.000000	0.000000
97	0	  0.029499	  0.291177	     -1.00	    133.66	   2463.55	      1.84	      1.81	      3.87	      3.80	81.75	 2.260e-02	     -1.45	Gaussian	0.000000	0.000000
98	0	  0.029306	  0.459002	     -1.00	    336.54	   2113.03	      2.32	      2.32	      4.87	      4.87	86.09	 5.837e-03	     -1.45	Gaussian	0.000000	0.000000
99	0	  0.029468	  0.533428	     -1.00	   4957.38	   1739.99	      2.22	      2.06	      4.67	      4.33	74.92	 5.352e-03	     -1.44	Gaussian	0.000000	0.000000
100	0	  0.029740	  0.537536	     -1.00	   3177.64	   1097.99	      2.20	      2.06	      4.62	      4.32	75.84	 5.311e-03	     -1.44	Gaussian	0.000000	0.000000
101	0	  0.029012	  0.428705	     -1.00	   1106.82	   1227.81	      2.52	      2.24	      5.30	      4.72	28.87	 5.170e-03	     -1.43	Gaussian	0.000000	0.000000
102	0	  0.030284	  0.469769	     -1.00	   1636.51	   3904.81	      2.29	      2.23	      4.82	      4.69	-77.87	 5.355e-03	     -1.43	Gaussian	0.000000	0.000000
103	0	  0.029456	  0.511597	     -1.00	   3224.40	   2449.49	      2.26	      2.07	      4.75	      4.36	87.28	 5.164e-03	     -1.42	Gaussian	0.000000	0.000000
104	0	  0.025642	  0.246644	     -1.00	   3205.72	   2417.14	      3.94	      2.81	      8.28	      5.91	45.22	 1.453e-02	     -1.42	Gaussian	0.000000	0.000000
105	0	  0.029085	  0.361273	     -1.00	   1751.56	   1818.39	      3.07	      2.92	      6.46	      6.14	84.31	 1.645e-02	     -1.42	Gaussian	0.000000	0.000000
106	0	  0.029235	  0.294116	     -1.00	   2249.20	    840.16	      3.66	      2.96	      7.69	      6.22	6.62	 1.739e-02	     -1.40	Gaussian	0.000000	0.000000
107	0	  0.030661	  0.371779	     -1.00	    363.13	   3341.61	      2.04	      1.95	      4.30	      4.10	87.11	 1.618e-02	     -1.40	Gaussian	0.000000	0.000000
108	0	  0.030070	  0.431162	     -1.00	   2360.51	    100.50	      2.48	      2.15	      5.21	      4.51	43.16	 5.362e-03	     -1.39	Gaussian	0.000000	0.000000
109	0	  0.029284	  0.506703	     -1.00	   4462.91	   3608.61	      2.24	      2.02	      4.70	      4.25	74.91	 5.167e-03	     -1.39	Gaussian	0.000000	0.000000
110	0	  0.029257	  0.500919	     -1.00	   3419.26	   2364.71	      2.26	      2.02	      4.75	      4.24	-87.15	 5.084e-03	     -1.39	Gaussian	0.000000	0.000000
111	0	  0.029530	  0.408272	     -1.00	   5655.27	    611.27	      2.01	      1.78	      4.23	      3.73	61.71	 1.407e-02	     -1.39	Gaussian	0.000000	0.000000
112	0	  0.028439	  0.492484	     -1.00	   3352.03	   2253.98	      2.27	      2.03	      4.77	      4.28	87.12	 4.672e-03	     -1.38	Gaussian	0.000000	0.000000
113	0	  0.024985	  0.189133	     -1.00	   4200.23	    747.20	      4.81	      2.58	     10.10	      5.42	73.71	 1.497e-02	     -1.38	Gaussian	0.000000	0.000000
114	0	  0.029108	  0.460014	     -1.00	   3529.99	   1393.32	      2.63	      2.56	      5.52	      5.38	14.52	 1.314e-02	     -1.36	Gaussian	0.000000	0.000000
115	0	  0.030488	  0.507950	     -1.00	   2349.39	   2836.43	      2.44	      2.24	      5.14	      4.71	60.17	 8.862e-03	     -1.36	Gaussian	0.000000	0.000000
116	0	  0.029126	  0.427088	     -1.00	   2761.30	   2242.63	      2.32	      2.21	      4.87	      4.64	52.35	 4.279e-03	     -1.35	Gaussian	0.000000	0.000000
117	0	  0.027254	  0.443749	     -1.00	   3271.41	   4259.83	      2.34	      2.10	      4.93	      4.41	81.58	 7.663e-03	     -1.35	Gaussian	0.000000	0.000000
118	0	  0.029051	  0.413995	     -1.00	   3014.26	   1886.62	      2.44	      2.13	      5.13	      4.47	-69.71	 4.440e-03	     -1.34	Gaussian	0.000000	0.000000
119	0	  0.028727	  0.255163	     -1.00	   5155.94	    835.61	      1.89	      1.85	      3.97	      3.89	75.64	 2.381e-02	     -1.34	Gaussian	0.000000	0.000000
120	0	  0.028999	  0.472333	     -1.00	   2740.54	   1625.12	      2.22	      2.03	      4.67	      4.27	79.79	 4.647e-03	     -1.33	Gaussian	0.000000	0.000000
121	0	  0.030256	  0.491811	     -1.00	   3334.86	   1974.40	      1.41	      1.41	      2.97	      2.97	20.06	 2.664e-02	     -1.33	Gaussian	0.000000	0.000000
122	0	  0.028127	  0.311162	     -1.00	   5606.26	   1431.17	      2.94	      2.73	      6.17	      5.73	84.19	 1.122e-02	     -1.33	Gaussian	0.000000	0.000000
123	0	  0.027812	  0.310405	     -1.00	   2904.46	   3471.40	      3.16	      2.81	      6.63	      5.91	82.99	 1.377e-02	     -1.30	Gaussian	0.000000	0.000000
124	0	  0.028741	  0.404269	     -1.00	   5393.37	   3455.53	      2.40	      2.10	      5.04	      4.42	65.97	 4.325e-03	     -1.30	Gaussian	0.000000	0.000000
125	0	  0.021932	  0.146717	     -1.00	   2034.19	   4262.18	      4.88	      2.92	     10.27	      6.15	88.56	 1.713e-02	     -1.29	Gaussian	0.000000	0.000000
126	0	  0.025615	  0.180703	     -1.00	   3027.13	    742.16	      4.73	      3.29	      9.94	      6.92	85.22	 1.644e-02	     -1.29	Gaussian	0.000000	0.000000
127	0	  0.028655	  0.438480	     -1.00	   4030.27	    893.86	      2.22	      2.05	      4.66	      4.31	73.15	 4.321e-03	     -1.28	Gaussian	0.000000	0.000000
128	0	  0.028216	  0.237164	     -1.00	   3564.33	   1939.05	      3.46	      3.44	      7.27	      7.23	7.39	 1.815e-02	     -1.28	Gaussian	0.000000	0.000000
129	0	  0.029059	  0.425715	     -1.00	   1600.07	   2298.73	      2.19	      2.12	      4.60	      4.46	49.84	 4.564e-03	     -1.28	Gaussian	0.000000	0.000000
130	0	  0.028732	  0.436525	     -1.00	   4518.92	    801.60	      2.21	      2.05	      4.65	      4.30	60.22	 4.353e-03	     -1.28	Gaussian	0.000000	0.000000
131	0	  0.028549	  0.374802	     -1.00	   5735.49	   2096.23	      2.50	      2.26	      5.25	      4.75	-9.83	 6.291e-03	     -1.27	Gaussian	0.000000	0.000000
132	0	  0.030406	  0.361646	     -1.00	   2516.49	   4076.70	      1.64	      1.50	      3.45	      3.15	79.23	 2.407e-02	     -1.27	Gaussian	0.000000	0.000000
133	0	  0.028423	  0.348014	     -1.00	   3255.08	   1834.22	      2.81	      2.70	      5.90	      5.67	8.53	 1.125e-02	     -1.27	Gaussian	0.000000	0.000000
134	0	  0.034619	  0.256092	     -1.00	   3282.32	   2291.13	      3.73	      3.68	      7.83	      7.74	6.78	 3.074e-02	     -1.27	Gaussian	0.000000	0.000000
135	0	  0.028995	  0.406483	     -1.00	   1799.91	   1332.47	      2.28	      2.11	      4.78	      4.43	40.59	 4.492e-03	     -1.27	Gaussian	0.000000	0.000000
136	0	  0.029279	  0.267616	     -1.00	   2285.58	   1190.06	      1.65	      1.47	      3.47	      3.09	85.83	 2.413e-02	     -1.26	Gaussian	0.000000	0.000000
137	0	  0.028857	  0.411370	     -1.00	   2688.83	    950.77	      2.15	      2.15	      4.52	      4.52	-67.73	 4.421e-03	     -1.25	Gaussian	0.000000	0.000000
138	0	  0.028723	  0.279589	     -1.00	   2491.40	     19.42	      3.00	      2.81	      6.30	      5.91	79.46	 1.075e-02	     -1.24	Gaussian	0.000000	0.000000
139	0	  0.028456	  0.248617	     -1.00	   2718.79	    938.94	      1.72	      1.62	      3.61	      3.41	72.97	 2.311e-02	     -1.24	Gaussian	0.000000	0.000000
140	0	  0.028762	  0.343521	     -1.00	   5798.49	    436.51	      2.54	      2.14	      5.34	      4.50	50.38	 4.197e-03	     -1.23	Gaussian	0.000000	0.000000
141	0	  0.028491	  0.406655	     -1.00	   3111.01	   1932.95	      2.21	      2.04	      4.66	      4.28	85.51	 4.103e-03	     -1.22	Gaussian	0.000000	0.000000
142	0	  0.027682	  0.264211	     -1.00	   6328.58	   3299.46	      1.81	      1.63	      3.80	      3.43	80.81	 1.588e-02	     -1.20	Gaussian	0.000000	0.000000
143	0	  0.028098	  0.340536	     -1.00	    994.56	   1691.02	      2.27	      2.27	      4.78	      4.78	71.16	 4.325e-03	     -1.19	Gaussian	0.000000	0.000000
144	0	  0.028786	  0.346949	     -1.00	   1820.76	    490.30	      2.65	      2.20	      5.57	      4.63	37.27	 5.408e-03	     -1.18	Gaussian	0.000000	0.000000
145	0	  0.027110	  0.243676	     -1.00	   6013.00	     36.06	      3.38	      2.77	      7.10	      5.83	62.21	 8.027e-03	     -1.18	Gaussian	0.000000	0.000000
146	0	  0.029133	  0.338147	     -1.00	   1683.70	   4182.46	      2.29	      2.24	      4.82	      4.71	-81.93	 4.086e-03	     -1.18	Gaussian	0.000000	0.000000
147	0	  0.028544	  0.341071	     -1.00	   1954.70	    153.83	      2.42	      2.10	      5.09	      4.42	38.55	 4.203e-03	     -1.18	Gaussian	0.000000	0.000000
148	0	  0.027837	  0.303670	     -1.00	   1388.39	    523.41	      2.57	      2.21	      5.41	      4.64	30.64	 3.631e-03	     -1.18	Gaussian	0.000000	0.000000
149	0	  0.025399	  0.139772	     -1.00	   1670.11	   2182.08	      4.88	      3.41	     10.26	      7.17	85.73	 1.333e-02	     -1.18	Gaussian	0.000000	0.000000
150	0	  0.027642	  0.203041	     -1.00	   3119.92	   2187.18	      3.37	      3.35	      7.09	      7.05	82.70	 1.317e-02	     -1.17	Gaussian	0.000000	0.000000
151	0	  0.025410	  0.136568	     -1.00	   1711.10	   1180.98	      4.88	      3.46	     10.26	      7.28	82.38	 1.311e-02	     -1.17	Gaussian	0.000000	0.000000
152	0	  0.028471	  0.326593	     -1.00	   2184.73	     17.73	      2.48	      2.11	      5.21	      4.44	38.47	 3.953e-03	     -1.17	Gaussian	0.000000	0.000000
153	0	  0.028065	  0.261593	     -1.00	     94.54	    907.52	      2.70	      2.41	      5.67	      5.08	14.36	 3.950e-03	     -1.17	Gaussian	0.000000	0.000000
154	0	  0.028220	  0.373712	     -1.00	   3592.30	    649.73	      2.23	      2.04	      4.68	      4.28	69.02	 3.696e-03	     -1.16	Gaussian	0.000000	0.000000
155	0	  0.027927	  0.327540	     -1.00	   4264.33	   2953.29	      2.55	      2.12	      5.37	      4.46	58.37	 4.812e-03	     -1.16	Gaussian	0.000000	0.000000
156	0	  0.028085	  0.360349	     -1.00	   4570.31	    886.56	      2.25	      2.07	      4.73	      4.36	62.61	 3.619e-03	     -1.16	Gaussian	0.000000	0.000000
157	0	  0.028275	  0.363181	     -1.00	   3016.46	    526.96	      2.22	      2.07	      4.66	      4.35	63.03	 3.674e-03	     -1.15	Gaussian	0.000000	0.000000
158	0	  0.026666	  0.227876	     -1.00	   3759.42	    699.31	      3.37	      2.97	      7.08	      6.24	81.46	 1.142e-02	     -1.15	Gaussian	0.000000	0.000000
159	0	  0.027578	  0.345828	     -1.00	   4702.47	   3769.94	      2.30	      2.06	      4.84	      4.33	70.81	 3.234e-03	     -1.14	Gaussian	0.000000	0.000000
160	0	  0.029428	  0.329843	     -1.00	   4398.36	   1887.54	      1.88	      1.73	      3.95	      3.63	78.51	 1.280e-02	     -1.13	Gaussian	0.000000	0.000000
161	0	  0.027767	  0.301567	     -1.00	    795.90	   1846.86	      2.44	      2.20	      5.13	      4.62	17.72	 3.698e-03	     -1.13	Gaussian	0.000000	0.000000
162	0	  0.024814	  0.107952	     -1.00	    805.08	   1801.29	      4.57	      3.25	      9.61	      6.84	80.98	 7.953e-03	     -1.12	Gaussian	0.000000	0.000000
163	0	  0.027292	  0.322610	     -1.00	   5936.19	   1609.89	      2.37	      2.08	      4.98	      4.38	53.27	 3.457e-03	     -1.12	Gaussian	0.000000	0.000000
164	0	  0.024749	  0.128592	     -1.00	   3690.34	    390.12	      4.60	      2.71	      9.67	      5.69	74.61	 9.685e-03	     -1.12	Gaussian	0.000000	0.000000
165	0	  0.027281	  0.322287	     -1.00	   6365.65	   2485.01	      2.39	      2.06	      5.03	      4.34	57.82	 3.546e-03	     -1.12	Gaussian	0.000000	0.000000
166	0	  0.028009	  0.286861	     -1.00	    687.00	   1579.70	      2.50	      2.22	      5.26	      4.66	20.67	 3.650e-03	     -1.12	Gaussian	0.000000	0.000000
167	0	  0.028150	  0.347066	     -1.00	   3386.50	   2337.92	      2.13	      2.13	      4.47	      4.47	31.79	 3.722e-03	     -1.11	Gaussian	0.000000	0.000000
168	0	  0.028213	  0.322903	     -1.00	   2177.46	    491.68	      2.31	      2.07	      4.86	      4.36	45.93	 3.554e-03	     -1.10	Gaussian	0.000000	0.000000
169	0	  0.027397	  0.258265	     -1.00	   3762.68	    554.19	      3.43	      2.16	      7.21	      4.54	66.56	 9.334e-03	     -1.10	Gaussian	0.000000	0.000000
170	0	  0.029659	  0.338975	     -1.00	   3146.44	   2142.77	      2.23	      2.02	      4.68	      4.26	89.01	 5.881e-03	     -1.09	Gaussian	0.000000	0.000000
171	0	  0.027968	  0.329664	     -1.00	   2183.51	   2985.34	      2.28	      2.04	      4.79	      4.29	83.51	 3.422e-03	     -1.09	Gaussian	0.000000	0.000000
172	0	  0.027759	  0.217567	     -1.00	   2273.71	     83.16	      2.96	      2.96	      6.22	      6.22	78.64	 7.835e-03	     -1.09	Gaussian	0.000000	0.000000
173	0	  0.027798	  0.321252	     -1.00	   5306.73	    958.79	      2.31	      2.05	      4.85	      4.31	56.78	 3.404e-03	     -1.09	Gaussian	0.000000	0.000000
174	0	  0.027527	  0.277992	     -1.00	    600.46	   2145.89	      2.44	      2.19	      5.13	      4.60	12.82	 3.346e-03	     -1.07	Gaussian	0.000000	0.000000
175	0	  0.029266	  0.269647	     -1.00	   3051.54	   2068.86	      1.53	      1.40	      3.23	      2.95	77.34	 2.074e-02	     -1.07	Gaussian	0.000000	0.000000
176	0	  0.026967	  0.206924	     -1.00	    922.28	   2057.40	      3.18	      3.01	      6.68	      6.33	84.10	 7.773e-03	     -1.06	Gaussian	0.000000	0.000000
177	0	  0.027792	  0.273247	     -1.00	   1069.86	   3545.13	      2.36	      2.25	      4.96	      4.73	3.38	 3.403e-03	     -1.06	Gaussian	0.000000	0.000000
178	0	  0.027902	  0.171488	     -1.00	   2714.18	   3713.56	      1.66	      1.43	      3.49	      3.00	2.61	 2.021e-02	     -1.05	Gaussian	0.000000	0.000000
179	0	  0.027365	  0.275220	     -1.00	   1929.97	    455.35	      2.43	      2.13	      5.10	      4.47	38.41	 3.142e-03	     -1.04	Gaussian	0.000000	0.000000
180	0	  0.026815	  0.118347	     -1.00	   3573.59	   1923.16	      4.47	      4.47	      9.40	      9.40	84.98	 1.636e-02	     -1.04	Gaussian	0.000000	0.000000
181	0	  0.028188	  0.311900	     -1.00	   3574.75	   2630.84	      2.20	      2.04	      4.62	      4.29	88.82	 3.520e-03	     -1.03	Gaussian	0.000000	0.000000
182	0	  0.027785	  0.216574	     -1.00	   4900.32	    992.10	      2.83	      2.57	      5.94	      5.40	83.48	 7.591e-03	     -1.03	Gaussian	0.000000	0.000000
183	0	  0.026987	  0.172701	     -1.00	   5656.35	   2616.90	      3.18	      3.18	      6.69	      6.68	9.88	 1.031e-02	     -1.03	Gaussian	0.000000	0.000000
184	0	  0.027685	  0.284415	     -1.00	   2515.98	   3773.79	      2.30	      2.11	      4.83	      4.44	82.33	 2.958e-03	     -1.02	Gaussian	0.000000	0.000000
185	0	  0.027958	  0.307807	     -1.00	   2883.79	   2054.98	      2.21	      2.02	      4.64	      4.24	88.06	 3.161e-03	     -1.02	Gaussian	0.000000	0.000000
186	0	  0.027311	  0.243177	     -1.00	    900.39	   1102.47	      2.50	      2.25	      5.26	      4.73	23.05	 3.027e-03	     -1.02	Gaussian	0.000000	0.000000
187	0	  0.027628	  0.268483	     -1.00	   1718.15	   3938.96	      2.26	      2.23	      4.76	      4.69	-87.43	 2.934e-03	     -1.01	Gaussian	0.000000	0.000000
188	0	  0.027657	  0.244284	     -1.00	   1272.49	   3147.09	      2.68	      2.65	      5.63	      5.57	13.55	 6.210e-03	     -1.01	Gaussian	0.000000	0.000000
189	0	  0.027733	  0.284896	     -1.00	   2097.83	   1499.48	      2.25	      2.10	      4.72	      4.41	64.02	 3.076e-03	     -1.00	Gaussian	0.000000	0.000000
190	0	  0.026774	  0.189730	     -1.00	   3129.31	   2961.28	      3.10	      2.91	      6.51	      6.11	3.00	 8.944e-03	     -1.00	Gaussian	0.000000	0.000000
191	0	  0.027431	  0.275649	     -1.00	   3727.62	   3099.70	      2.29	      2.11	      4.81	      4.43	-89.41	 2.596e-03	     -1.00	Gaussian	0.000000	0.000000
192	0	  0.025145	  0.125511	     -1.00	   1850.80	   2638.18	      4.04	      2.84	      8.49	      5.97	14.24	 7.976e-03	     -0.99	Gaussian	0.000000	0.000000
193	0	  0.027668	  0.287575	     -1.00	   2649.42	   1927.52	      2.24	      2.05	      4.70	      4.31	84.54	 2.950e-03	     -0.99	Gaussian	0.000000	0.000000
194	0	  0.027617	  0.253285	     -1.00	   2461.37	    769.18	      2.68	      2.39	      5.63	      5.01	41.12	 5.474e-03	     -0.99	Gaussian	0.000000	0.000000
195	0	  0.027633	  0.281482	     -1.00	   3130.45	   2001.68	      2.25	      2.07	      4.72	      4.34	84.93	 2.863e-03	     -0.99	Gaussian	0.000000	0.000000
196	0	  0.027146	  0.215461	     -1.00	    603.69	    613.76	      2.64	      2.30	      5.54	      4.83	19.09	 3.106e-03	     -0.99	Gaussian	0.000000	0.000000
197	0	  0.027535	  0.293999	     -1.00	   3501.02	   3048.81	      2.21	      2.00	      4.64	      4.20	89.02	 2.967e-03	     -0.98	Gaussian	0.000000	0.000000
198	0	  0.027262	  0.232906	     -1.00	   2737.84	   3528.58	      2.54	      2.17	      5.34	      4.57	55.65	 2.334e-03	     -0.98	Gaussian	0.000000	0.000000
199	0	  0.027212	  0.216096	     -1.00	    298.20	   2841.40	      2.44	      2.44	      5.12	      5.12	69.45	 3.085e-03	     -0.97	Gaussian	0.000000	0.000000
200	0	  0.024169	  0.190849	     -1.00	   2142.35	     15.06	      3.69	      3.68	      7.76	      7.74	80.48	 1.429e-02	     -0.97	Gaussian	0.000000	0.000000
201	0	  0.027347	  0.279835	     -1.00	   5112.03	   2214.77	      2.25	      2.03	      4.72	      4.26	64.59	 2.827e-03	     -0.97	Gaussian	0.000000	0.000000
202	0	  0.027686	  0.269782	     -1.00	   3347.49	   3143.73	      1.81	      1.60	      3.80	      3.36	-80.22	 9.424e-03	     -0.97	Gaussian	0.000000	0.000000
203	0	  0.026671	  0.163343	     -1.00	   3628.31	   2131.23	      3.55	      2.70	      7.46	      5.68	88.44	 7.866e-03	     -0.97	Gaussian	0.000000	0.000000
204	0	  0.027240	  0.270834	     -1.00	   4467.72	   3201.73	      2.25	      2.08	      4.73	      4.36	73.51	 2.716e-03	     -0.97	Gaussian	0.000000	0.000000
205	0	  0.026594	  0.214425	     -1.00	   5940.11	     33.06	      2.83	      2.24	      5.94	      4.71	43.95	 3.233e-03	     -0.96	Gaussian	0.000000	0.000000
206	0	  0.027066	  0.230496	     -1.00	    953.13	   1448.54	      2.46	      2.22	      5.18	      4.66	22.26	 2.821e-03	     -0.96	Gaussian	0.000000	0.000000
207	0	  0.027726	  0.195189	     -1.00	   1487.44	   3979.07	      3.36	      3.28	      7.06	      6.89	-89.83	 9.603e-03	     -0.96	Gaussian	0.000000	0.000000
208	0	  0.027199	  0.257137	     -1.00	   5932.68	   2082.48	      2.36	      2.06	      4.97	      4.33	54.42	 2.788e-03	     -0.96	Gaussian	0.000000	0.000000
209	0	  0.026718	  0.125686	     -1.00	   3788.43	   3365.02	      4.66	      4.62	      9.80	      9.70	88.74	 1.699e-02	     -0.96	Gaussian	0.000000	0.000000
210	0	  0.027176	  0.230627	     -1.00	    796.85	   3004.73	      2.33	      2.33	      4.89	      4.89	79.92	 2.979e-03	     -0.96	Gaussian	0.000000	0.000000
211	0	  0.025740	  0.095734	     -1.00	   3785.51	   1013.03	      5.04	      5.04	     10.59	     10.59	86.55	 1.495e-02	     -0.96	Gaussian	0.000000	0.000000
212	0	  0.027268	  0.210905	     -1.00	    595.58	   3258.50	      2.42	      2.42	      5.09	      5.09	69.26	 2.923e-03	     -0.95	Gaussian	0.000000	0.000000
213	0	  0.027429	  0.252899	     -1.00	   2935.70	    301.84	      2.21	      2.21	      4.64	      4.64	-54.98	 3.023e-03	     -0.95	Gaussian	0.000000	0.000000
214	0	  0.027531	  0.194214	     -1.00	   2963.55	   3678.89	      1.84	      1.67	      3.88	      3.52	80.92	 1.368e-02	     -0.94	Gaussian	0.000000	0.000000
215	0	  0.027245	  0.201159	     -1.00	    211.59	   3289.37	      2.46	      2.46	      5.18	      5.18	64.19	 2.931e-03	     -0.94	Gaussian	0.000000	0.000000
216	0	  0.027099	  0.183850	     -1.00	   4427.74	   2320.75	      3.06	      2.16	      6.42	      4.54	65.63	 3.027e-03	     -0.94	Gaussian	0.000000	0.000000
217	0	  0.024997	  0.102651	     -1.00	   4640.30	   1743.23	      4.54	      2.67	      9.54	      5.60	82.46	 7.645e-03	     -0.94	Gaussian	0.000000	0.000000
218	0	  0.027386	  0.267048	     -1.00	   2843.39	   1558.70	      2.21	      2.05	      4.64	      4.31	80.56	 2.620e-03	     -0.94	Gaussian	0.000000	0.000000
219	0	  0.026995	  0.201365	     -1.00	    231.62	   1640.83	      2.59	      2.31	      5.45	      4.86	17.79	 2.906e-03	     -0.94	Gaussian	0.000000	0.000000
220	0	  0.027656	  0.235850	     -1.00	   3261.65	   2042.47	      2.35	      2.16	      4.95	      4.54	87.99	 2.662e-03	     -0.93	Gaussian	0.000000	0.000000
221	0	  0.027658	  0.259546	     -1.00	   2871.48	    682.80	      2.19	      2.11	      4.60	      4.44	80.57	 2.638e-03	     -0.93	Gaussian	0.000000	0.000000
222	0	  0.027445	  0.203294	     -1.00	    538.72	    312.08	      1.68	      1.65	      3.52	      3.48	84.01	 9.367e-03	     -0.93	Gaussian	0.000000	0.000000
223	0	  0.027300	  0.153933	     -1.00	   2249.83	   3990.85	      1.58	      1.49	      3.31	      3.14	77.80	 1.562e-02	     -0.93	Gaussian	0.000000	0.000000
224	0	  0.027320	  0.265377	     -1.00	   3429.79	   1274.72	      2.19	      2.05	      4.60	      4.32	79.41	 2.662e-03	     -0.93	Gaussian	0.000000	0.000000
225	0	  0.027242	  0.223813	     -1.00	   2718.91	   3279.35	      2.81	      2.31	      5.91	      4.85	55.47	 5.597e-03	     -0.93	Gaussian	0.000000	0.000000
226	0	  0.027077	  0.221487	     -1.00	   4399.10	   1433.31	      2.64	      2.37	      5.55	      4.98	17.21	 4.803e-03	     -0.92	Gaussian	0.000000	0.000000
227	0	  0.027465	  0.253880	     -1.00	   2517.55	   1062.69	      2.24	      2.08	      4.70	      4.36	59.62	 2.507e-03	     -0.92	Gaussian	0.000000	0.000000
228	0	  0.027393	  0.225273	     -1.00	    958.64	   1548.57	      2.40	      2.17	      5.05	      4.56	21.70	 2.825e-03	     -0.92	Gaussian	0.000000	0.000000
229	0	  0.026927	  0.223881	     -1.00	    799.08	   2098.96	      2.40	      2.18	      5.05	      4.58	20.12	 2.667e-03	     -0.92	Gaussian	0.000000	0.000000
230	0	  0.026858	  0.119417	     -1.00	   1685.40	   3342.14	      4.63	      4.62	      9.74	      9.72	88.23	 1.566e-02	     -0.92	Gaussian	0.000000	0.000000
231	0	  0.027368	  0.252203	     -1.00	   2260.50	   2752.59	      2.24	      2.07	      4.71	      4.36	83.81	 2.484e-03	     -0.92	Gaussian	0.000000	0.000000
232	0	  0.027282	  0.248097	     -1.00	   2871.60	   1516.62	      2.24	      2.10	      4.72	      4.42	80.07	 2.464e-03	     -0.92	Gaussian	0.000000	0.000000
233	0	  0.027115	  0.213897	     -1.00	   5332.31	   3251.65	      2.36	      2.31	      4.95	      4.86	66.17	 2.585e-03	     -0.91	Gaussian	0.000000	0.000000
234	0	  0.027534	  0.221513	     -1.00	   1048.58	   3011.44	      2.29	      2.28	      4.81	      4.80	51.85	 2.769e-03	     -0.91	Gaussian	0.000000	0.000000
235	0	  0.027250	  0.116700	     -1.00	   3375.81	   1738.05	      1.73	      1.73	      3.64	      3.63	18.28	 1.606e-02	     -0.91	Gaussian	0.000000	0.000000
236	0	  0.027269	  0.209826	     -1.00	    546.08	   3468.70	      2.35	      2.35	      4.93	      4.93	80.96	 2.838e-03	     -0.91	Gaussian	0.000000	0.000000
237	0	  0.027362	  0.236272	     -1.00	   2611.27	    165.80	      2.36	      2.07	      4.96	      4.34	44.08	 2.715e-03	     -0.91	Gaussian	0.000000	0.000000
238	0	  0.027340	  0.254561	     -1.00	   2980.91	   2169.47	      2.13	      2.13	      4.47	      4.47	-13.43	 2.804e-03	     -0.91	Gaussian	0.000000	0.000000
239	0	  0.026911	  0.205538	     -1.00	    671.10	   1416.59	      2.51	      2.23	      5.28	      4.68	21.14	 2.625e-03	     -0.91	Gaussian	0.000000	0.000000
240	0	  0.026802	  0.142834	     -1.00	   1932.01	    946.21	      3.46	      2.73	      7.27	      5.75	11.64	 6.154e-03	     -0.91	Gaussian	0.000000	0.000000
241	0	  0.027607	  0.210870	     -1.00	     76.77	   2970.10	      2.15	      2.03	      4.52	      4.26	52.07	 4.843e-03	     -0.90	Gaussian	0.000000	0.000000
242	0	  0.027066	  0.185901	     -1.00	    305.83	   3586.48	      2.55	      2.41	      5.36	      5.07	9.85	 2.738e-03	     -0.90	Gaussian	0.000000	0.000000
243	0	  0.027204	  0.197239	     -1.00	    964.17	   3882.56	      2.45	      2.36	      5.14	      4.96	10.71	 2.572e-03	     -0.90	Gaussian	0.000000	0.000000
244	0	  0.026844	  0.192900	     -1.00	   4477.60	    794.23	      2.65	      2.22	      5.58	      4.67	85.77	 2.935e-03	     -0.90	Gaussian	0.000000	0.000000
245	0	  0.026951	  0.179023	     -1.00	    382.99	    480.00	      2.71	      2.33	      5.70	      4.90	15.93	 2.838e-03	     -0.90	Gaussian	0.000000	0.000000
246	0	  0.027009	  0.245502	     -1.00	   5139.82	   2012.56	      2.26	      2.03	      4.75	      4.26	68.76	 2.476e-03	     -0.89	Gaussian	0.000000	0.000000
247	0	  0.027202	  0.254348	     -1.00	   3001.04	   3123.70	      2.10	      2.10	      4.42	      4.42	3.28	 2.773e-03	     -0.89	Gaussian	0.000000	0.000000
248	0	  0.027266	  0.249577	     -1.00	   3751.21	   2379.97	      2.23	      2.02	      4.68	      4.24	87.74	 2.516e-03	     -0.89	Gaussian	0.000000	0.000000
249	0	  0.026898	  0.141764	     -1.00	   4080.89	   1538.67	      1.82	      1.75	      3.83	      3.68	77.69	 1.266e-02	     -0.89	Gaussian	0.000000	0.000000
250	0	  0.026692	  0.167850	     -1.00	   3067.52	   2572.24	      3.17	      2.91	      6.66	      6.11	84.91	 7.473e-03	     -0.88	Gaussian	0.000000	0.000000
251	0	  0.027119	  0.209133	     -1.00	   2538.15	    367.45	      2.53	      2.37	      5.33	      4.99	-73.68	 3.767e-03	     -0.88	Gaussian	0.000000	0.000000
252	0	  0.028418	  0.229794	     -1.00	   3341.61	   2120.56	      2.30	      2.09	      4.83	      4.40	85.05	 3.371e-03	     -0.88	Gaussian	0.000000	0.000000
253	0	  0.027207	  0.241789	     -1.00	   3511.43	    923.97	      2.21	      2.06	      4.64	      4.33	75.12	 2.449e-03	     -0.88	Gaussian	0.000000	0.000000
254	0	  0.027280	  0.242220	     -1.00	   3846.99	   2051.01	      2.23	      2.03	      4.70	      4.27	80.12	 2.397e-03	     -0.88	Gaussian	0.000000	0.000000
255	0	  0.026679	  0.209861	     -1.00	    827.17	   2486.72	      2.35	      2.22	      4.94	      4.66	18.68	 2.395e-03	     -0.88	Gaussian	0.000000	0.000000
256	0	  0.027059	  0.172209	     -1.00	   2830.38	   3324.04	      2.91	      2.57	      6.11	      5.40	88.48	 6.299e-03	     -0.88	Gaussian	0.000000	0.000000
257	0	  0.026970	  0.215237	     -1.00	   2036.15	    431.95	      2.41	      2.11	      5.06	      4.43	37.70	 2.567e-03	     -0.87	Gaussian	0.000000	0.000000
258	0	  0.027129	  0.162183	     -1.00	   3812.66	   2060.77	      1.86	      1.71	      3.91	      3.60	80.27	 1.157e-02	     -0.87	Gaussian	0.000000	0.000000
259	0	  0.026462	  0.172662	     -1.00	   5374.61	   2333.15	      3.08	      2.92	      6.48	      6.14	84.58	 6.791e-03	     -0.87	Gaussian	0.000000	0.000000
260	0	  0.027465	  0.219102	     -1.00	   1900.29	   3960.59	      2.27	      2.18	      4.77	      4.58	-84.69	 2.454e-03	     -0.87	Gaussian	0.000000	0.000000
261	0	  0.026619	  0.199530	     -1.00	   5843.47	   3955.84	      2.50	      2.16	      5.26	      4.55	66.28	 2.250e-03	     -0.87	Gaussian	0.000000	0.000000
262	0	  0.027282	  0.239202	     -1.00	   3783.35	   1223.69	      2.20	      2.05	      4.63	      4.31	73.30	 2.435e-03	     -0.87	Gaussian	0.000000	0.000000
263	0	  0.027086	  0.196679	     -1.00	    759.60	   2879.76	      2.34	      2.34	      4.93	      4.93	80.21	 2.635e-03	     -0.87	Gaussian	0.000000	0.000000
264	0	  0.028393	  0.241942	     -1.00	   3785.93	   4227.40	      1.51	      1.51	      3.17	      3.17	26.69	 1.132e-02	     -0.87	Gaussian	0.000000	0.000000
265	0	  0.028412	  0.212165	     -1.00	   2339.33	    205.65	      2.43	      2.08	      5.11	      4.37	43.30	 2.592e-03	     -0.86	Gaussian	0.000000	0.000000
266	0	  0.027194	  0.234288	     -1.00	   3098.88	   2386.42	      2.23	      2.04	      4.70	      4.28	85.18	 2.412e-03	     -0.86	Gaussian	0.000000	0.000000
267	0	  0.028939	  0.244711	     -1.00	   3150.47	   2003.96	      2.09	      2.09	      4.39	      4.38	25.62	 7.108e-03	     -0.86	Gaussian	0.000000	0.000000
268	0	  0.026945	  0.229871	     -1.00	   5140.29	   1495.08	      2.08	      1.90	      4.38	      3.99	56.68	 3.214e-03	     -0.85	Gaussian	0.000000	0.000000
269	0	  0.027272	  0.226131	     -1.00	   2340.75	   2587.48	      2.24	      2.07	      4.70	      4.36	85.60	 2.257e-03	     -0.85	Gaussian	0.000000	0.000000
270	0	  0.027286	  0.230410	     -1.00	   1818.04	   2745.76	      2.17	      2.09	      4.57	      4.40	78.79	 2.492e-03	     -0.85	Gaussian	0.000000	0.000000
271	0	  0.025554	  0.089116	     -1.00	   4634.11	   3251.15	      4.87	      2.49	     10.23	      5.23	66.06	 6.199e-03	     -0.85	Gaussian	0.000000	0.000000
272	0	  0.027041	  0.189109	     -1.00	   2238.47	   3178.17	      2.71	      2.23	      5.69	      4.69	9.25	 4.743e-03	     -0.84	Gaussian	0.000000	0.000000
273	0	  0.026980	  0.211442	     -1.00	   5442.29	   3745.63	      2.36	      2.08	      4.95	      4.36	67.74	 2.294e-03	     -0.84	Gaussian	0.000000	0.000000
274	0	  0.027293	  0.228075	     -1.00	   2030.50	   1328.03	      2.21	      2.05	      4.65	      4.30	49.97	 2.516e-03	     -0.84	Gaussian	0.000000	0.000000
275	0	  0.026851	  0.224630	     -1.00	   5345.20	   2169.89	      2.25	      2.04	      4.72	      4.29	58.62	 2.356e-03	     -0.84	Gaussian	0.000000	0.000000
276	0	  0.027109	  0.208198	     -1.00	   1409.27	   1464.98	      2.31	      2.13	      4.85	      4.47	32.81	 2.461e-03	     -0.84	Gaussian	0.000000	0.000000
277	0	  0.027049	  0.128280	     -1.00	   5386.03	   2903.49	      1.60	      1.43	      3.36	      3.00	3.80	 1.382e-02	     -0.83	Gaussian	0.000000	0.000000
278	0	  0.026949	  0.204619	     -1.00	   2944.76	    137.70	      2.37	      2.10	      4.98	      4.41	45.09	 2.357e-03	     -0.83	Gaussian	0.000000	0.000000
279	0	  0.026410	  0.180873	     -1.00	   6181.29	    264.79	      2.66	      2.11	      5.60	      4.43	49.01	 2.516e-03	     -0.83	Gaussian	0.000000	0.000000
280	0	  0.026576	  0.159458	     -1.00	   6029.44	   3757.47	      3.28	      3.21	      6.89	      6.74	8.59	 7.679e-03	     -0.83	Gaussian	0.000000	0.000000
281	0	  0.026982	  0.220608	     -1.00	   2034.95	   2648.69	      2.21	      2.07	      4.64	      4.36	89.04	 2.227e-03	     -0.83	Gaussian	0.000000	0.000000
282	0	  0.026634	  0.192006	     -1.00	   5301.10	   1566.31	      2.61	      2.31	      5.49	      4.85	21.58	 3.768e-03	     -0.83	Gaussian	0.000000	0.000000
283	0	  0.027536	  0.179144	     -1.00	   2304.49	   2551.68	      1.93	      1.76	      4.07	      3.71	78.09	 9.142e-03	     -0.83	Gaussian	0.000000	0.000000
284	0	  0.027318	  0.216187	     -1.00	   2880.68	   1413.77	      2.23	      2.08	      4.69	      4.37	72.97	 2.523e-03	     -0.82	Gaussian	0.000000	0.000000
285	0	  0.026668	  0.148412	     -1.00	    464.26	    253.63	      2.83	      2.39	      5.94	      5.02	16.42	 2.336e-03	     -0.82	Gaussian	0.000000	0.000000
286	0	  0.026931	  0.212089	     -1.00	   3655.76	   1723.87	      2.25	      2.08	      4.73	      4.37	88.24	 2.194e-03	     -0.82	Gaussian	0.000000	0.000000
287	0	  0.026902	  0.125145	     -1.00	   5117.33	   1268.50	      1.59	      1.40	      3.34	      2.94	9.95	 1.354e-02	     -0.82	Gaussian	0.000000	0.000000
288	0	  0.026728	  0.128868	     -1.00	   2206.80	    342.12	      2.97	      2.97	      6.25	      6.24	80.14	 5.651e-03	     -0.82	Gaussian	0.000000	0.000000
289	0	  0.026853	  0.216683	     -1.00	   3812.88	   3128.96	      2.24	      2.03	      4.71	      4.27	-88.13	 2.128e-03	     -0.81	Gaussian	0.000000	0.000000
290	0	  0.027715	  0.167121	     -1.00	   4804.53	    777.19	      2.71	      2.55	      5.70	      5.36	80.23	 5.411e-03	     -0.81	Gaussian	0.000000	0.000000
291	0	  0.026848	  0.206598	     -1.00	   4750.55	   2978.92	      2.29	      2.07	      4.82	      4.36	65.43	 2.032e-03	     -0.81	Gaussian	0.000000	0.000000
292	0	  0.027075	  0.205486	     -1.00	   1511.94	   2093.48	      2.22	      2.15	      4.66	      4.51	31.70	 2.320e-03	     -0.81	Gaussian	0.000000	0.000000
293	0	  0.027259	  0.215734	     -1.00	   3240.20	   2081.56	      2.13	      2.13	      4.47	      4.47	28.44	 2.425e-03	     -0.81	Gaussian	0.000000	0.000000
294	0	  0.027030	  0.206751	     -1.00	   1820.33	    935.00	      2.26	      2.08	      4.75	      4.38	44.43	 2.374e-03	     -0.81	Gaussian	0.000000	0.000000
295	0	  0.026592	  0.172187	     -1.00	    648.52	   1562.87	      2.54	      2.22	      5.34	      4.67	21.03	 2.299e-03	     -0.81	Gaussian	0.000000	0.000000
296	0	  0.028442	  0.245175	     -1.00	   3376.95	   2083.33	      1.64	      1.36	      3.45	      2.86	13.16	 1.292e-02	     -0.81	Gaussian	0.000000	0.000000
297	0	  0.026692	  0.206412	     -1.00	   5465.26	   2185.72	      2.28	      2.06	      4.79	      4.34	60.80	 2.165e-03	     -0.81	Gaussian	0.000000	0.000000
298	0	  0.026914	  0.210390	     -1.00	   1846.41	   3130.91	      2.21	      2.08	      4.64	      4.38	78.06	 2.210e-03	     -0.80	Gaussian	0.000000	0.000000
299	0	  0.025998	  0.165251	     -1.00	   6258.61	    460.50	      2.71	      2.15	      5.70	      4.53	51.99	 2.161e-03	     -0.80	Gaussian	0.000000	0.000000
300	0	  0.027072	  0.210146	     -1.00	   3215.10	   2317.56	      2.14	      2.14	      4.50	      4.50	4.66	 2.420e-03	     -0.80	Gaussian	0.000000	0.000000
301	0	  0.026922	  0.134047	     -1.00	   3515.81	   1087.58	      1.95	      1.87	      4.09	      3.92	78.83	 9.663e-03	     -0.80	Gaussian	0.000000	0.000000
302	0	  0.027114	  0.193232	     -1.00	   2110.75	   4134.64	      2.29	      2.16	      4.81	      4.54	88.62	 2.275e-03	     -0.80	Gaussian	0.000000	0.000000
303	0	  0.026988	  0.208620	     -1.00	   3196.34	   2059.76	      2.25	      2.03	      4.73	      4.27	81.18	 2.068e-03	     -0.80	Gaussian	0.000000	0.000000
304	0	  0.026809	  0.119742	     -1.00	   1275.76	   3038.81	      1.71	      1.64	      3.59	      3.44	78.06	 1.136e-02	     -0.79	Gaussian	0.000000	0.000000
305	0	  0.027119	  0.191086	     -1.00	    961.40	   2340.76	      2.24	      2.21	      4.70	      4.64	47.68	 2.254e-03	     -0.79	Gaussian	0.000000	0.000000
306	0	  0.026766	  0.193248	     -1.00	   4379.81	     86.81	      2.34	      2.08	      4.92	      4.37	47.74	 2.212e-03	     -0.79	Gaussian	0.000000	0.000000
307	0	  0.026720	  0.167122	     -1.00	    556.39	   1805.59	      2.51	      2.24	      5.28	      4.70	15.58	 2.238e-03	     -0.79	Gaussian	0.000000	0.000000
308	0	  0.026989	  0.100165	     -1.00	   3169.03	   3586.60	      1.70	      1.36	      3.57	      2.87	1.43	 1.384e-02	     -0.78	Gaussian	0.000000	0.000000
309	0	  0.026636	  0.182704	     -1.00	   5122.35	    776.55	      2.37	      2.16	      4.97	      4.53	54.83	 2.003e-03	     -0.78	Gaussian	0.000000	0.000000
310	0	  0.026682	  0.177527	     -1.00	   2381.75	   2242.40	      2.29	      2.28	      4.82	      4.80	50.08	 2.236e-03	     -0.78	Gaussian	0.000000	0.000000
311	0	  0.026828	  0.199481	     -1.00	   4107.61	   1857.97	      2.15	      2.15	      4.53	      4.53	32.34	 2.104e-03	     -0.78	Gaussian	0.000000	0.000000
312	0	  0.027222	  0.172002	     -1.00	   1275.67	   4100.65	      2.33	      2.31	      4.89	      4.86	58.50	 2.232e-03	     -0.78	Gaussian	0.000000	0.000000
313	0	  0.026835	  0.204805	     -1.00	   4074.04	    424.83	      2.23	      2.02	      4.69	      4.25	57.67	 2.196e-03	     -0.78	Gaussian	0.000000	0.000000
314	0	  0.027483	  0.174094	     -1.00	    906.67	   1000.65	      2.39	      2.21	      5.02	      4.65	25.40	 2.471e-03	     -0.78	Gaussian	0.000000	0.000000
315	0	  0.026785	  0.190905	     -1.00	   3821.59	   1504.51	      2.29	      2.11	      4.80	      4.43	76.24	 1.806e-03	     -0.78	Gaussian	0.000000	0.000000
316	0	  0.026877	  0.207468	     -1.00	   3785.94	   2570.50	      2.10	      2.10	      4.42	      4.42	-20.69	 2.258e-03	     -0.78	Gaussian	0.000000	0.000000
317	0	  0.026484	  0.170567	     -1.00	   5810.43	    590.53	      2.52	      2.14	      5.29	      4.50	51.36	 2.060e-03	     -0.77	Gaussian	0.000000	0.000000
318	0	  0.026901	  0.198314	     -1.00	   1978.31	   1610.58	      2.20	      2.10	      4.63	      4.42	66.55	 2.120e-03	     -0.77	Gaussian	0.000000	0.000000
319	0	  0.026445	  0.175955	     -1.00	   6190.62	   1060.66	      2.49	      2.09	      5.23	      4.40	53.59	 2.144e-03	     -0.77	Gaussian	0.000000	0.000000
320	0	  0.026957	  0.205799	     -1.00	   2173.22	   2234.61	      2.17	      2.05	      4.55	      4.32	-88.84	 2.204e-03	     -0.77	Gaussian	0.000000	0.000000
321	0	  0.026838	  0.176332	     -1.00	   2014.62	    181.85	      2.27	      2.27	      4.77	      4.77	-45.38	 2.538e-03	     -0.77	Gaussian	0.000000	0.000000
322	0	  0.026691	  0.176631	     -1.00	   4226.27	   2975.33	      2.57	      2.14	      5.40	      4.50	65.09	 2.532e-03	     -0.77	Gaussian	0.000000	0.000000
323	0	  0.026412	  0.138351	     -1.00	   5361.66	   2386.22	      2.82	      2.75	      5.92	      5.77	79.93	 4.625e-03	     -0.77	Gaussian	0.000000	0.000000
324	0	  0.026422	  0.144278	     -1.00	    801.60	    611.57	      2.67	      2.35	      5.61	      4.94	29.33	 2.252e-03	     -0.77	Gaussian	0.000000	0.000000
325	0	  0.026723	  0.179934	     -1.00	   2198.94	    368.69	      2.38	      2.09	      5.01	      4.40	43.72	 2.094e-03	     -0.76	Gaussian	0.000000	0.000000
326	0	  0.027232	  0.198824	     -1.00	   3103.86	   1915.80	      2.20	      2.04	      4.63	      4.29	88.29	 2.058e-03	     -0.76	Gaussian	0.000000	0.000000
327	0	  0.026752	  0.198975	     -1.00	   3796.25	    859.70	      2.20	      2.04	      4.63	      4.28	65.27	 1.988e-03	     -0.76	Gaussian	0.000000	0.000000
328	0	  0.026402	  0.113338	     -1.00	   1335.96	   2811.24	      3.90	      3.16	      8.20	      6.63	2.54	 7.634e-03	     -0.76	Gaussian	0.000000	0.000000
329	0	  0.026779	  0.196799	     -1.00	   3586.16	   1231.91	      2.21	      2.04	      4.65	      4.29	83.64	 1.996e-03	     -0.76	Gaussian	0.000000	0.000000
330	0	  0.025040	  0.075947	     -1.00	   4238.05	     59.99	      4.76	      3.36	     10.00	      7.06	79.05	 6.821e-03	     -0.76	Gaussian	0.000000	0.000000
331	0	  0.026418	  0.141929	     -1.00	    518.34	   3826.72	      2.50	      2.50	      5.25	      5.25	65.06	 2.059e-03	     -0.75	Gaussian	0.000000	0.000000
332	0	  0.026494	  0.188169	     -1.00	   5531.21	   1758.77	      2.26	      2.08	      4.75	      4.37	58.49	 2.011e-03	     -0.75	Gaussian	0.000000	0.000000
333	0	  0.026178	  0.105142	     -1.00	   3856.88	    574.21	      3.46	      3.44	      7.28	      7.23	79.98	 6.962e-03	     -0.75	Gaussian	0.000000	0.000000
334	0	  0.026362	  0.177710	     -1.00	   6209.70	   2512.76	      2.40	      2.06	      5.05	      4.34	56.55	 2.077e-03	     -0.75	Gaussian	0.000000	0.000000
335	0	  0.026510	  0.165370	     -1.00	   2563.17	   2284.05	      2.79	      2.58	      5.87	      5.43	70.85	 4.351e-03	     -0.75	Gaussian	0.000000	0.000000
336	0	  0.026678	  0.108385	     -1.00	   3130.93	   2246.64	      1.82	      1.76	      3.82	      3.70	77.99	 1.010e-02	     -0.75	Gaussian	0.000000	0.000000
337	0	  0.026482	  0.184582	     -1.00	   5945.90	   2844.55	      2.31	      2.06	      4.86	      4.32	61.21	 2.062e-03	     -0.75	Gaussian	0.000000	0.000000
338	0	  0.026798	  0.177109	     -1.00	   4908.90	   4258.55	      2.36	      2.06	      4.95	      4.34	68.00	 1.890e-03	     -0.74	Gaussian	0.000000	0.000000
339	0	  0.026659	  0.118745	     -1.00	   4495.76	   2608.89	      1.67	      1.55	      3.51	      3.25	75.77	 1.062e-02	     -0.74	Gaussian	0.000000	0.000000
340	0	  0.026410	  0.107069	     -1.00	   3167.96	    948.16	      3.22	      3.22	      6.77	      6.76	83.85	 6.588e-03	     -0.74	Gaussian	0.000000	0.000000
341	0	  0.026680	  0.185938	     -1.00	   4149.28	   2754.63	      2.24	      2.05	      4.70	      4.31	83.32	 1.849e-03	     -0.73	Gaussian	0.000000	0.000000
342	0	  0.026667	  0.165567	     -1.00	   3450.58	   1887.62	      2.37	      2.17	      4.98	      4.57	80.78	 1.627e-03	     -0.73	Gaussian	0.000000	0.000000
343	0	  0.026943	  0.186800	     -1.00	   3200.90	   2136.38	      2.22	      2.05	      4.66	      4.31	86.21	 1.938e-03	     -0.73	Gaussian	0.000000	0.000000
344	0	  0.026154	  0.140277	     -1.00	   5017.93	   3788.16	      3.35	      2.07	      7.04	      4.35	42.29	 4.014e-03	     -0.73	Gaussian	0.000000	0.000000
345	0	  0.026701	  0.150739	     -1.00	   2205.43	   2685.24	      2.01	      1.74	      4.22	      3.66	70.69	 5.736e-03	     -0.73	Gaussian	0.000000	0.000000
346	0	  0.026540	  0.178038	     -1.00	   4159.75	   3324.88	      2.26	      2.09	      4.76	      4.39	75.45	 1.788e-03	     -0.73	Gaussian	0.000000	0.000000
347	0	  0.026723	  0.162791	     -1.00	   3198.87	   2291.31	      2.63	      2.38	      5.52	      5.00	62.33	 3.324e-03	     -0.73	Gaussian	0.000000	0.000000
348	0	  0.026027	  0.089725	     -1.00	   5028.25	   2170.99	      3.98	      3.73	      8.36	      7.85	12.84	 8.054e-03	     -0.73	Gaussian	0.000000	0.000000
349	0	  0.027451	  0.181380	     -1.00	   3781.10	   2129.60	      1.44	      1.42	      3.04	      2.97	87.35	 1.129e-02	     -0.72	Gaussian	0.000000	0.000000
350	0	  0.026392	  0.162046	     -1.00	   1154.31	   1662.58	      2.37	      2.18	      4.99	      4.58	25.03	 1.859e-03	     -0.72	Gaussian	0.000000	0.000000
351	0	  0.026737	  0.175682	     -1.00	   3375.67	   1773.68	      2.28	      2.09	      4.79	      4.38	85.49	 1.777e-03	     -0.72	Gaussian	0.000000	0.000000
352	0	  0.026367	  0.094638	     -1.00	   2650.29	   2478.91	      3.69	      3.61	      7.75	      7.58	10.53	 7.506e-03	     -0.72	Gaussian	0.000000	0.000000
353	0	  0.026505	  0.133372	     -1.00	    339.56	   3182.50	      2.49	      2.49	      5.23	      5.23	62.76	 2.001e-03	     -0.72	Gaussian	0.000000	0.000000
354	0	  0.026894	  0.180660	     -1.00	   3188.93	   2338.55	      2.14	      2.14	      4.49	      4.49	11.94	 1.994e-03	     -0.72	Gaussian	0.000000	0.000000
355	0	  0.026064	  0.119479	     -1.00	   5086.21	   3676.25	      2.88	      2.73	      6.05	      5.75	8.68	 3.719e-03	     -0.71	Gaussian	0.000000	0.000000
356	0	  0.026847	  0.181867	     -1.00	   2183.87	   3015.72	      2.19	      2.05	      4.61	      4.31	79.22	 1.841e-03	     -0.71	Gaussian	0.000000	0.000000
357	0	  0.026126	  0.107878	     -1.00	    810.93	   2701.88	      3.25	      2.32	      6.83	      4.88	-12.01	 1.907e-03	     -0.71	Gaussian	0.000000	0.000000
358	0	  0.026242	  0.153377	     -1.00	   2302.09	    184.95	      2.43	      2.16	      5.10	      4.53	41.50	 1.881e-03	     -0.70	Gaussian	0.000000	0.000000
359	0	  0.026865	  0.180356	     -1.00	   2078.06	   2340.73	      2.18	      2.04	      4.59	      4.28	79.74	 1.936e-03	     -0.70	Gaussian	0.000000	0.000000
360	0	  0.026545	  0.157731	     -1.00	   3486.69	   2805.51	      2.33	      2.18	      4.90	      4.58	88.46	 1.492e-03	     -0.70	Gaussian	0.000000	0.000000
361	0	  0.026653	  0.174039	     -1.00	   3495.73	   3774.86	      2.23	      2.06	      4.68	      4.34	78.92	 1.786e-03	     -0.70	Gaussian	0.000000	0.000000
362	0	  0.026883	  0.172259	     -1.00	   3250.58	   2067.84	      2.25	      2.06	      4.72	      4.34	-88.15	 1.705e-03	     -0.70	Gaussian	0.000000	0.000000
363	0	  0.027014	  0.107687	     -1.00	   6127.21	   4026.81	      3.36	      3.33	      7.05	      6.99	10.23	 7.010e-03	     -0.70	Gaussian	0.000000	0.000000
364	0	  0.026533	  0.106037	     -1.00	   6294.27	   2910.44	      1.79	      1.56	      3.76	      3.27	8.36	 9.588e-03	     -0.70	Gaussian	0.000000	0.000000
365	0	  0.026423	  0.167594	     -1.00	   5449.66	   2429.62	      2.29	      2.06	      4.81	      4.33	61.91	 1.764e-03	     -0.69	Gaussian	0.000000	0.000000
366	0	  0.026164	  0.101374	     -1.00	   1956.79	   3232.24	      3.20	      3.19	      6.72	      6.71	82.99	 5.507e-03	     -0.69	Gaussian	0.000000	0.000000
367	0	  0.026238	  0.140702	     -1.00	    795.66	   1100.67	      2.45	      2.28	      5.14	      4.79	13.41	 1.855e-03	     -0.69	Gaussian	0.000000	0.000000
368	0	  0.025789	  0.080579	     -1.00	   4544.07	   2820.19	      4.04	      3.81	      8.49	      8.01	79.89	 7.662e-03	     -0.69	Gaussian	0.000000	0.000000
369	0	  0.026540	  0.140966	     -1.00	    606.84	   2856.46	      2.35	      2.35	      4.95	      4.95	73.20	 1.932e-03	     -0.69	Gaussian	0.000000	0.000000
370	0	  0.026225	  0.138101	     -1.00	    900.28	    770.92	      2.53	      2.23	      5.31	      4.68	23.58	 1.814e-03	     -0.69	Gaussian	0.000000	0.000000
371	0	  0.026464	  0.160195	     -1.00	   2846.59	   1817.56	      2.31	      2.10	      4.85	      4.41	85.50	 1.611e-03	     -0.69	Gaussian	0.000000	0.000000
372	0	  0.025635	  0.098337	     -1.00	   6210.39	    287.02	      4.22	      3.66	      8.86	      7.69	79.07	 6.922e-03	     -0.68	Gaussian	0.000000	0.000000
373	0	  0.026329	  0.124381	     -1.00	    537.28	    551.79	      2.02	      2.02	      4.25	      4.25	-61.49	 4.248e-03	     -0.68	Gaussian	0.000000	0.000000
374	0	  0.026634	  0.169430	     -1.00	   2508.83	   3185.77	      2.21	      2.04	      4.65	      4.30	85.67	 1.622e-03	     -0.68	Gaussian	0.000000	0.000000
375	0	  0.027356	  0.099622	     -1.00	   4915.45	   2547.95	      3.29	      3.29	      6.93	      6.92	10.68	 7.766e-03	     -0.68	Gaussian	0.000000	0.000000
376	0	  0.026678	  0.170809	     -1.00	   2889.96	   2139.82	      2.20	      2.03	      4.61	      4.26	87.28	 1.833e-03	     -0.67	Gaussian	0.000000	0.000000
377	0	  0.026508	  0.164032	     -1.00	   4888.45	   2387.86	      2.24	      2.07	      4.71	      4.34	67.80	 1.659e-03	     -0.67	Gaussian	0.000000	0.000000
378	0	  0.026287	  0.144929	     -1.00	   1027.72	   3168.82	      2.29	      2.29	      4.81	      4.81	64.22	 1.825e-03	     -0.67	Gaussian	0.000000	0.000000
379	0	  0.026318	  0.117539	     -1.00	    311.21	    375.40	      2.54	      2.54	      5.34	      5.33	61.64	 2.311e-03	     -0.67	Gaussian	0.000000	0.000000
380	0	  0.026306	  0.095078	     -1.00	   2102.10	   3681.21	      4.25	      3.43	      8.93	      7.20	89.49	 7.763e-03	     -0.67	Gaussian	0.000000	0.000000
381	0	  0.027774	  0.121383	     -1.00	   3305.75	   3450.78	      3.20	      3.20	      6.72	      6.72	33.25	 8.926e-03	     -0.67	Gaussian	0.000000	0.000000
382	0	  0.026398	  0.126495	     -1.00	   2784.26	   3382.10	      3.04	      2.71	      6.40	      5.70	80.46	 4.938e-03	     -0.67	Gaussian	0.000000	0.000000
383	0	  0.024715	  0.068650	     -1.00	   5925.14	   1146.27	      4.43	      2.56	      9.32	      5.38	47.86	 4.212e-03	     -0.67	Gaussian	0.000000	0.000000
384	0	  0.026619	  0.111535	     -1.00	   1593.45	    511.68	      2.00	      1.87	      4.21	      3.94	78.82	 6.720e-03	     -0.67	Gaussian	0.000000	0.000000
385	0	  0.025934	  0.094130	     -1.00	    380.00	    654.26	      3.64	      3.08	      7.64	      6.48	4.83	 3.775e-03	     -0.67	Gaussian	0.000000	0.000000
386	0	  0.026544	  0.163909	     -1.00	   3195.95	    763.55	      2.13	      2.13	      4.48	      4.48	-0.87	 1.734e-03	     -0.66	Gaussian	0.000000	0.000000
387	0	  0.026484	  0.153857	     -1.00	   1473.60	   1205.86	      2.28	      2.12	      4.80	      4.46	36.73	 1.803e-03	     -0.66	Gaussian	0.000000	0.000000
388	0	  0.026382	  0.122662	     -1.00	    724.34	   1170.50	      2.63	      2.30	      5.52	      4.84	18.63	 1.990e-03	     -0.66	Gaussian	0.000000	0.000000
389	0	  0.026092	  0.110948	     -1.00	   1149.30	   1138.29	      2.94	      2.81	      6.18	      5.90	81.40	 3.018e-03	     -0.66	Gaussian	0.000000	0.000000
390	0	  0.026199	  0.129309	     -1.00	   1293.51	   3100.27	      2.47	      2.31	      5.19	      4.85	-85.33	 1.496e-03	     -0.66	Gaussian	0.000000	0.000000
391	0	  0.026522	  0.159025	     -1.00	   1911.06	   2302.59	      2.15	      2.15	      4.52	      4.52	8.52	 1.749e-03	     -0.66	Gaussian	0.000000	0.000000
392	0	  0.026358	  0.098510	     -1.00	   1358.50	    740.69	      1.81	      1.71	      3.80	      3.59	78.84	 6.835e-03	     -0.66	Gaussian	0.000000	0.000000
393	0	  0.026422	  0.143215	     -1.00	   1021.70	   2119.52	      2.36	      2.16	      4.95	      4.55	21.95	 1.763e-03	     -0.65	Gaussian	0.000000	0.000000
394	0	  0.025701	  0.086377	     -1.00	   4728.64	   2022.07	      3.65	      3.58	      7.66	      7.53	54.14	 6.520e-03	     -0.65	Gaussian	0.000000	0.000000
395	0	  0.026769	  0.106120	     -1.00	   2428.55	   4128.01	      3.39	      3.28	      7.13	      6.89	-1.49	 6.866e-03	     -0.65	Gaussian	0.000000	0.000000
396	0	  0.026748	  0.140350	     -1.00	   2098.16	   1045.11	      1.87	      1.65	      3.93	      3.46	68.41	 5.366e-03	     -0.65	Gaussian	0.000000	0.000000
397	0	  0.026565	  0.134742	     -1.00	   3717.62	    516.19	      1.69	      1.64	      3.56	      3.44	72.23	 6.354e-03	     -0.65	Gaussian	0.000000	0.000000
398	0	  0.025789	  0.111398	     -1.00	   1375.04	     43.07	      3.14	      2.59	      6.60	      5.43	16.15	 3.005e-03	     -0.65	Gaussian	0.000000	0.000000
399	0	  0.026792	  0.119653	     -1.00	    183.76	   3335.64	      2.53	      2.37	      5.32	      4.99	13.54	 2.374e-03	     -0.65	Gaussian	0.000000	0.000000
400	0	  0.026303	  0.152679	     -1.00	   5095.31	   2089.73	      2.27	      2.07	      4.78	      4.35	66.26	 1.623e-03	     -0.65	Gaussian	0.000000	0.000000
401	0	  0.025031	  0.058080	     -1.00	   4644.27	   3698.12	      4.92	      2.58	     10.34	      5.42	76.31	 4.186e-03	     -0.65	Gaussian	0.000000	0.000000
402	0	  0.026609	  0.161865	     -1.00	   3401.14	   2695.66	      2.10	      2.10	      4.42	      4.42	18.46	 1.838e-03	     -0.64	Gaussian	0.000000	0.000000
403	0	  0.025253	  0.059817	     -1.00	   4074.23	   2574.16	      4.83	      2.58	     10.14	      5.42	81.99	 4.179e-03	     -0.64	Gaussian	0.000000	0.000000
404	0	  0.026945	  0.130304	     -1.00	   4640.82	   2311.31	      1.91	      1.46	      4.01	      3.08	78.20	 8.929e-03	     -0.64	Gaussian	0.000000	0.000000
405	0	  0.026079	  0.130634	     -1.00	   4703.10	   1276.09	      2.84	      2.46	      5.96	      5.17	63.79	 3.440e-03	     -0.64	Gaussian	0.000000	0.000000
406	0	  0.025890	  0.097347	     -1.00	    599.12	   2611.27	      3.02	      2.70	      6.35	      5.67	51.30	 2.590e-03	     -0.64	Gaussian	0.000000	0.000000
407	0	  0.025996	  0.062728	     -1.00	   1837.90	   1148.52	      4.70	      4.70	      9.88	      9.88	3.29	 8.715e-03	     -0.64	Gaussian	0.000000	0.000000
408	0	  0.026044	  0.136101	     -1.00	   1235.40	   3647.10	      2.28	      2.28	      4.79	      4.79	86.72	 1.648e-03	     -0.64	Gaussian	0.000000	0.000000
409	0	  0.026148	  0.119977	     -1.00	   1739.20	   3336.35	      2.80	      2.28	      5.88	      4.80	68.18	 2.607e-03	     -0.64	Gaussian	0.000000	0.000000
410	0	  0.025870	  0.086835	     -1.00	   4639.84	    222.04	      3.33	      3.32	      6.99	      6.98	85.16	 4.462e-03	     -0.64	Gaussian	0.000000	0.000000
411	0	  0.026412	  0.157030	     -1.00	   4648.28	   1293.43	      2.01	      1.83	      4.23	      3.84	59.05	 2.895e-03	     -0.64	Gaussian	0.000000	0.000000
412	0	  0.025146	  0.059249	     -1.00	   3035.18	   3698.07	      4.91	      3.20	     10.31	      6.73	87.65	 5.512e-03	     -0.64	Gaussian	0.000000	0.000000
413	0	  0.026048	  0.127112	     -1.00	   1061.67	    757.93	      2.44	      2.26	      5.12	      4.76	17.95	 1.684e-03	     -0.63	Gaussian	0.000000	0.000000
414	0	  0.026360	  0.142729	     -1.00	   2904.32	    117.74	      2.34	      2.09	      4.93	      4.39	42.17	 1.614e-03	     -0.63	Gaussian	0.000000	0.000000
415	0	  0.026278	  0.153732	     -1.00	   5152.82	   1928.63	      2.23	      2.04	      4.68	      4.28	63.99	 1.541e-03	     -0.63	Gaussian	0.000000	0.000000
416	0	  0.026486	  0.149776	     -1.00	   3155.85	   2366.61	      2.26	      2.06	      4.74	      4.32	83.50	 1.555e-03	     -0.63	Gaussian	0.000000	0.000000
417	0	  0.026413	  0.130418	     -1.00	   2369.64	    178.47	      2.49	      2.14	      5.23	      4.50	41.20	 1.523e-03	     -0.63	Gaussian	0.000000	0.000000
418	0	  0.026193	  0.124688	     -1.00	   5005.23	   2817.34	      2.77	      2.18	      5.82	      4.58	61.49	 2.417e-03	     -0.63	Gaussian	0.000000	0.000000
419	0	  0.025940	  0.122570	     -1.00	    577.64	   2354.88	      2.50	      2.25	      5.26	      4.74	12.44	 1.568e-03	     -0.63	Gaussian	0.000000	0.000000
420	0	  0.026218	  0.138063	     -1.00	   1525.12	   1460.61	      2.32	      2.15	      4.87	      4.52	33.90	 1.547e-03	     -0.63	Gaussian	0.000000	0.000000
421	0	  0.026186	  0.147293	     -1.00	   5660.82	   2331.82	      2.30	      2.03	      4.84	      4.26	55.67	 1.617e-03	     -0.63	Gaussian	0.000000	0.000000
422	0	  0.026509	  0.131297	     -1.00	   3795.38	   1850.21	      1.85	      1.63	      3.89	      3.42	73.74	 5.128e-03	     -0.63	Gaussian	0.000000	0.000000
423	0	  0.025990	  0.124341	     -1.00	    955.67	   1122.37	      2.49	      2.22	      5.23	      4.67	24.94	 1.588e-03	     -0.62	Gaussian	0.000000	0.000000
424	0	  0.026393	  0.147660	     -1.00	   4030.33	   1526.68	      2.24	      2.07	      4.71	      4.34	85.15	 1.474e-03	     -0.62	Gaussian	0.000000	0.000000
425	0	  0.026411	  0.148000	     -1.00	   1800.44	   3014.94	      2.16	      2.13	      4.55	      4.48	53.13	 1.614e-03	     -0.62	Gaussian	0.000000	0.000000
426	0	  0.026021	  0.109189	     -1.00	   3503.06	   2407.28	      3.01	      2.73	      6.33	      5.74	12.92	 4.250e-03	     -0.62	Gaussian	0.000000	0.000000
427	0	  0.026510	  0.141863	     -1.00	   2270.74	    802.71	      2.31	      2.07	      4.85	      4.36	44.24	 1.543e-03	     -0.62	Gaussian	0.000000	0.000000
428	0	  0.026242	  0.145587	     -1.00	   4155.07	    522.45	      2.16	      2.16	      4.53	      4.53	5.55	 1.646e-03	     -0.62	Gaussian	0.000000	0.000000
429	0	  0.026449	  0.148974	     -1.00	   2923.94	   1142.96	      2.21	      2.06	      4.64	      4.33	87.10	 1.516e-03	     -0.62	Gaussian	0.000000	0.000000
430	0	  0.026150	  0.112137	     -1.00	   2505.37	    263.27	      2.79	      2.57	      5.86	      5.41	76.68	 2.838e-03	     -0.62	Gaussian	0.000000	0.000000
431	0	  0.026099	  0.120337	     -1.00	   4512.02	   1252.13	      2.72	      2.16	      5.71	      4.53	80.12	 2.515e-03	     -0.62	Gaussian	0.000000	0.000000
432	0	  0.026018	  0.140065	     -1.00	   5258.01	    604.54	      2.20	      2.20	      4.62	      4.61	9.59	 1.738e-03	     -0.62	Gaussian	0.000000	0.000000
433	0	  0.026662	  0.162136	     -1.00	   3292.03	   1158.38	      1.66	      1.65	      3.48	      3.47	18.21	 4.580e-03	     -0.61	Gaussian	0.000000	0.000000
434	0	  0.026394	  0.150513	     -1.00	   3114.94	   3241.82	      2.19	      2.02	      4.61	      4.25	80.29	 1.511e-03	     -0.61	Gaussian	0.000000	0.000000
435	0	  0.025738	  0.101748	     -1.00	    157.67	    351.34	      2.56	      2.56	      5.38	      5.37	75.48	 1.757e-03	     -0.61	Gaussian	0.000000	0.000000
436	0	  0.026766	  0.137023	     -1.00	   4284.32	   3442.61	      1.79	      1.62	      3.76	      3.40	77.97	 6.303e-03	     -0.61	Gaussian	0.000000	0.000000
437	0	  0.026307	  0.147915	     -1.00	   4662.13	   2001.36	      2.11	      2.11	      4.43	      4.43	14.35	 1.611e-03	     -0.61	Gaussian	0.000000	0.000000
438	0	  0.025907	  0.092315	     -1.00	   4292.72	    396.08	      3.13	      3.11	      6.58	      6.53	83.28	 4.398e-03	     -0.61	Gaussian	0.000000	0.000000
439	0	  0.026413	  0.117636	     -1.00	   2793.25	   1183.05	      2.77	      2.57	      5.82	      5.40	80.48	 3.288e-03	     -0.61	Gaussian	0.000000	0.000000
440	0	  0.025541	  0.082029	     -1.00	   1005.08	    380.49	      3.49	      3.37	      7.34	      7.09	83.80	 4.109e-03	     -0.61	Gaussian	0.000000	0.000000
441	0	  0.026293	  0.141560	     -1.00	   4989.59	   2001.06	      2.26	      2.07	      4.74	      4.35	66.71	 1.473e-03	     -0.61	Gaussian	0.000000	0.000000
442	0	  0.026025	  0.100352	     -1.00	    594.37	   1994.15	      3.32	      3.28	      6.98	      6.89	86.83	 4.454e-03	     -0.61	Gaussian	0.000000	0.000000
443	0	  0.022900	  0.102110	     -1.00	   1429.37	     15.99	      2.72	      2.38	      5.71	      5.00	28.32	 8.015e-03	     -0.61	Gaussian	0.000000	0.000000
444	0	  0.026357	  0.144321	     -1.00	   3317.80	   3110.47	      2.23	      2.05	      4.68	      4.31	83.75	 1.436e-03	     -0.61	Gaussian	0.000000	0.000000
445	0	  0.025914	  0.074796	     -1.00	   2070.92	   1760.13	      3.69	      3.66	      7.76	      7.68	83.96	 5.773e-03	     -0.61	Gaussian	0.000000	0.000000
446	0	  0.026110	  0.098578	     -1.00	   2960.13	    160.67	      2.85	      2.83	      5.98	      5.96	9.62	 3.291e-03	     -0.60	Gaussian	0.000000	0.000000
447	0	  0.026754	  0.130030	     -1.00	   3285.68	   2125.55	      2.34	      2.15	      4.91	      4.53	86.42	 1.819e-03	     -0.60	Gaussian	0.000000	0.000000
448	0	  0.026295	  0.138511	     -1.00	   3898.59	   1135.80	      2.25	      2.09	      4.73	      4.40	69.70	 1.327e-03	     -0.60	Gaussian	0.000000	0.000000
449	0	  0.026727	  0.134397	     -1.00	   1800.33	    804.99	      2.28	      2.11	      4.80	      4.44	50.50	 1.562e-03	     -0.60	Gaussian	0.000000	0.000000
450	0	  0.026505	  0.134329	     -1.00	   1984.84	   3732.72	      2.24	      2.15	      4.71	      4.52	84.95	 1.485e-03	     -0.60	Gaussian	0.000000	0.000000
451	0	  0.026021	  0.115681	     -1.00	    809.16	   2025.55	      2.49	      2.23	      5.24	      4.70	17.25	 1.445e-03	     -0.60	Gaussian	0.000000	0.000000
452	0	  0.025934	  0.099003	     -1.00	   5649.25	   3184.52	      2.96	      2.85	      6.21	      6.00	10.95	 3.441e-03	     -0.59	Gaussian	0.000000	0.000000
453	0	  0.026389	  0.097177	     -1.00	   3470.54	    668.10	      1.80	      1.62	      3.77	      3.41	85.76	 6.760e-03	     -0.59	Gaussian	0.000000	0.000000
454	0	  0.027370	  0.150869	     -1.00	   3269.35	   2024.48	      2.01	      1.85	      4.22	      3.88	63.00	 3.016e-03	     -0.59	Gaussian	0.000000	0.000000
455	0	  0.026727	  0.118544	     -1.00	   2506.44	    582.48	      1.86	      1.72	      3.91	      3.61	78.74	 5.594e-03	     -0.59	Gaussian	0.000000	0.000000
456	0	  0.026218	  0.137804	     -1.00	   5276.92	   1237.76	      2.26	      2.06	      4.76	      4.32	55.87	 1.759e-03	     -0.59	Gaussian	0.000000	0.000000
457	0	  0.026403	  0.136088	     -1.00	   3516.78	   2344.71	      2.28	      2.06	      4.79	      4.34	83.04	 1.424e-03	     -0.59	Gaussian	0.000000	0.000000
458	0	  0.025704	  0.115683	     -1.00	   6302.57	   1229.38	      2.57	      2.14	      5.40	      4.50	53.08	 1.421e-03	     -0.59	Gaussian	0.000000	0.000000
459	0	  0.026210	  0.076653	     -1.00	   2658.26	   1394.07	      3.42	      3.41	      7.19	      7.16	7.05	 5.801e-03	     -0.59	Gaussian	0.000000	0.000000
460	0	  0.025632	  0.114801	     -1.00	   6259.81	   3434.98	      2.57	      2.15	      5.40	      4.52	70.39	 1.372e-03	     -0.59	Gaussian	0.000000	0.000000
461	0	  0.026182	  0.130653	     -1.00	   1429.91	   2937.65	      2.20	      2.20	      4.62	      4.62	78.40	 1.516e-03	     -0.59	Gaussian	0.000000	0.000000
462	0	  0.025948	  0.120133	     -1.00	   5484.89	    341.46	      2.49	      2.11	      5.24	      4.43	50.35	 1.467e-03	     -0.59	Gaussian	0.000000	0.000000
463	0	  0.024811	  0.060704	     -1.00	   6148.24	   1571.25	      4.18	      2.59	      8.79	      5.43	65.43	 3.410e-03	     -0.59	Gaussian	0.000000	0.000000
464	0	  0.026440	  0.134791	     -1.00	   2804.21	   1420.49	      2.17	      2.16	      4.55	      4.55	29.63	 1.598e-03	     -0.59	Gaussian	0.000000	0.000000
465	0	  0.026152	  0.111031	     -1.00	    554.90	   3556.63	      2.47	      2.29	      5.20	      4.82	2.39	 1.653e-03	     -0.58	Gaussian	0.000000	0.000000
466	0	  0.026576	  0.122989	     -1.00	   1469.71	   3332.95	      1.76	      1.53	      3.70	      3.22	72.69	 5.791e-03	     -0.58	Gaussian	0.000000	0.000000
467	0	  0.022853	  0.078935	     -1.00	     17.29	   3215.85	      2.96	      2.68	      6.23	      5.64	16.04	 8.000e-03	     -0.58	Gaussian	0.000000	0.000000
468	0	  0.026422	  0.139012	     -1.00	   3865.89	   2317.38	      2.21	      2.04	      4.64	      4.29	87.60	 1.440e-03	     -0.58	Gaussian	0.000000	0.000000
469	0	  0.025868	  0.107931	     -1.00	    623.73	    296.93	      2.58	      2.24	      5.43	      4.71	19.35	 1.478e-03	     -0.58	Gaussian	0.000000	0.000000
470	0	  0.026377	  0.134187	     -1.00	   2952.59	   2024.78	      2.25	      2.07	      4.72	      4.35	82.96	 1.397e-03	     -0.58	Gaussian	0.000000	0.000000
471	0	  0.026384	  0.123335	     -1.00	   1319.67	   1267.82	      2.36	      2.14	      4.96	      4.49	28.62	 1.491e-03	     -0.58	Gaussian	0.000000	0.000000
472	0	  0.026323	  0.143093	     -1.00	   4264.98	   1495.88	      2.08	      2.08	      4.38	      4.38	14.19	 1.573e-03	     -0.58	Gaussian	0.000000	0.000000
473	0	  0.025958	  0.058841	     -1.00	   3040.51	   3293.30	      4.70	      4.68	      9.87	      9.84	84.34	 8.446e-03	     -0.58	Gaussian	0.000000	0.000000
474	0	  0.026283	  0.121786	     -1.00	   2933.55	   3528.22	      2.46	      2.15	      5.18	      4.51	18.60	 2.014e-03	     -0.58	Gaussian	0.000000	0.000000
475	0	  0.026583	  0.116639	     -1.00	   4897.09	   3728.82	      1.62	      1.57	      3.40	      3.29	84.32	 7.885e-03	     -0.58	Gaussian	0.000000	0.000000
476	0	  0.026314	  0.134677	     -1.00	   3003.53	   3422.85	      2.23	      2.05	      4.68	      4.31	81.76	 1.370e-03	     -0.57	Gaussian	0.000000	0.000000
477	0	  0.025971	  0.071737	     -1.00	   2844.91	   1231.14	      3.59	      3.58	      7.55	      7.53	84.42	 5.307e-03	     -0.57	Gaussian	0.000000	0.000000
478	0	  0.026415	  0.127240	     -1.00	   2150.92	   4143.71	      2.26	      2.13	      4.75	      4.49	-82.81	 1.435e-03	     -0.57	Gaussian	0.000000	0.000000
479	0	  0.026195	  0.127622	     -1.00	   4210.49	   1223.55	      2.28	      2.10	      4.80	      4.42	67.40	 1.210e-03	     -0.57	Gaussian	0.000000	0.000000
480	0	  0.026633	  0.134368	     -1.00	   3276.94	   2083.70	      2.21	      2.06	      4.64	      4.34	-85.83	 1.471e-03	     -0.57	Gaussian	0.000000	0.000000
481	0	  0.026333	  0.136680	     -1.00	   3126.28	   3692.96	      2.23	      2.01	      4.70	      4.22	86.93	 1.329e-03	     -0.57	Gaussian	0.000000	0.000000
482	0	  0.026457	  0.136492	     -1.00	   3448.84	   2155.77	      2.20	      2.03	      4.63	      4.27	81.36	 1.444e-03	     -0.57	Gaussian	0.000000	0.000000
483	0	  0.025488	  0.111380	     -1.00	   6101.42	    698.06	      2.47	      2.07	      5.18	      4.35	55.72	 1.519e-03	     -0.57	Gaussian	0.000000	0.000000
484	0	  0.026110	  0.117801	     -1.00	   1870.52	    398.66	      2.44	      2.12	      5.12	      4.46	42.62	 1.454e-03	     -0.57	Gaussian	0.000000	0.000000
485	0	  0.026464	  0.141435	     -1.00	   3690.94	   3670.20	      1.91	      1.85	      4.02	      3.88	52.37	 2.579e-03	     -0.57	Gaussian	0.000000	0.000000
486	0	  0.026550	  0.138543	     -1.00	   2831.61	   3485.06	      2.18	      2.01	      4.58	      4.23	84.70	 1.333e-03	     -0.57	Gaussian	0.000000	0.000000
487	0	  0.026318	  0.123875	     -1.00	   1499.89	   1639.95	      2.28	      2.14	      4.79	      4.50	39.10	 1.476e-03	     -0.57	Gaussian	0.000000	0.000000
488	0	  0.026148	  0.091979	     -1.00	   2717.57	   1386.23	      3.07	      2.89	      6.44	      6.08	82.51	 3.831e-03	     -0.57	Gaussian	0.000000	0.000000
489	0	  0.025726	  0.096963	     -1.00	    174.55	   1529.55	      2.63	      2.37	      5.52	      4.97	20.68	 1.410e-03	     -0.57	Gaussian	0.000000	0.000000
490	0	  0.026126	  0.080494	     -1.00	   5477.94	   2816.66	      1.94	      1.90	      4.08	      3.99	73.54	 6.748e-03	     -0.56	Gaussian	0.000000	0.000000
491	0	  0.026260	  0.125357	     -1.00	   3283.69	   3564.59	      2.28	      2.11	      4.79	      4.43	86.25	 1.249e-03	     -0.56	Gaussian	0.000000	0.000000
492	0	  0.026384	  0.119636	     -1.00	   3268.62	   2254.68	      2.36	      2.13	      4.97	      4.47	-85.97	 1.232e-03	     -0.56	Gaussian	0.000000	0.000000
493	0	  0.025887	  0.059615	     -1.00	   2289.11	    359.28	      4.05	      3.99	      8.51	      8.38	8.92	 6.158e-03	     -0.56	Gaussian	0.000000	0.000000
494	0	  0.026274	  0.117397	     -1.00	   1480.24	   3719.59	      2.28	      2.24	      4.79	      4.70	-89.43	 1.427e-03	     -0.56	Gaussian	0.000000	0.000000
495	0	  0.027040	  0.083669	     -1.00	   2257.25	   1325.48	      1.66	      1.52	      3.49	      3.20	5.34	 7.495e-03	     -0.56	Gaussian	0.000000	0.000000
496	0	  0.025659	  0.094928	     -1.00	     78.01	   1099.95	      2.50	      2.50	      5.26	      5.26	63.88	 1.587e-03	     -0.56	Gaussian	0.000000	0.000000
497	0	  0.026384	  0.128390	     -1.00	   3317.55	   2183.82	      2.25	      2.06	      4.72	      4.33	-88.13	 1.280e-03	     -0.56	Gaussian	0.000000	0.000000
498	0	  0.026354	  0.124780	     -1.00	   1731.99	   1773.34	      2.23	      2.13	      4.69	      4.48	62.61	 1.374e-03	     -0.56	Gaussian	0.000000	0.000000
499	0	  0.026383	  0.130652	     -1.00	   4667.03	   4075.33	      2.38	      2.38	      5.01	      5.01	25.34	 2.388e-03	     -0.56	Gaussian	0.000000	0.000000
500	0	  0.026046	  0.063419	     -1.00	   2824.18	   2781.99	      3.94	      3.70	      8.27	      7.78	8.37	 5.578e-03	     -0.56	Gaussian	0.000000	0.000000
501	0	  0.025887	  0.104511	     -1.00	    592.48	   2273.13	      2.37	      2.37	      4.98	      4.98	84.91	 1.419e-03	     -0.55	Gaussian	0.000000	0.000000
502	0	  0.026109	  0.121605	     -1.00	   1295.45	   1475.89	      2.28	      2.12	      4.79	      4.45	38.25	 1.387e-03	     -0.55	Gaussian	0.000000	0.000000
503	0	  0.025907	  0.087955	     -1.00	   4671.18	   1055.27	      3.26	      3.14	      6.85	      6.59	5.53	 4.750e-03	     -0.55	Gaussian	0.000000	0.000000
504	0	  0.025935	  0.109568	     -1.00	   1011.56	   3182.96	      2.34	      2.28	      4.92	      4.79	6.03	 1.313e-03	     -0.55	Gaussian	0.000000	0.000000
505	0	  0.025681	  0.058502	     -1.00	    193.90	   2286.51	      2.00	      2.00	      4.20	      4.20	79.72	 5.326e-03	     -0.55	Gaussian	0.000000	0.000000
506	0	  0.026276	  0.107984	     -1.00	   1956.68	    806.11	      1.97	      1.85	      4.14	      3.89	70.92	 3.707e-03	     -0.55	Gaussian	0.000000	0.000000
507	0	  0.025805	  0.104634	     -1.00	   5233.16	    980.50	      2.86	      2.65	      6.02	      5.56	-14.07	 3.255e-03	     -0.55	Gaussian	0.000000	0.000000
508	0	  0.026176	  0.120311	     -1.00	   4118.20	   4083.62	      2.19	      2.19	      4.60	      4.60	10.06	 1.451e-03	     -0.55	Gaussian	0.000000	0.000000
509	0	  0.026279	  0.126587	     -1.00	   3765.06	   1477.82	      2.21	      2.06	      4.64	      4.34	75.94	 1.369e-03	     -0.55	Gaussian	0.000000	0.000000
510	0	  0.025958	  0.053867	     -1.00	   2635.45	    155.11	      4.33	      4.32	      9.10	      9.09	81.15	 6.503e-03	     -0.54	Gaussian	0.000000	0.000000
511	0	  0.026244	  0.129050	     -1.00	   2941.31	   3508.80	      2.21	      2.00	      4.65	      4.21	82.72	 1.311e-03	     -0.54	Gaussian	0.000000	0.000000
512	0	  0.026258	  0.131070	     -1.00	   4051.97	   1037.62	      2.18	      2.00	      4.58	      4.21	62.85	 1.369e-03	     -0.54	Gaussian	0.000000	0.000000
513	0	  0.026808	  0.121958	     -1.00	   2813.11	   1311.65	      1.43	      1.41	      3.02	      2.96	86.57	 7.995e-03	     -0.54	Gaussian	0.000000	0.000000
514	0	  0.026259	  0.127646	     -1.00	   2194.47	   2064.93	      2.18	      2.05	      4.58	      4.30	75.63	 1.354e-03	     -0.54	Gaussian	0.000000	0.000000
515	0	  0.026100	  0.118604	     -1.00	   2826.15	    223.44	      2.32	      2.07	      4.87	      4.35	49.92	 1.362e-03	     -0.54	Gaussian	0.000000	0.000000
516	0	  0.026745	  0.109905	     -1.00	   2423.30	   4066.37	      1.60	      1.51	      3.36	      3.17	8.01	 6.823e-03	     -0.54	Gaussian	0.000000	0.000000
517	0	  0.026151	  0.118509	     -1.00	   4251.67	   2562.66	      2.28	      2.10	      4.80	      4.42	86.18	 1.175e-03	     -0.54	Gaussian	0.000000	0.000000
518	0	  0.026290	  0.122602	     -1.00	   2903.72	   1940.83	      2.25	      2.06	      4.72	      4.34	-88.68	 1.318e-03	     -0.54	Gaussian	0.000000	0.000000
519	0	  0.026056	  0.103710	     -1.00	    960.64	   3145.53	      2.34	      2.33	      4.91	      4.91	61.59	 1.396e-03	     -0.54	Gaussian	0.000000	0.000000
520	0	  0.025935	  0.090311	     -1.00	    497.30	   3946.44	      2.50	      2.50	      5.25	      5.25	69.83	 1.330e-03	     -0.54	Gaussian	0.000000	0.000000
521	0	  0.024904	  0.052466	     -1.00	   5426.18	   1596.27	      4.50	      2.50	      9.46	      5.25	60.57	 3.398e-03	     -0.54	Gaussian	0.000000	0.000000
522	0	  0.026233	  0.117793	     -1.00	   3338.62	   1337.68	      2.27	      2.11	      4.77	      4.42	78.10	 1.148e-03	     -0.54	Gaussian	0.000000	0.000000
523	0	  0.026616	  0.091931	     -1.00	    198.28	   1113.46	      2.48	      2.46	      5.20	      5.18	50.17	 1.856e-03	     -0.53	Gaussian	0.000000	0.000000
524	0	  0.026228	  0.048857	     -1.00	   1812.18	    808.24	      4.03	      4.01	      8.47	      8.43	8.01	 4.646e-03	     -0.53	Gaussian	0.000000	0.000000
525	0	  0.026151	  0.119469	     -1.00	   1772.33	   1392.81	      2.21	      2.12	      4.65	      4.45	50.90	 1.386e-03	     -0.53	Gaussian	0.000000	0.000000
526	0	  0.026602	  0.129404	     -1.00	   2860.88	   3026.38	      1.43	      1.43	      3.01	      3.00	19.58	 6.922e-03	     -0.53	Gaussian	0.000000	0.000000
527	0	  0.025940	  0.110860	     -1.00	   1098.92	   2221.71	      2.31	      2.18	      4.86	      4.58	19.50	 1.296e-03	     -0.53	Gaussian	0.000000	0.000000
528	0	  0.025921	  0.111670	     -1.00	   5609.52	   2182.44	      2.37	      2.11	      4.98	      4.43	57.49	 1.220e-03	     -0.53	Gaussian	0.000000	0.000000
529	0	  0.026116	  0.113341	     -1.00	   3899.84	   4056.29	      1.95	      1.76	      4.11	      3.71	59.55	 3.047e-03	     -0.53	Gaussian	0.000000	0.000000
530	0	  0.026166	  0.102961	     -1.00	   3763.15	   2209.07	      2.86	      2.49	      6.01	      5.23	71.85	 2.970e-03	     -0.53	Gaussian	0.000000	0.000000
531	0	  0.025880	  0.051185	     -1.00	    834.99	   1088.61	      1.75	      1.75	      3.68	      3.68	73.32	 6.272e-03	     -0.53	Gaussian	0.000000	0.000000
532	0	  0.026253	  0.072188	     -1.00	   3094.99	    863.49	      1.58	      1.44	      3.31	      3.02	2.54	 7.410e-03	     -0.53	Gaussian	0.000000	0.000000
533	0	  0.025336	  0.105027	     -1.00	   6081.57	    741.78	      2.53	      2.09	      5.31	      4.39	52.04	 1.263e-03	     -0.53	Gaussian	0.000000	0.000000
534	0	  0.026530	  0.132605	     -1.00	   3617.97	   2272.39	      1.86	      1.84	      3.90	      3.87	8.02	 2.800e-03	     -0.53	Gaussian	0.000000	0.000000
535	0	  0.026047	  0.104202	     -1.00	   4770.50	   3707.12	      1.90	      1.48	      4.00	      3.11	-13.14	 4.552e-03	     -0.53	Gaussian	0.000000	0.000000
536	0	  0.025695	  0.050796	     -1.00	   5729.33	   4092.39	      1.81	      1.80	      3.80	      3.78	76.71	 6.477e-03	     -0.53	Gaussian	0.000000	0.000000
537	0	  0.026187	  0.071378	     -1.00	   1232.45	   3581.13	      1.54	      1.32	      3.24	      2.78	-89.98	 7.317e-03	     -0.53	Gaussian	0.000000	0.000000
538	0	  0.025345	  0.103860	     -1.00	   6333.91	    795.75	      2.55	      2.07	      5.36	      4.36	54.40	 1.295e-03	     -0.53	Gaussian	0.000000	0.000000
539	0	  0.025683	  0.096073	     -1.00	   5765.51	    453.45	      2.60	      2.19	      5.47	      4.61	49.67	 1.277e-03	     -0.52	Gaussian	0.000000	0.000000
540	0	  0.025989	  0.114936	     -1.00	   5119.55	   2932.10	      2.27	      2.10	      4.78	      4.41	60.98	 1.162e-03	     -0.52	Gaussian	0.000000	0.000000
541	0	  0.026122	  0.122459	     -1.00	   4151.03	   3637.84	      2.23	      2.00	      4.69	      4.21	79.36	 1.251e-03	     -0.52	Gaussian	0.000000	0.000000
542	0	  0.027140	  0.102211	     -1.00	   3377.53	   1751.85	      1.54	      1.40	      3.23	      2.93	76.36	 7.777e-03	     -0.52	Gaussian	0.000000	0.000000
543	0	  0.025769	  0.097217	     -1.00	    575.79	   1366.85	      2.52	      2.23	      5.29	      4.70	19.23	 1.316e-03	     -0.52	Gaussian	0.000000	0.000000
544	0	  0.025481	  0.106941	     -1.00	   5642.12	    554.09	      2.28	      2.09	      4.80	      4.40	45.96	 1.352e-03	     -0.52	Gaussian	0.000000	0.000000
545	0	  0.026130	  0.117062	     -1.00	   3413.92	    133.63	      2.27	      2.05	      4.77	      4.30	48.20	 1.292e-03	     -0.52	Gaussian	0.000000	0.000000
546	0	  0.025937	  0.071310	     -1.00	   4639.84	   2926.88	      1.66	      1.56	      3.48	      3.29	74.68	 6.881e-03	     -0.52	Gaussian	0.000000	0.000000
547	0	  0.026296	  0.106427	     -1.00	   1218.48	   1086.78	      2.38	      2.14	      5.00	      4.50	29.10	 1.428e-03	     -0.52	Gaussian	0.000000	0.000000
548	0	  0.025782	  0.105503	     -1.00	   2342.97	     31.88	      2.26	      2.26	      4.76	      4.76	-3.55	 1.415e-03	     -0.52	Gaussian	0.000000	0.000000
549	0	  0.025745	  0.102445	     -1.00	    973.90	   1152.92	      2.42	      2.17	      5.08	      4.56	22.61	 1.296e-03	     -0.52	Gaussian	0.000000	0.000000
550	0	  0.026042	  0.110217	     -1.00	   1369.65	   2916.64	      2.21	      2.20	      4.65	      4.62	44.89	 1.283e-03	     -0.52	Gaussian	0.000000	0.000000
551	0	  0.026526	  0.108604	     -1.00	   3202.96	   2670.76	      1.90	      1.58	      3.99	      3.32	-49.50	 4.196e-03	     -0.51	Gaussian	0.000000	0.000000
552	0	  0.025587	  0.078231	     -1.00	   5406.16	    360.70	      2.91	      2.91	      6.12	      6.12	11.12	 2.722e-03	     -0.51	Gaussian	0.000000	0.000000
553	0	  0.026225	  0.110032	     -1.00	   3769.98	   4020.46	      2.20	      2.20	      4.62	      4.62	3.05	 1.254e-03	     -0.51	Gaussian	0.000000	0.000000
554	0	  0.025875	  0.111446	     -1.00	   4597.92	    170.65	      2.31	      2.06	      4.87	      4.32	58.64	 1.246e-03	     -0.51	Gaussian	0.000000	0.000000
555	0	  0.026068	  0.104592	     -1.00	   3242.77	    356.43	      2.34	      2.16	      4.92	      4.55	60.21	 1.149e-03	     -0.51	Gaussian	0.000000	0.000000
556	0	  0.026000	  0.105478	     -1.00	   3310.62	   4159.53	      2.37	      2.11	      4.98	      4.44	80.07	 1.058e-03	     -0.51	Gaussian	0.000000	0.000000
557	0	  0.026133	  0.095000	     -1.00	   1023.70	   4145.99	      2.41	      2.31	      5.07	      4.85	21.85	 1.274e-03	     -0.51	Gaussian	0.000000	0.000000
558	0	  0.026022	  0.082097	     -1.00	   1914.52	    959.39	      3.51	      3.38	      7.38	      7.11	82.78	 5.509e-03	     -0.51	Gaussian	0.000000	0.000000
559	0	  0.025846	  0.099297	     -1.00	   1057.27	   3428.69	      2.31	      2.31	      4.85	      4.85	78.02	 1.221e-03	     -0.51	Gaussian	0.000000	0.000000
560	0	  0.026093	  0.066455	     -1.00	   2670.84	    655.70	      1.84	      1.78	      3.86	      3.73	75.93	 5.907e-03	     -0.51	Gaussian	0.000000	0.000000
561	0	  0.025751	  0.099004	     -1.00	    759.71	   2682.97	      2.38	      2.24	      5.00	      4.71	15.27	 1.256e-03	     -0.51	Gaussian	0.000000	0.000000
562	0	  0.025868	  0.088754	     -1.00	    125.88	   1889.99	      2.56	      2.32	      5.38	      4.88	10.85	 1.467e-03	     -0.51	Gaussian	0.000000	0.000000
563	0	  0.026086	  0.093018	     -1.00	    619.23	   2658.65	      2.38	      2.38	      5.00	      4.99	56.50	 1.772e-03	     -0.51	Gaussian	0.000000	0.000000
564	0	  0.026227	  0.117327	     -1.00	   3371.23	   3557.92	      2.24	      2.00	      4.71	      4.20	81.17	 1.177e-03	     -0.51	Gaussian	0.000000	0.000000
565	0	  0.025728	  0.081341	     -1.00	    336.45	    720.90	      2.67	      2.40	      5.62	      5.05	15.35	 1.507e-03	     -0.50	Gaussian	0.000000	0.000000
566	0	  0.026066	  0.112775	     -1.00	   4531.06	   3986.71	      2.29	      2.02	      4.80	      4.24	69.90	 1.227e-03	     -0.50	Gaussian	0.000000	0.000000
567	0	  0.026020	  0.107096	     -1.00	   2762.00	    173.60	      2.20	      2.20	      4.63	      4.63	-59.38	 1.422e-03	     -0.50	Gaussian	0.000000	0.000000
568	0	  0.026126	  0.118179	     -1.00	   3698.30	    554.04	      2.04	      1.96	      4.29	      4.13	56.41	 1.643e-03	     -0.50	Gaussian	0.000000	0.000000
569	0	  0.025868	  0.055403	     -1.00	   4109.18	   3873.28	      3.86	      3.60	      8.11	      7.57	7.65	 5.281e-03	     -0.50	Gaussian	0.000000	0.000000
570	0	  0.026256	  0.116647	     -1.00	   4791.72	   1810.99	      2.16	      2.06	      4.53	      4.33	77.01	 1.405e-03	     -0.50	Gaussian	0.000000	0.000000
571	0	  0.025268	  0.053805	     -1.00	   5725.16	    425.92	      3.94	      3.79	      8.29	      7.97	83.43	 4.273e-03	     -0.50	Gaussian	0.000000	0.000000
572	0	  0.026300	  0.087406	     -1.00	   1808.07	   1152.98	      1.55	      1.46	      3.25	      3.06	83.31	 7.486e-03	     -0.50	Gaussian	0.000000	0.000000
573	0	  0.026060	  0.061864	     -1.00	   3924.32	    678.54	      1.59	      1.37	      3.35	      2.88	8.66	 7.420e-03	     -0.50	Gaussian	0.000000	0.000000
574	0	  0.024985	  0.039755	     -1.00	   1683.26	   1954.27	      4.61	      2.84	      9.68	      5.97	78.28	 3.225e-03	     -0.50	Gaussian	0.000000	0.000000
575	0	  0.025757	  0.048345	     -1.00	   1166.32	   1130.08	      4.45	      4.45	      9.36	      9.36	83.90	 5.089e-03	     -0.50	Gaussian	0.000000	0.000000
576	0	  0.025878	  0.102634	     -1.00	   4588.90	     16.48	      2.38	      2.11	      5.00	      4.44	56.27	 1.183e-03	     -0.50	Gaussian	0.000000	0.000000
577	0	  0.026122	  0.073715	     -1.00	   3013.89	   2376.88	      3.01	      2.32	      6.33	      4.88	27.22	 2.516e-03	     -0.50	Gaussian	0.000000	0.000000
578	0	  0.025946	  0.073895	     -1.00	   4661.76	   1082.67	      1.94	      1.85	      4.09	      3.88	77.11	 5.240e-03	     -0.50	Gaussian	0.000000	0.000000
579	0	  0.025788	  0.108916	     -1.00	   5196.33	   1336.77	      2.29	      2.06	      4.81	      4.33	59.93	 1.132e-03	     -0.50	Gaussian	0.000000	0.000000
580	0	  0.026180	  0.114429	     -1.00	   3282.88	   3401.82	      2.21	      2.03	      4.64	      4.26	86.92	 1.133e-03	     -0.50	Gaussian	0.000000	0.000000
581	0	  0.025697	  0.092701	     -1.00	   1346.97	     55.23	      2.55	      2.16	      5.37	      4.54	24.24	 1.260e-03	     -0.50	Gaussian	0.000000	0.000000
582	0	  0.026040	  0.111140	     -1.00	   1974.05	   1851.51	      2.14	      2.14	      4.50	      4.50	3.94	 1.231e-03	     -0.49	Gaussian	0.000000	0.000000
583	0	  0.025435	  0.061923	     -1.00	    215.44	    212.31	      1.73	      1.68	      3.64	      3.53	86.63	 4.702e-03	     -0.49	Gaussian	0.000000	0.000000
584	0	  0.025702	  0.090709	     -1.00	   1038.52	    126.93	      2.56	      2.19	      5.38	      4.60	21.33	 1.345e-03	     -0.49	Gaussian	0.000000	0.000000
585	0	  0.025925	  0.092110	     -1.00	   3101.64	    135.15	      2.65	      2.60	      5.57	      5.47	-61.64	 2.172e-03	     -0.49	Gaussian	0.000000	0.000000
586	0	  0.026013	  0.112311	     -1.00	   4869.91	    985.73	      2.21	      2.05	      4.65	      4.30	60.32	 1.235e-03	     -0.49	Gaussian	0.000000	0.000000
587	0	  0.026018	  0.109612	     -1.00	   5100.69	   2376.54	      2.27	      2.04	      4.76	      4.29	68.72	 1.207e-03	     -0.49	Gaussian	0.000000	0.000000
588	0	  0.025630	  0.098875	     -1.00	   5930.27	   3862.88	      2.43	      2.10	      5.12	      4.42	65.46	 1.216e-03	     -0.49	Gaussian	0.000000	0.000000
589	0	  0.026173	  0.104646	     -1.00	   2668.75	   2229.43	      2.27	      2.13	      4.77	      4.47	79.72	 1.104e-03	     -0.49	Gaussian	0.000000	0.000000
590	0	  0.025800	  0.084978	     -1.00	   4970.62	   3076.16	      3.30	      1.97	      6.94	      4.14	44.31	 2.866e-03	     -0.49	Gaussian	0.000000	0.000000
591	0	  0.025919	  0.073261	     -1.00	   2317.33	    873.15	      3.00	      2.78	      6.30	      5.85	84.48	 2.989e-03	     -0.49	Gaussian	0.000000	0.000000
592	0	  0.026100	  0.102828	     -1.00	   5759.30	   2531.66	      2.36	      2.08	      4.95	      4.37	55.03	 1.593e-03	     -0.49	Gaussian	0.000000	0.000000
593	0	  0.025871	  0.060541	     -1.00	   3560.31	    812.94	      3.23	      3.23	      6.79	      6.79	9.20	 3.864e-03	     -0.49	Gaussian	0.000000	0.000000
594	0	  0.026186	  0.106022	     -1.00	   3635.75	   2033.61	      2.27	      2.08	      4.78	      4.38	85.96	 1.128e-03	     -0.49	Gaussian	0.000000	0.000000
595	0	  0.026179	  0.109088	     -1.00	   2503.65	   1284.09	      2.22	      2.07	      4.68	      4.35	60.72	 1.114e-03	     -0.49	Gaussian	0.000000	0.000000
596	0	  0.026256	  0.066279	     -1.00	   2747.36	   3492.91	      3.21	      3.19	      6.74	      6.71	7.53	 4.306e-03	     -0.49	Gaussian	0.000000	0.000000
597	0	  0.025852	  0.106071	     -1.00	   4430.70	    391.93	      2.30	      2.05	      4.83	      4.31	56.51	 1.153e-03	     -0.49	Gaussian	0.000000	0.000000
598	0	  0.025896	  0.055454	     -1.00	   4689.05	   1775.70	      1.73	      1.71	      3.64	      3.60	73.07	 6.412e-03	     -0.49	Gaussian	0.000000	0.000000
599	0	  0.026135	  0.114418	     -1.00	   2771.14	   2961.68	      2.09	      2.09	      4.39	      4.39	19.60	 1.253e-03	     -0.49	Gaussian	0.000000	0.000000
600	0	  0.026527	  0.114379	     -1.00	   3349.06	   2618.28	      1.90	      1.83	      4.00	      3.85	89.14	 2.640e-03	     -0.49	Gaussian	0.000000	0.000000
601	0	  0.025770	  0.101694	     -1.00	   5707.61	   3275.75	      2.34	      2.09	      4.92	      4.39	64.29	 1.127e-03	     -0.49	Gaussian	0.000000	0.000000
602	0	  0.024964	  0.033781	     -1.00	    699.12	   2775.27	      4.66	      3.16	      9.80	      6.64	81.44	 2.532e-03	     -0.49	Gaussian	0.000000	0.000000
603	0	  0.025918	  0.100804	     -1.00	   4177.53	    945.56	      2.31	      2.13	      4.85	      4.48	65.40	 1.007e-03	     -0.48	Gaussian	0.000000	0.000000
604	0	  0.026222	  0.108742	     -1.00	   3483.29	   2143.62	      2.25	      2.03	      4.72	      4.27	83.86	 1.078e-03	     -0.48	Gaussian	0.000000	0.000000
605	0	  0.025758	  0.055234	     -1.00	   2144.12	   3444.96	      3.74	      3.62	      7.85	      7.60	5.77	 4.329e-03	     -0.48	Gaussian	0.000000	0.000000
606	0	  0.026217	  0.104966	     -1.00	   3005.79	   2000.51	      2.26	      2.09	      4.75	      4.39	83.91	 1.063e-03	     -0.48	Gaussian	0.000000	0.000000
607	0	  0.026089	  0.092574	     -1.00	   4045.72	   1116.77	      2.44	      2.20	      5.12	      4.62	-33.28	 1.319e-03	     -0.48	Gaussian	0.000000	0.000000
608	0	  0.026282	  0.111047	     -1.00	   2791.41	   3175.42	      1.97	      1.76	      4.14	      3.69	74.66	 2.340e-03	     -0.48	Gaussian	0.000000	0.000000
609	0	  0.025795	  0.080853	     -1.00	   3992.24	    286.50	      2.70	      2.58	      5.68	      5.42	12.10	 1.975e-03	     -0.48	Gaussian	0.000000	0.000000
610	0	  0.025734	  0.100684	     -1.00	   4975.41	    941.27	      2.20	      2.04	      4.62	      4.28	51.17	 1.296e-03	     -0.48	Gaussian	0.000000	0.000000
611	0	  0.025955	  0.105502	     -1.00	   5149.60	   2621.04	      2.25	      2.07	      4.73	      4.35	60.77	 1.154e-03	     -0.48	Gaussian	0.000000	0.000000
612	0	  0.025425	  0.079080	     -1.00	    130.88	    649.64	      2.49	      2.49	      5.24	      5.24	-42.72	 1.333e-03	     -0.48	Gaussian	0.000000	0.000000
613	0	  0.026162	  0.094263	     -1.00	   3685.43	   2165.23	      2.52	      2.21	      5.29	      4.65	51.58	 1.471e-03	     -0.48	Gaussian	0.000000	0.000000
614	0	  0.025451	  0.089188	     -1.00	   6332.44	    909.26	      2.60	      2.12	      5.46	      4.46	54.28	 1.153e-03	     -0.48	Gaussian	0.000000	0.000000
615	0	  0.025990	  0.102335	     -1.00	   5587.04	   3688.53	      2.19	      2.19	      4.60	      4.60	10.45	 1.364e-03	     -0.48	Gaussian	0.000000	0.000000
616	0	  0.026208	  0.108922	     -1.00	   3872.03	   2229.63	      2.12	      2.12	      4.45	      4.45	1.51	 1.341e-03	     -0.48	Gaussian	0.000000	0.000000
617	0	  0.026170	  0.103734	     -1.00	   2676.86	   1466.58	      2.21	      2.13	      4.65	      4.49	70.11	 1.087e-03	     -0.48	Gaussian	0.000000	0.000000
618	0	  0.025658	  0.092666	     -1.00	   1276.58	   1048.13	      2.29	      2.29	      4.82	      4.82	73.42	 1.211e-03	     -0.48	Gaussian	0.000000	0.000000
619	0	  0.025966	  0.095295	     -1.00	   1945.63	    513.63	      2.38	      2.14	      5.00	      4.51	40.56	 1.224e-03	     -0.48	Gaussian	0.000000	0.000000
620	0	  0.025781	  0.090661	     -1.00	   1009.95	   2867.53	      2.36	      2.27	      4.95	      4.78	13.77	 1.123e-03	     -0.48	Gaussian	0.000000	0.000000
621	0	  0.026075	  0.104423	     -1.00	   3386.87	   3869.61	      2.17	      2.14	      4.56	      4.51	89.63	 1.105e-03	     -0.48	Gaussian	0.000000	0.000000
622	0	  0.025887	  0.085069	     -1.00	   1604.30	    721.21	      2.11	      1.89	      4.43	      3.97	36.88	 2.292e-03	     -0.48	Gaussian	0.000000	0.000000
623	0	  0.025966	  0.092997	     -1.00	    787.88	   1125.42	      2.39	      2.18	      5.03	      4.58	25.61	 1.724e-03	     -0.48	Gaussian	0.000000	0.000000
624	0	  0.026019	  0.098570	     -1.00	   4305.47	   2102.62	      2.30	      2.13	      4.84	      4.48	78.99	 1.002e-03	     -0.47	Gaussian	0.000000	0.000000
625	0	  0.025941	  0.102725	     -1.00	   3727.69	     77.95	      2.23	      2.11	      4.68	      4.44	44.14	 1.181e-03	     -0.47	Gaussian	0.000000	0.000000
626	0	  0.025691	  0.057563	     -1.00	   1564.17	   2473.88	      3.36	      3.32	      7.06	      6.98	7.74	 3.495e-03	     -0.47	Gaussian	0.000000	0.000000
627	0	  0.026074	  0.092027	     -1.00	   2587.52	     40.44	      2.49	      2.11	      5.23	      4.43	44.90	 1.331e-03	     -0.47	Gaussian	0.000000	0.000000
628	0	  0.026249	  0.106642	     -1.00	   2996.38	   2209.85	      2.24	      2.01	      4.71	      4.23	86.28	 1.140e-03	     -0.47	Gaussian	0.000000	0.000000
629	0	  0.026100	  0.094935	     -1.00	   1949.59	   3956.79	      2.33	      2.17	      4.90	      4.56	-87.70	 1.162e-03	     -0.47	Gaussian	0.000000	0.000000
630	0	  0.025823	  0.085727	     -1.00	   1910.45	     27.16	      2.64	      2.57	      5.54	      5.39	-51.59	 1.920e-03	     -0.47	Gaussian	0.000000	0.000000
631	0	  0.026087	  0.109638	     -1.00	   4368.90	   2356.64	      2.18	      2.01	      4.58	      4.22	80.18	 1.127e-03	     -0.47	Gaussian	0.000000	0.000000
632	0	  0.026141	  0.103808	     -1.00	   1826.50	   2263.95	      2.19	      2.11	      4.60	      4.44	74.04	 1.116e-03	     -0.47	Gaussian	0.000000	0.000000
633	0	  0.025897	  0.090057	     -1.00	   1772.39	    308.40	      2.48	      2.15	      5.21	      4.51	34.72	 1.094e-03	     -0.47	Gaussian	0.000000	0.000000
634	0	  0.026044	  0.047372	     -1.00	   3657.20	   2054.62	      1.70	      1.70	      3.58	      3.58	74.98	 6.476e-03	     -0.47	Gaussian	0.000000	0.000000
635	0	  0.025699	  0.100328	     -1.00	   5571.77	   1369.63	      2.30	      2.07	      4.83	      4.35	58.34	 1.122e-03	     -0.47	Gaussian	0.000000	0.000000
636	0	  0.025956	  0.050335	     -1.00	   2372.96	    983.25	      4.19	      4.11	      8.81	      8.64	3.51	 5.512e-03	     -0.47	Gaussian	0.000000	0.000000
637	0	  0.025546	  0.088416	     -1.00	   1849.07	     51.72	      2.51	      2.16	      5.27	      4.53	33.49	 1.149e-03	     -0.47	Gaussian	0.000000	0.000000
638	0	  0.025448	  0.084296	     -1.00	    324.45	   2157.88	      2.49	      2.27	      5.24	      4.77	13.19	 1.162e-03	     -0.47	Gaussian	0.000000	0.000000
639	0	  0.025687	  0.082650	     -1.00	    978.55	   3794.51	      2.40	      2.40	      5.05	      5.05	73.70	 1.065e-03	     -0.47	Gaussian	0.000000	0.000000
640	0	  0.025842	  0.095118	     -1.00	   3884.51	    283.60	      2.36	      2.12	      4.95	      4.47	58.36	 1.019e-03	     -0.47	Gaussian	0.000000	0.000000
641	0	  0.024893	  0.037369	     -1.00	   1324.29	   2307.27	      4.37	      2.98	      9.19	      6.27	80.99	 2.847e-03	     -0.47	Gaussian	0.000000	0.000000
642	0	  0.026098	  0.095636	     -1.00	   1524.79	    761.59	      2.34	      2.11	      4.93	      4.44	39.37	 1.158e-03	     -0.47	Gaussian	0.000000	0.000000
643	0	  0.025866	  0.103121	     -1.00	   1496.61	   2872.00	      2.14	      2.14	      4.50	      4.50	73.35	 1.180e-03	     -0.47	Gaussian	0.000000	0.000000
644	0	  0.025707	  0.074911	     -1.00	    916.64	   1636.22	      3.25	      2.33	      6.83	      4.90	12.71	 2.130e-03	     -0.47	Gaussian	0.000000	0.000000
645	0	  0.026156	  0.103432	     -1.00	   2788.74	   2191.81	      2.23	      2.04	      4.70	      4.29	86.09	 1.111e-03	     -0.46	Gaussian	0.000000	0.000000
646	0	  0.026054	  0.052593	     -1.00	   2530.42	   2710.08	      3.55	      3.49	      7.46	      7.34	8.68	 4.433e-03	     -0.46	Gaussian	0.000000	0.000000
647	0	  0.026180	  0.099059	     -1.00	   3022.68	   2514.71	      2.26	      2.10	      4.75	      4.42	85.03	 1.026e-03	     -0.46	Gaussian	0.000000	0.000000
648	0	  0.025760	  0.095803	     -1.00	   1268.96	   2970.64	      2.21	      2.21	      4.65	      4.65	69.62	 1.111e-03	     -0.46	Gaussian	0.000000	0.000000
649	0	  0.025814	  0.087862	     -1.00	    725.53	   2780.05	      2.31	      2.31	      4.86	      4.86	86.75	 1.127e-03	     -0.46	Gaussian	0.000000	0.000000
650	0	  0.024856	  0.031069	     -1.00	   1117.17	   2966.24	      4.78	      3.10	     10.05	      6.51	78.28	 2.377e-03	     -0.46	Gaussian	0.000000	0.000000
651	0	  0.025394	  0.075373	     -1.00	     76.58	   1916.99	      2.61	      2.38	      5.49	      5.01	13.83	 1.233e-03	     -0.46	Gaussian	0.000000	0.000000
652	0	  0.025960	  0.059107	     -1.00	   3509.87	   2079.22	      3.10	      3.10	      6.52	      6.52	80.62	 3.162e-03	     -0.46	Gaussian	0.000000	0.000000
653	0	  0.025596	  0.083643	     -1.00	    406.90	   2301.65	      2.47	      2.27	      5.19	      4.77	17.52	 1.130e-03	     -0.46	Gaussian	0.000000	0.000000
654	0	  0.025908	  0.102514	     -1.00	   3908.98	    255.95	      2.24	      2.04	      4.70	      4.30	58.81	 1.203e-03	     -0.46	Gaussian	0.000000	0.000000
655	0	  0.026151	  0.103428	     -1.00	   2496.00	   2901.52	      2.13	      2.13	      4.47	      4.47	17.99	 1.164e-03	     -0.46	Gaussian	0.000000	0.000000
656	0	  0.025536	  0.086835	     -1.00	   6066.46	   1274.15	      2.68	      2.39	      5.64	      5.02	-10.99	 2.503e-03	     -0.46	Gaussian	0.000000	0.000000
657	0	  0.025678	  0.087565	     -1.00	   5646.12	   3945.67	      2.31	      2.31	      4.85	      4.85	16.99	 1.124e-03	     -0.46	Gaussian	0.000000	0.000000
658	0	  0.025387	  0.098136	     -1.00	   6095.23	   2779.08	      2.10	      1.93	      4.42	      4.06	67.87	 1.435e-03	     -0.46	Gaussian	0.000000	0.000000
659	0	  0.025808	  0.100745	     -1.00	   4919.31	   1548.67	      2.23	      2.08	      4.68	      4.37	64.38	 1.045e-03	     -0.46	Gaussian	0.000000	0.000000
660	0	  0.025821	  0.091052	     -1.00	   2056.52	     44.03	      2.43	      2.10	      5.11	      4.42	39.60	 1.205e-03	     -0.46	Gaussian	0.000000	0.000000
661	0	  0.025960	  0.100939	     -1.00	   4930.74	   2169.86	      2.27	      2.03	      4.77	      4.27	66.84	 1.011e-03	     -0.46	Gaussian	0.000000	0.000000
662	0	  0.026200	  0.085456	     -1.00	    989.90	   4055.90	      2.33	      2.33	      4.90	      4.90	60.98	 1.240e-03	     -0.46	Gaussian	0.000000	0.000000
663	0	  0.030351	  0.115777	     -1.00	   3137.56	   2149.83	      2.09	      1.92	      4.38	      4.04	-88.57	 1.468e-02	     -0.46	Gaussian	0.000000	0.000000
664	0	  0.026456	  0.083218	     -1.00	   1055.05	   1504.12	      2.93	      2.65	      6.15	      5.57	13.21	 3.155e-03	     -0.46	Gaussian	0.000000	0.000000
665	0	  0.026254	  0.083401	     -1.00	   1733.10	   3934.13	      2.58	      2.30	      5.42	      4.83	79.17	 1.498e-03	     -0.46	Gaussian	0.000000	0.000000
666	0	  0.025675	  0.085227	     -1.00	    845.40	   1003.94	      2.35	      2.30	      4.94	      4.83	47.60	 1.172e-03	     -0.46	Gaussian	0.000000	0.000000
667	0	  0.025483	  0.067694	     -1.00	    929.05	    333.81	      3.23	      2.86	      6.79	      6.01	21.33	 2.150e-03	     -0.46	Gaussian	0.000000	0.000000
668	0	  0.025428	  0.091280	     -1.00	   5879.93	    536.64	      2.45	      2.06	      5.14	      4.33	51.38	 1.235e-03	     -0.46	Gaussian	0.000000	0.000000
669	0	  0.026115	  0.095318	     -1.00	   4262.18	    191.49	      2.31	      2.09	      4.86	      4.39	55.51	 1.553e-03	     -0.46	Gaussian	0.000000	0.000000
670	0	  0.025753	  0.099084	     -1.00	   5309.95	   1675.26	      2.26	      2.04	      4.76	      4.29	58.77	 1.053e-03	     -0.45	Gaussian	0.000000	0.000000
671	0	  0.025181	  0.073130	     -1.00	   6046.58	   1055.09	      3.19	      3.07	      6.71	      6.45	80.65	 3.155e-03	     -0.45	Gaussian	0.000000	0.000000
672	0	  0.025373	  0.053931	     -1.00	    134.30	    481.35	      2.01	      1.99	      4.23	      4.19	79.97	 3.447e-03	     -0.45	Gaussian	0.000000	0.000000
673	0	  0.026006	  0.099283	     -1.00	   3821.36	   3610.57	      2.23	      2.06	      4.68	      4.33	81.58	 1.026e-03	     -0.45	Gaussian	0.000000	0.000000
674	0	  0.025404	  0.067563	     -1.00	   6050.61	   3629.48	      1.88	      1.71	      3.95	      3.59	80.59	 3.894e-03	     -0.45	Gaussian	0.000000	0.000000
675	0	  0.025889	  0.091401	     -1.00	   1719.09	   4064.62	      2.23	      2.23	      4.68	      4.68	4.81	 1.086e-03	     -0.45	Gaussian	0.000000	0.000000
676	0	  0.026156	  0.100937	     -1.00	   2652.53	   1293.91	      2.14	      2.10	      4.50	      4.41	81.31	 1.072e-03	     -0.45	Gaussian	0.000000	0.000000
677	0	  0.023786	  0.054789	     -1.00	   2927.13	   4259.03	      3.49	      2.66	      7.34	      5.60	77.13	 5.985e-03	     -0.45	Gaussian	0.000000	0.000000
678	0	  0.026453	  0.100461	     -1.00	   3057.42	   1830.73	      2.22	      2.03	      4.67	      4.26	84.84	 1.807e-03	     -0.45	Gaussian	0.000000	0.000000
679	0	  0.026202	  0.097282	     -1.00	   3275.58	   2421.87	      2.25	      2.06	      4.72	      4.33	-84.98	 9.830e-04	     -0.45	Gaussian	0.000000	0.000000
680	0	  0.025595	  0.077935	     -1.00	    517.51	   4115.92	      2.48	      2.33	      5.21	      4.89	4.11	 1.123e-03	     -0.45	Gaussian	0.000000	0.000000
681	0	  0.025952	  0.063068	     -1.00	    466.28	   3695.24	      2.99	      2.89	      6.28	      6.07	86.76	 2.481e-03	     -0.45	Gaussian	0.000000	0.000000
682	0	  0.025797	  0.060431	     -1.00	   2512.39	   2982.02	      3.65	      2.99	      7.67	      6.29	8.12	 3.651e-03	     -0.45	Gaussian	0.000000	0.000000
683	0	  0.026185	  0.099511	     -1.00	   3383.35	   3595.87	      2.22	      2.03	      4.66	      4.26	85.25	 1.170e-03	     -0.45	Gaussian	0.000000	0.000000
684	0	  0.026514	  0.098338	     -1.00	   2199.95	   3707.34	      2.18	      2.09	      4.58	      4.38	-86.45	 1.802e-03	     -0.45	Gaussian	0.000000	0.000000
685	0	  0.026079	  0.098146	     -1.00	   4288.18	   2709.86	      2.25	      2.02	      4.74	      4.24	80.25	 1.077e-03	     -0.44	Gaussian	0.000000	0.000000
686	0	  0.025980	  0.071181	     -1.00	    443.93	   3873.61	      2.57	      2.44	      5.39	      5.13	-7.30	 1.490e-03	     -0.44	Gaussian	0.000000	0.000000
687	0	  0.026029	  0.099388	     -1.00	   3068.92	   3690.46	      2.12	      2.12	      4.45	      4.45	-14.37	 1.085e-03	     -0.44	Gaussian	0.000000	0.000000
688	0	  0.025735	  0.082421	     -1.00	   1556.77	    581.54	      2.50	      2.16	      5.25	      4.53	36.00	 1.033e-03	     -0.44	Gaussian	0.000000	0.000000
689	0	  0.025905	  0.084285	     -1.00	   3470.04	    979.30	      2.59	      2.37	      5.45	      4.99	12.91	 1.779e-03	     -0.44	Gaussian	0.000000	0.000000
690	0	  0.025462	  0.043164	     -1.00	   5177.94	   1099.40	      2.71	      2.52	      5.70	      5.29	19.11	 2.500e-03	     -0.44	Gaussian	0.000000	0.000000
691	0	  0.025876	  0.090307	     -1.00	   4267.91	    430.34	      2.78	      2.30	      5.83	      4.84	53.08	 2.062e-03	     -0.44	Gaussian	0.000000	0.000000
692	0	  0.025900	  0.095874	     -1.00	   4980.41	   2530.90	      2.22	      2.08	      4.67	      4.37	65.91	 1.031e-03	     -0.44	Gaussian	0.000000	0.000000
693	0	  0.025788	  0.058238	     -1.00	   4305.85	   3336.59	      1.83	      1.75	      3.85	      3.67	78.64	 4.817e-03	     -0.44	Gaussian	0.000000	0.000000
694	0	  0.026021	  0.057570	     -1.00	   3226.32	   2510.10	      3.52	      2.70	      7.39	      5.68	89.02	 2.880e-03	     -0.44	Gaussian	0.000000	0.000000
695	0	  0.025968	  0.062151	     -1.00	   4970.85	   2730.68	      1.93	      1.85	      4.05	      3.90	75.22	 4.757e-03	     -0.44	Gaussian	0.000000	0.000000
696	0	  0.025855	  0.086928	     -1.00	   1774.58	    219.16	      2.38	      2.13	      5.01	      4.48	33.58	 1.189e-03	     -0.44	Gaussian	0.000000	0.000000
697	0	  0.025687	  0.058816	     -1.00	   4761.35	   2138.76	      3.00	      2.97	      6.31	      6.24	8.81	 2.887e-03	     -0.44	Gaussian	0.000000	0.000000
698	0	  0.025997	  0.071386	     -1.00	   4651.04	    227.95	      1.38	      1.33	      2.89	      2.79	82.02	 6.413e-03	     -0.44	Gaussian	0.000000	0.000000
699	0	  0.026276	  0.097160	     -1.00	   3789.04	   2630.28	      1.90	      1.81	      3.98	      3.81	88.67	 2.528e-03	     -0.44	Gaussian	0.000000	0.000000
700	0	  0.026202	  0.071125	     -1.00	   2671.20	    973.48	      3.52	      3.44	      7.39	      7.24	8.68	 4.125e-03	     -0.44	Gaussian	0.000000	0.000000
701	0	  0.025949	  0.088275	     -1.00	   1505.97	   3499.48	      2.22	      2.22	      4.67	      4.67	-6.67	 1.201e-03	     -0.44	Gaussian	0.000000	0.000000
702	0	  0.025605	  0.078095	     -1.00	    495.90	   3465.43	      2.36	      2.36	      4.96	      4.96	63.26	 1.132e-03	     -0.44	Gaussian	0.000000	0.000000
703	0	  0.025555	  0.077599	     -1.00	    444.60	   2397.03	      2.37	      2.37	      4.98	      4.98	82.60	 1.196e-03	     -0.44	Gaussian	0.000000	0.000000
704	0	  0.026492	  0.091671	     -1.00	   2859.55	    686.48	      2.29	      2.07	      4.82	      4.35	61.49	 1.187e-03	     -0.44	Gaussian	0.000000	0.000000
705	0	  0.026499	  0.097439	     -1.00	   3604.15	    249.99	      1.68	      1.43	      3.53	      3.01	85.94	 5.346e-03	     -0.43	Gaussian	0.000000	0.000000
706	0	  0.026150	  0.099376	     -1.00	   2327.47	   3200.83	      2.16	      2.02	      4.54	      4.25	78.56	 1.058e-03	     -0.43	Gaussian	0.000000	0.000000
707	0	  0.025769	  0.091812	     -1.00	   4490.47	   2977.72	      2.26	      2.09	      4.75	      4.39	77.28	 9.812e-04	     -0.43	Gaussian	0.000000	0.000000
708	0	  0.025664	  0.082676	     -1.00	   5704.64	    259.74	      2.49	      2.10	      5.23	      4.42	50.15	 1.491e-03	     -0.43	Gaussian	0.000000	0.000000
709	0	  0.025972	  0.042190	     -1.00	   1315.08	   2687.68	      1.89	      1.89	      3.98	      3.98	74.68	 5.453e-03	     -0.43	Gaussian	0.000000	0.000000
710	0	  0.025648	  0.074191	     -1.00	    427.90	   2968.70	      2.42	      2.41	      5.08	      5.07	51.88	 1.064e-03	     -0.43	Gaussian	0.000000	0.000000
711	0	  0.025367	  0.067333	     -1.00	    757.16	    233.57	      2.72	      2.36	      5.72	      4.96	16.81	 1.046e-03	     -0.43	Gaussian	0.000000	0.000000
712	0	  0.026102	  0.079336	     -1.00	   2656.43	   2142.23	      1.88	      1.64	      3.96	      3.44	71.47	 3.382e-03	     -0.43	Gaussian	0.000000	0.000000
713	0	  0.025586	  0.069568	     -1.00	   1252.22	    981.26	      2.68	      2.48	      5.63	      5.21	35.28	 1.192e-03	     -0.43	Gaussian	0.000000	0.000000
714	0	  0.025506	  0.058145	     -1.00	    985.17	   3341.03	      3.16	      2.68	      6.65	      5.64	-89.99	 1.865e-03	     -0.43	Gaussian	0.000000	0.000000
715	0	  0.026214	  0.084947	     -1.00	   1640.12	   3140.55	      1.58	      1.50	      3.31	      3.15	85.36	 5.349e-03	     -0.43	Gaussian	0.000000	0.000000
716	0	  0.025831	  0.084690	     -1.00	   1430.99	   1381.20	      2.36	      2.15	      4.96	      4.53	31.96	 1.138e-03	     -0.43	Gaussian	0.000000	0.000000
717	0	  0.025866	  0.063188	     -1.00	   2908.29	   3441.65	      3.07	      3.01	      6.45	      6.32	10.61	 2.932e-03	     -0.43	Gaussian	0.000000	0.000000
718	0	  0.025867	  0.082345	     -1.00	    920.41	   1951.73	      2.37	      2.20	      4.99	      4.62	22.74	 1.081e-03	     -0.43	Gaussian	0.000000	0.000000
719	0	  0.025590	  0.057951	     -1.00	   5218.54	   4125.01	      3.95	      3.30	      8.29	      6.94	85.65	 3.547e-03	     -0.43	Gaussian	0.000000	0.000000
720	0	  0.025360	  0.070780	     -1.00	     32.97	   2648.33	      2.57	      2.35	      5.41	      4.95	8.08	 1.084e-03	     -0.43	Gaussian	0.000000	0.000000
721	0	  0.025845	  0.052236	     -1.00	   2969.31	   1416.92	      3.20	      3.20	      6.73	      6.73	9.27	 3.243e-03	     -0.43	Gaussian	0.000000	0.000000
722	0	  0.026046	  0.093165	     -1.00	   3930.71	   1676.61	      2.22	      2.06	      4.67	      4.34	79.31	 9.745e-04	     -0.43	Gaussian	0.000000	0.000000
723	0	  0.025450	  0.073258	     -1.00	    585.87	   3979.84	      2.45	      2.38	      5.14	      5.01	12.91	 1.126e-03	     -0.43	Gaussian	0.000000	0.000000
724	0	  0.026097	  0.086197	     -1.00	   1853.93	   4049.39	      2.25	      2.20	      4.74	      4.62	-77.72	 1.009e-03	     -0.43	Gaussian	0.000000	0.000000
725	0	  0.026540	  0.092964	     -1.00	   2820.06	   3490.69	      1.56	      1.55	      3.28	      3.25	88.40	 5.336e-03	     -0.43	Gaussian	0.000000	0.000000
726	0	  0.025912	  0.091778	     -1.00	   2058.95	   1612.90	      2.22	      2.10	      4.66	      4.40	61.08	 9.841e-04	     -0.43	Gaussian	0.000000	0.000000
727	0	  0.025566	  0.053354	     -1.00	   4253.91	    511.17	      2.02	      1.97	      4.25	      4.14	89.92	 3.424e-03	     -0.43	Gaussian	0.000000	0.000000
728	0	  0.025660	  0.080668	     -1.00	   6145.75	   3869.37	      2.47	      2.11	      5.20	      4.44	68.03	 1.193e-03	     -0.42	Gaussian	0.000000	0.000000
729	0	  0.026310	  0.083132	     -1.00	   1805.30	   1659.66	      1.85	      1.70	      3.88	      3.58	81.05	 3.902e-03	     -0.42	Gaussian	0.000000	0.000000
730	0	  0.025146	  0.063737	     -1.00	   5267.16	     21.05	      3.06	      2.65	      6.43	      5.57	70.41	 1.697e-03	     -0.42	Gaussian	0.000000	0.000000
731	0	  0.025320	  0.084740	     -1.00	   6041.09	   1005.54	      2.36	      2.10	      4.95	      4.42	55.99	 1.037e-03	     -0.42	Gaussian	0.000000	0.000000
732	0	  0.025963	  0.091717	     -1.00	   4080.47	   2273.04	      2.22	      2.07	      4.66	      4.34	88.20	 9.625e-04	     -0.42	Gaussian	0.000000	0.000000
733	0	  0.025502	  0.076109	     -1.00	   5400.45	    458.45	      2.54	      2.17	      5.34	      4.56	52.26	 1.003e-03	     -0.42	Gaussian	0.000000	0.000000
734	0	  0.025886	  0.088374	     -1.00	   1205.01	   2907.78	      2.21	      2.14	      4.64	      4.50	27.46	 1.006e-03	     -0.42	Gaussian	0.000000	0.000000
735	0	  0.025309	  0.052568	     -1.00	    691.04	   1076.62	      3.36	      2.35	      7.06	      4.95	7.95	 9.585e-04	     -0.42	Gaussian	0.000000	0.000000
736	0	  0.026069	  0.092823	     -1.00	   4199.35	   1598.37	      2.33	      2.12	      4.90	      4.45	67.35	 1.122e-03	     -0.42	Gaussian	0.000000	0.000000
737	0	  0.025051	  0.038781	     -1.00	   4503.30	    905.24	      4.23	      2.64	      8.89	      5.55	74.29	 2.505e-03	     -0.42	Gaussian	0.000000	0.000000
738	0	  0.025528	  0.074693	     -1.00	    469.09	   2161.49	      2.46	      2.26	      5.18	      4.74	16.97	 9.878e-04	     -0.42	Gaussian	0.000000	0.000000
739	0	  0.025127	  0.034025	     -1.00	   3183.34	   3609.17	      4.64	      2.66	      9.76	      5.60	87.31	 2.637e-03	     -0.42	Gaussian	0.000000	0.000000
740	0	  0.025817	  0.087880	     -1.00	   4549.93	   4063.76	      2.32	      2.03	      4.88	      4.27	71.80	 9.220e-04	     -0.42	Gaussian	0.000000	0.000000
741	0	  0.025319	  0.078508	     -1.00	   6335.05	    921.81	      2.57	      2.05	      5.41	      4.30	52.41	 1.089e-03	     -0.42	Gaussian	0.000000	0.000000
742	0	  0.025599	  0.083736	     -1.00	   5366.90	   3816.96	      2.39	      2.06	      5.03	      4.33	64.80	 9.581e-04	     -0.42	Gaussian	0.000000	0.000000
743	0	  0.025554	  0.084845	     -1.00	   5549.58	   3458.03	      2.32	      2.10	      4.87	      4.41	58.36	 9.522e-04	     -0.42	Gaussian	0.000000	0.000000
744	0	  0.025746	  0.078180	     -1.00	   2215.58	    395.65	      2.43	      2.17	      5.12	      4.55	44.53	 9.475e-04	     -0.42	Gaussian	0.000000	0.000000
745	0	  0.025796	  0.069464	     -1.00	   5417.28	   3351.46	      3.72	      3.64	      7.81	      7.65	7.85	 5.526e-03	     -0.42	Gaussian	0.000000	0.000000
746	0	  0.025998	  0.090413	     -1.00	   3576.78	   2802.73	      2.22	      2.04	      4.67	      4.30	-85.87	 9.487e-04	     -0.41	Gaussian	0.000000	0.000000
747	0	  0.025556	  0.079924	     -1.00	   1337.17	   1083.75	      2.39	      2.15	      5.03	      4.51	32.10	 9.234e-04	     -0.41	Gaussian	0.000000	0.000000
748	0	  0.029567	  0.082948	     -1.00	   2358.70	    212.33	      2.49	      2.12	      5.24	      4.45	-78.70	 4.128e-03	     -0.41	Gaussian	0.000000	0.000000
749	0	  0.025753	  0.078454	     -1.00	   1184.39	    664.12	      2.29	      2.29	      4.81	      4.80	73.92	 1.132e-03	     -0.41	Gaussian	0.000000	0.000000
750	0	  0.025731	  0.078180	     -1.00	   1033.95	   3441.74	      2.29	      2.29	      4.81	      4.80	41.87	 9.986e-04	     -0.41	Gaussian	0.000000	0.000000
751	0	  0.025581	  0.068300	     -1.00	    916.29	   3568.24	      1.81	      1.70	      3.81	      3.57	82.82	 3.079e-03	     -0.41	Gaussian	0.000000	0.000000
752	0	  0.025953	  0.089718	     -1.00	   1996.45	   1791.13	      2.15	      2.11	      4.53	      4.43	46.74	 1.019e-03	     -0.41	Gaussian	0.000000	0.000000
753	0	  0.025837	  0.051298	     -1.00	   4344.92	   1790.95	      1.71	      1.64	      3.60	      3.46	73.06	 5.285e-03	     -0.41	Gaussian	0.000000	0.000000
754	0	  0.025959	  0.089642	     -1.00	   3931.51	   2568.89	      2.13	      2.13	      4.48	      4.48	28.44	 9.023e-04	     -0.41	Gaussian	0.000000	0.000000
755	0	  0.024843	  0.048848	     -1.00	   5774.22	    505.26	      3.57	      2.66	      7.49	      5.59	55.55	 1.925e-03	     -0.41	Gaussian	0.000000	0.000000
756	0	  0.025922	  0.088156	     -1.00	   3632.75	   1453.76	      2.24	      2.06	      4.71	      4.32	74.59	 9.136e-04	     -0.41	Gaussian	0.000000	0.000000
757	0	  0.025330	  0.052843	     -1.00	   5601.15	    869.76	      3.30	      3.29	      6.94	      6.92	9.50	 2.832e-03	     -0.41	Gaussian	0.000000	0.000000
758	0	  0.025457	  0.081347	     -1.00	   5032.40	    412.95	      2.37	      2.10	      4.99	      4.42	56.25	 9.084e-04	     -0.41	Gaussian	0.000000	0.000000
759	0	  0.025856	  0.074142	     -1.00	   1561.50	    800.53	      2.50	      2.18	      5.25	      4.59	36.21	 9.686e-04	     -0.41	Gaussian	0.000000	0.000000
760	0	  0.025382	  0.066707	     -1.00	    140.38	   1697.83	      2.53	      2.40	      5.32	      5.04	33.93	 1.041e-03	     -0.41	Gaussian	0.000000	0.000000
761	0	  0.025955	  0.072724	     -1.00	   2567.42	   1712.17	      2.93	      2.58	      6.16	      5.41	28.03	 2.348e-03	     -0.41	Gaussian	0.000000	0.000000
762	0	  0.025083	  0.048519	     -1.00	    332.05	    199.48	      3.30	      2.53	      6.93	      5.31	16.26	 1.175e-03	     -0.41	Gaussian	0.000000	0.000000
763	0	  0.025539	  0.077627	     -1.00	   4835.33	    438.46	      2.43	      2.14	      5.11	      4.49	60.45	 8.598e-04	     -0.41	Gaussian	0.000000	0.000000
764	0	  0.025764	  0.085829	     -1.00	   4928.55	   1124.88	      2.26	      2.08	      4.75	      4.37	55.15	 1.050e-03	     -0.41	Gaussian	0.000000	0.000000
765	0	  0.025922	  0.088035	     -1.00	   3808.14	   3247.56	      2.14	      2.14	      4.49	      4.49	12.67	 9.999e-04	     -0.41	Gaussian	0.000000	0.000000
766	0	  0.025895	  0.089113	     -1.00	   4364.72	   1482.97	      2.23	      2.03	      4.68	      4.26	72.38	 9.718e-04	     -0.41	Gaussian	0.000000	0.000000
767	0	  0.025502	  0.078648	     -1.00	    970.81	   1740.41	      2.35	      2.18	      4.93	      4.58	26.92	 1.001e-03	     -0.41	Gaussian	0.000000	0.000000
768	0	  0.025561	  0.077523	     -1.00	   1089.31	   2784.56	      2.27	      2.27	      4.78	      4.78	70.16	 9.346e-04	     -0.41	Gaussian	0.000000	0.000000
769	0	  0.025754	  0.060373	     -1.00	   2596.14	   1453.40	      2.96	      2.24	      6.21	      4.72	-53.57	 7.425e-04	     -0.41	Gaussian	0.000000	0.000000
770	0	  0.026184	  0.081407	     -1.00	   5795.87	    423.63	      2.42	      2.03	      5.08	      4.27	50.08	 1.416e-03	     -0.41	Gaussian	0.000000	0.000000
771	0	  0.025951	  0.090065	     -1.00	   3061.96	   3387.44	      2.10	      2.10	      4.42	      4.42	15.91	 1.043e-03	     -0.41	Gaussian	0.000000	0.000000
772	0	  0.025886	  0.086626	     -1.00	   2846.78	   1671.98	      2.22	      2.07	      4.67	      4.35	81.36	 9.261e-04	     -0.40	Gaussian	0.000000	0.000000
773	0	  0.025775	  0.047937	     -1.00	   1290.20	   3884.12	      3.49	      2.84	      7.33	      5.97	88.04	 2.179e-03	     -0.40	Gaussian	0.000000	0.000000
774	0	  0.025341	  0.077964	     -1.00	   5248.09	    372.95	      2.42	      2.11	      5.08	      4.43	56.71	 9.133e-04	     -0.40	Gaussian	0.000000	0.000000
775	0	  0.025855	  0.059249	     -1.00	   3239.51	   3539.32	      3.20	      2.93	      6.73	      6.16	84.72	 2.775e-03	     -0.40	Gaussian	0.000000	0.000000
776	0	  0.025774	  0.087154	     -1.00	   5044.83	   2779.49	      2.24	      2.03	      4.71	      4.27	68.20	 9.703e-04	     -0.40	Gaussian	0.000000	0.000000
777	0	  0.025139	  0.074119	     -1.00	   5851.45	    674.79	      2.52	      2.13	      5.29	      4.47	52.13	 9.004e-04	     -0.40	Gaussian	0.000000	0.000000
778	0	  0.025757	  0.043935	     -1.00	   4266.27	   2024.02	      4.17	      4.03	      8.76	      8.47	88.19	 4.183e-03	     -0.40	Gaussian	0.000000	0.000000
779	0	  0.026037	  0.086924	     -1.00	   2687.53	   2919.53	      2.24	      2.03	      4.72	      4.26	84.44	 8.550e-04	     -0.40	Gaussian	0.000000	0.000000
780	0	  0.025367	  0.035519	     -1.00	   1186.13	   2991.04	      3.96	      3.92	      8.33	      8.25	6.48	 2.832e-03	     -0.40	Gaussian	0.000000	0.000000
781	0	  0.025269	  0.078535	     -1.00	   6212.03	   1788.74	      2.42	      2.08	      5.08	      4.38	56.33	 9.680e-04	     -0.40	Gaussian	0.000000	0.000000
782	0	  0.025894	  0.081944	     -1.00	   2213.74	   4088.48	      2.27	      2.12	      4.78	      4.46	83.36	 8.725e-04	     -0.40	Gaussian	0.000000	0.000000
783	0	  0.025514	  0.059748	     -1.00	   5406.45	   3840.19	      3.11	      2.84	      6.54	      5.96	80.21	 2.042e-03	     -0.40	Gaussian	0.000000	0.000000
784	0	  0.025446	  0.074072	     -1.00	    993.03	   1368.70	      2.43	      2.19	      5.10	      4.61	25.09	 9.087e-04	     -0.40	Gaussian	0.000000	0.000000
785	0	  0.025735	  0.086341	     -1.00	   5540.85	   2211.95	      2.25	      2.02	      4.74	      4.25	61.25	 9.224e-04	     -0.40	Gaussian	0.000000	0.000000
786	0	  0.025775	  0.087480	     -1.00	   4064.93	    865.84	      2.22	      2.03	      4.67	      4.26	68.71	 9.205e-04	     -0.40	Gaussian	0.000000	0.000000
787	0	  0.025540	  0.073046	     -1.00	    626.03	   2059.47	      2.45	      2.20	      5.15	      4.63	13.44	 9.950e-04	     -0.40	Gaussian	0.000000	0.000000
788	0	  0.026026	  0.075031	     -1.00	   1168.71	   1329.86	      2.42	      2.17	      5.09	      4.56	30.51	 1.106e-03	     -0.40	Gaussian	0.000000	0.000000
789	0	  0.025743	  0.085022	     -1.00	   5231.72	   1987.72	      2.19	      2.10	      4.61	      4.41	73.85	 9.864e-04	     -0.40	Gaussian	0.000000	0.000000
790	0	  0.025794	  0.076779	     -1.00	   1354.10	   1271.56	      2.37	      2.15	      4.99	      4.51	34.96	 9.019e-04	     -0.40	Gaussian	0.000000	0.000000
791	0	  0.025671	  0.081128	     -1.00	   4524.57	   3798.05	      2.34	      2.06	      4.93	      4.32	71.31	 8.622e-04	     -0.40	Gaussian	0.000000	0.000000
792	0	  0.025694	  0.039623	     -1.00	   3646.17	   3335.08	      4.13	      3.68	      8.67	      7.73	10.06	 3.781e-03	     -0.40	Gaussian	0.000000	0.000000
793	0	  0.025574	  0.053262	     -1.00	   5905.75	   2572.18	      3.12	      3.10	      6.56	      6.52	79.62	 2.514e-03	     -0.40	Gaussian	0.000000	0.000000
794	0	  0.025937	  0.087475	     -1.00	   2569.45	   1563.96	      2.21	      2.02	      4.64	      4.24	69.57	 9.660e-04	     -0.40	Gaussian	0.000000	0.000000
795	0	  0.025683	  0.068541	     -1.00	    354.20	   2108.98	      2.38	      2.38	      5.01	      5.01	81.77	 1.139e-03	     -0.40	Gaussian	0.000000	0.000000
796	0	  0.025745	  0.077595	     -1.00	   1650.93	   1890.43	      2.37	      2.12	      4.97	      4.45	39.07	 9.199e-04	     -0.40	Gaussian	0.000000	0.000000
797	0	  0.025776	  0.077675	     -1.00	   1385.54	   1155.76	      2.24	      2.24	      4.70	      4.70	-52.42	 1.099e-03	     -0.40	Gaussian	0.000000	0.000000
798	0	  0.025424	  0.076960	     -1.00	   5829.41	   3557.93	      2.43	      2.07	      5.12	      4.36	62.91	 8.862e-04	     -0.40	Gaussian	0.000000	0.000000
799	0	  0.025221	  0.033022	     -1.00	   3116.28	   3427.18	      4.79	      2.55	     10.08	      5.37	83.49	 2.632e-03	     -0.40	Gaussian	0.000000	0.000000
800	0	  0.025926	  0.086767	     -1.00	   4723.93	   2613.53	      2.11	      2.11	      4.44	      4.44	6.60	 1.040e-03	     -0.40	Gaussian	0.000000	0.000000
801	0	  0.025886	  0.078823	     -1.00	   2691.56	   2905.79	      2.39	      2.04	      5.03	      4.29	89.67	 8.555e-04	     -0.39	Gaussian	0.000000	0.000000
802	0	  0.025633	  0.054146	     -1.00	   5494.68	   2145.85	      1.69	      1.55	      3.54	      3.26	76.09	 4.638e-03	     -0.39	Gaussian	0.000000	0.000000
803	0	  0.025979	  0.085954	     -1.00	   3840.26	   1880.71	      2.21	      2.03	      4.65	      4.26	79.71	 9.324e-04	     -0.39	Gaussian	0.000000	0.000000
804	0	  0.025774	  0.084861	     -1.00	   4519.05	   3316.62	      2.13	      2.13	      4.48	      4.47	6.83	 1.005e-03	     -0.39	Gaussian	0.000000	0.000000
805	0	  0.025050	  0.070907	     -1.00	   6045.36	   1143.69	      2.53	      2.14	      5.32	      4.49	57.74	 8.819e-04	     -0.39	Gaussian	0.000000	0.000000
806	0	  0.025378	  0.079800	     -1.00	   5755.47	   3082.25	      2.18	      2.16	      4.58	      4.54	14.43	 1.056e-03	     -0.39	Gaussian	0.000000	0.000000
807	0	  0.025834	  0.052704	     -1.00	   2027.70	   1609.82	      1.86	      1.74	      3.90	      3.66	77.86	 4.163e-03	     -0.39	Gaussian	0.000000	0.000000
808	0	  0.025685	  0.084882	     -1.00	   4995.18	   1592.60	      2.12	      2.12	      4.46	      4.45	20.39	 9.592e-04	     -0.39	Gaussian	0.000000	0.000000
809	0	  0.025801	  0.073379	     -1.00	   3379.04	   4159.20	      2.70	      2.68	      5.67	      5.62	34.27	 2.252e-03	     -0.39	Gaussian	0.000000	0.000000
810	0	  0.025500	  0.076021	     -1.00	   5181.61	   3447.77	      2.38	      2.11	      4.99	      4.43	64.84	 8.106e-04	     -0.39	Gaussian	0.000000	0.000000
811	0	  0.025899	  0.081460	     -1.00	   3119.51	   3550.51	      2.26	      2.06	      4.76	      4.33	80.51	 8.464e-04	     -0.39	Gaussian	0.000000	0.000000
812	0	  0.024904	  0.030944	     -1.00	    974.13	    327.05	      4.94	      2.62	     10.39	      5.50	9.78	 1.848e-03	     -0.39	Gaussian	0.000000	0.000000
813	0	  0.025633	  0.077833	     -1.00	   5372.62	   3796.06	      2.28	      2.13	      4.80	      4.48	66.41	 8.726e-04	     -0.39	Gaussian	0.000000	0.000000
814	0	  0.024930	  0.059097	     -1.00	   5741.77	     24.12	      3.36	      2.14	      7.06	      4.49	59.97	 1.396e-03	     -0.39	Gaussian	0.000000	0.000000
815	0	  0.025849	  0.081486	     -1.00	   3252.93	    593.80	      2.24	      2.07	      4.72	      4.35	62.10	 8.949e-04	     -0.39	Gaussian	0.000000	0.000000
816	0	  0.025557	  0.059460	     -1.00	   1713.26	    166.91	      1.91	      1.75	      4.01	      3.68	79.30	 3.547e-03	     -0.39	Gaussian	0.000000	0.000000
817	0	  0.026066	  0.084866	     -1.00	   3497.13	   2963.67	      2.10	      2.10	      4.42	      4.42	16.69	 1.193e-03	     -0.39	Gaussian	0.000000	0.000000
818	0	  0.025955	  0.084894	     -1.00	   2962.09	   1938.72	      2.10	      2.10	      4.42	      4.42	19.50	 1.023e-03	     -0.39	Gaussian	0.000000	0.000000
819	0	  0.025205	  0.067406	     -1.00	   5978.30	   1218.21	      2.14	      1.81	      4.50	      3.80	29.21	 1.965e-03	     -0.39	Gaussian	0.000000	0.000000
820	0	  0.025406	  0.063938	     -1.00	    777.59	   3609.53	      2.42	      2.42	      5.09	      5.08	65.45	 9.599e-04	     -0.38	Gaussian	0.000000	0.000000
821	0	  0.025929	  0.067245	     -1.00	   2652.27	    862.24	      2.66	      2.24	      5.60	      4.70	52.84	 1.234e-03	     -0.38	Gaussian	0.000000	0.000000
822	0	  0.025858	  0.079088	     -1.00	   3221.82	    645.69	      2.26	      2.09	      4.76	      4.39	65.79	 8.670e-04	     -0.38	Gaussian	0.000000	0.000000
823	0	  0.025343	  0.049728	     -1.00	    439.31	    165.64	      1.92	      1.83	      4.03	      3.84	83.41	 3.119e-03	     -0.38	Gaussian	0.000000	0.000000
824	0	  0.025827	  0.082723	     -1.00	   1897.29	   2169.90	      2.18	      2.07	      4.58	      4.35	64.23	 9.069e-04	     -0.38	Gaussian	0.000000	0.000000
825	0	  0.026096	  0.061912	     -1.00	   1333.28	   1266.81	      1.94	      1.76	      4.09	      3.69	81.53	 3.636e-03	     -0.38	Gaussian	0.000000	0.000000
826	0	  0.024926	  0.031342	     -1.00	   4936.17	   1497.28	      4.79	      2.57	     10.08	      5.40	62.06	 2.499e-03	     -0.38	Gaussian	0.000000	0.000000
827	0	  0.025426	  0.065953	     -1.00	   4797.31	    425.19	      2.94	      2.63	      6.19	      5.54	33.29	 1.980e-03	     -0.38	Gaussian	0.000000	0.000000
828	0	  0.026845	  0.085672	     -1.00	   2266.58	   2094.91	      2.10	      2.07	      4.41	      4.34	56.99	 3.836e-03	     -0.38	Gaussian	0.000000	0.000000
829	0	  0.025339	  0.055923	     -1.00	    620.45	     39.58	      2.77	      2.40	      5.82	      5.04	15.21	 1.068e-03	     -0.38	Gaussian	0.000000	0.000000
830	0	  0.026203	  0.081752	     -1.00	   2643.98	   1076.50	      2.14	      2.12	      4.49	      4.46	35.54	 9.468e-04	     -0.38	Gaussian	0.000000	0.000000
831	0	  0.025428	  0.073392	     -1.00	   5102.88	    224.80	      2.25	      2.25	      4.72	      4.72	-33.44	 9.952e-04	     -0.38	Gaussian	0.000000	0.000000
832	0	  0.025376	  0.066468	     -1.00	    277.91	   2956.18	      2.44	      2.28	      5.12	      4.79	10.24	 9.160e-04	     -0.38	Gaussian	0.000000	0.000000
833	0	  0.025731	  0.055269	     -1.00	   3284.20	    863.27	      2.88	      2.69	      6.05	      5.66	5.01	 2.009e-03	     -0.38	Gaussian	0.000000	0.000000
834	0	  0.025968	  0.070361	     -1.00	   3801.39	   2294.18	      1.78	      1.63	      3.74	      3.43	76.17	 2.668e-03	     -0.38	Gaussian	0.000000	0.000000
835	0	  0.025427	  0.042464	     -1.00	   5749.98	   2175.76	      1.65	      1.61	      3.46	      3.39	71.69	 4.810e-03	     -0.38	Gaussian	0.000000	0.000000
836	0	  0.025370	  0.065957	     -1.00	    417.63	   2418.72	      2.43	      2.30	      5.10	      4.83	3.49	 8.998e-04	     -0.38	Gaussian	0.000000	0.000000
837	0	  0.025882	  0.081677	     -1.00	   3742.10	    866.91	      2.21	      2.04	      4.64	      4.28	71.80	 8.648e-04	     -0.38	Gaussian	0.000000	0.000000
838	0	  0.026025	  0.077116	     -1.00	   3312.91	   3595.50	      2.23	      2.14	      4.69	      4.49	-84.28	 1.066e-03	     -0.38	Gaussian	0.000000	0.000000
839	0	  0.025952	  0.071342	     -1.00	   1730.18	   1203.06	      2.73	      2.64	      5.74	      5.54	52.59	 2.150e-03	     -0.38	Gaussian	0.000000	0.000000
840	0	  0.025911	  0.085144	     -1.00	   2679.50	   2978.95	      2.08	      2.07	      4.36	      4.36	20.92	 9.795e-04	     -0.38	Gaussian	0.000000	0.000000
841	0	  0.026021	  0.073436	     -1.00	   3434.82	   3050.20	      3.14	      2.86	      6.60	      6.02	-75.61	 3.311e-03	     -0.38	Gaussian	0.000000	0.000000
842	0	  0.025554	  0.080530	     -1.00	   5629.94	   1847.30	      2.28	      2.00	      4.78	      4.20	56.82	 9.515e-04	     -0.38	Gaussian	0.000000	0.000000
843	0	  0.026945	  0.080452	     -1.00	   3325.82	   1669.40	      2.52	      2.16	      5.29	      4.55	56.70	 4.216e-03	     -0.38	Gaussian	0.000000	0.000000
844	0	  0.025713	  0.050861	     -1.00	   2647.91	   2033.15	      3.48	      2.91	      7.30	      6.11	33.29	 2.884e-03	     -0.37	Gaussian	0.000000	0.000000
845	0	  0.025973	  0.071815	     -1.00	   3507.72	   1856.49	      2.33	      2.17	      4.89	      4.57	-82.82	 8.009e-04	     -0.37	Gaussian	0.000000	0.000000
846	0	  0.025608	  0.076475	     -1.00	   4294.60	   3970.02	      2.31	      2.05	      4.85	      4.31	71.78	 7.704e-04	     -0.37	Gaussian	0.000000	0.000000
847	0	  0.026137	  0.079813	     -1.00	   4527.89	   1589.28	      1.57	      1.32	      3.30	      2.77	51.99	 4.509e-03	     -0.37	Gaussian	0.000000	0.000000
848	0	  0.025300	  0.063679	     -1.00	    645.37	   1077.79	      2.38	      2.38	      5.00	      5.00	-86.53	 9.574e-04	     -0.37	Gaussian	0.000000	0.000000
849	0	  0.025956	  0.074881	     -1.00	   2582.51	   1633.86	      2.30	      2.09	      4.84	      4.38	64.49	 1.210e-03	     -0.37	Gaussian	0.000000	0.000000
850	0	  0.025708	  0.051852	     -1.00	   1493.66	   2120.18	      3.00	      2.96	      6.30	      6.23	83.89	 2.088e-03	     -0.37	Gaussian	0.000000	0.000000
851	0	  0.025933	  0.078819	     -1.00	   2190.97	   2217.40	      2.17	      2.09	      4.57	      4.39	84.73	 8.944e-04	     -0.37	Gaussian	0.000000	0.000000
852	0	  0.025852	  0.058110	     -1.00	   2763.20	   1152.58	      2.77	      2.70	      5.83	      5.67	10.30	 1.762e-03	     -0.37	Gaussian	0.000000	0.000000
853	0	  0.025733	  0.038933	     -1.00	   1096.94	   3137.72	      1.92	      1.91	      4.03	      4.01	78.71	 4.104e-03	     -0.37	Gaussian	0.000000	0.000000
854	0	  0.025857	  0.074646	     -1.00	   3227.75	   3785.45	      2.28	      2.10	      4.79	      4.41	86.45	 8.144e-04	     -0.37	Gaussian	0.000000	0.000000
855	0	  0.025685	  0.065615	     -1.00	   2744.16	    385.47	      2.85	      2.68	      5.99	      5.63	-39.54	 2.107e-03	     -0.37	Gaussian	0.000000	0.000000
856	0	  0.025967	  0.079474	     -1.00	   3835.87	   1980.56	      2.15	      2.09	      4.52	      4.39	58.64	 8.750e-04	     -0.37	Gaussian	0.000000	0.000000
857	0	  0.025809	  0.077480	     -1.00	   2566.11	    540.93	      2.25	      2.05	      4.73	      4.31	52.08	 9.182e-04	     -0.37	Gaussian	0.000000	0.000000
858	0	  0.025231	  0.044715	     -1.00	    228.49	   1964.65	      1.80	      1.74	      3.79	      3.66	82.19	 3.282e-03	     -0.37	Gaussian	0.000000	0.000000
859	0	  0.025916	  0.078754	     -1.00	   3165.26	   2246.00	      2.25	      2.01	      4.72	      4.23	86.21	 8.208e-04	     -0.37	Gaussian	0.000000	0.000000
860	0	  0.025768	  0.070216	     -1.00	   1352.90	   1284.00	      2.35	      2.15	      4.94	      4.52	31.84	 9.489e-04	     -0.37	Gaussian	0.000000	0.000000
861	0	  0.025626	  0.076397	     -1.00	   3104.94	    219.73	      2.26	      2.06	      4.75	      4.32	52.45	 8.638e-04	     -0.37	Gaussian	0.000000	0.000000
862	0	  0.025742	  0.074885	     -1.00	   4513.78	   1774.59	      2.27	      2.08	      4.76	      4.38	76.71	 8.777e-04	     -0.37	Gaussian	0.000000	0.000000
863	0	  0.024989	  0.026411	     -1.00	   1631.30	   2356.22	      4.64	      2.90	      9.75	      6.10	78.28	 2.197e-03	     -0.37	Gaussian	0.000000	0.000000
864	0	  0.025965	  0.078940	     -1.00	   2917.99	   2511.32	      2.20	      2.03	      4.63	      4.28	-89.61	 8.751e-04	     -0.37	Gaussian	0.000000	0.000000
865	0	  0.024971	  0.030401	     -1.00	   1821.37	   3473.19	      4.14	      2.94	      8.71	      6.19	87.95	 2.047e-03	     -0.37	Gaussian	0.000000	0.000000
866	0	  0.025679	  0.061363	     -1.00	    901.55	   3927.99	      2.44	      2.35	      5.13	      4.95	2.47	 9.692e-04	     -0.37	Gaussian	0.000000	0.000000
867	0	  0.025457	  0.048914	     -1.00	   1198.37	    100.18	      2.88	      2.82	      6.04	      5.92	83.83	 1.410e-03	     -0.37	Gaussian	0.000000	0.000000
868	0	  0.025350	  0.070170	     -1.00	   5669.81	    788.70	      2.40	      2.09	      5.05	      4.40	50.38	 8.130e-04	     -0.37	Gaussian	0.000000	0.000000
869	0	  0.025714	  0.065163	     -1.00	   1147.78	   3888.58	      2.33	      2.33	      4.89	      4.89	-36.83	 8.855e-04	     -0.37	Gaussian	0.000000	0.000000
870	0	  0.025719	  0.053056	     -1.00	   1818.63	   1138.22	      2.98	      2.92	      6.25	      6.13	79.13	 2.084e-03	     -0.37	Gaussian	0.000000	0.000000
871	0	  0.025050	  0.069468	     -1.00	   6000.56	    746.05	      2.46	      2.06	      5.17	      4.33	54.30	 8.484e-04	     -0.36	Gaussian	0.000000	0.000000
872	0	  0.025762	  0.062611	     -1.00	   2590.30	    671.26	      1.98	      1.59	      4.17	      3.34	51.05	 2.660e-03	     -0.36	Gaussian	0.000000	0.000000
873	0	  0.025725	  0.074401	     -1.00	   4857.82	   3906.39	      2.32	      2.04	      4.89	      4.28	66.74	 8.410e-04	     -0.36	Gaussian	0.000000	0.000000
874	0	  0.025412	  0.065532	     -1.00	   5493.40	   2697.14	      2.71	      2.50	      5.70	      5.26	23.83	 1.444e-03	     -0.36	Gaussian	0.000000	0.000000
875	0	  0.025331	  0.057594	     -1.00	    423.84	   3742.35	      2.56	      2.38	      5.39	      5.00	21.69	 8.923e-04	     -0.36	Gaussian	0.000000	0.000000
876	0	  0.025387	  0.065354	     -1.00	   1003.14	   1200.76	      2.47	      2.18	      5.19	      4.58	25.88	 8.737e-04	     -0.36	Gaussian	0.000000	0.000000
877	0	  0.025480	  0.064153	     -1.00	    613.43	   2500.50	      2.34	      2.34	      4.92	      4.92	60.68	 9.214e-04	     -0.36	Gaussian	0.000000	0.000000
878	0	  0.025919	  0.069692	     -1.00	   2334.93	   1397.40	      2.30	      2.19	      4.84	      4.60	72.72	 8.202e-04	     -0.36	Gaussian	0.000000	0.000000
879	0	  0.025801	  0.078587	     -1.00	   2409.25	   3320.84	      2.22	      2.01	      4.66	      4.22	87.50	 8.056e-04	     -0.36	Gaussian	0.000000	0.000000
880	0	  0.025916	  0.071785	     -1.00	   2321.92	   4255.50	      2.21	      2.21	      4.64	      4.64	-9.94	 9.281e-04	     -0.36	Gaussian	0.000000	0.000000
881	0	  0.025381	  0.038773	     -1.00	    667.03	   1599.16	      3.41	      3.03	      7.18	      6.36	81.90	 1.642e-03	     -0.36	Gaussian	0.000000	0.000000
882	0	  0.025766	  0.063989	     -1.00	   4725.25	   1107.03	      2.71	      2.50	      5.69	      5.25	80.25	 1.871e-03	     -0.36	Gaussian	0.000000	0.000000
883	0	  0.025731	  0.066538	     -1.00	   1518.92	   3951.49	      2.30	      2.26	      4.84	      4.75	-71.21	 8.517e-04	     -0.36	Gaussian	0.000000	0.000000
884	0	  0.025881	  0.075936	     -1.00	   2769.56	   2350.53	      2.23	      2.04	      4.70	      4.29	-88.76	 8.187e-04	     -0.36	Gaussian	0.000000	0.000000
885	0	  0.025824	  0.040227	     -1.00	   2458.99	   2472.15	      3.28	      3.06	      6.89	      6.43	79.00	 2.551e-03	     -0.36	Gaussian	0.000000	0.000000
886	0	  0.024911	  0.059016	     -1.00	   6368.15	   1271.07	      2.94	      2.68	      6.18	      5.63	59.41	 1.605e-03	     -0.36	Gaussian	0.000000	0.000000
887	0	  0.025824	  0.055409	     -1.00	   3882.60	   2934.70	      1.94	      1.77	      4.07	      3.72	81.29	 3.408e-03	     -0.36	Gaussian	0.000000	0.000000
888	0	  0.025775	  0.071827	     -1.00	   4281.70	   2743.70	      2.30	      2.10	      4.83	      4.41	85.82	 7.624e-04	     -0.36	Gaussian	0.000000	0.000000
889	0	  0.025530	  0.031049	     -1.00	   2025.92	    633.48	      4.48	      4.47	      9.41	      9.40	4.85	 4.021e-03	     -0.36	Gaussian	0.000000	0.000000
890	0	  0.025190	  0.047706	     -1.00	    270.20	   2270.58	      1.65	      1.52	      3.47	      3.20	5.19	 3.239e-03	     -0.36	Gaussian	0.000000	0.000000
891	0	  0.025594	  0.075274	     -1.00	   4897.98	   1458.25	      1.88	      1.77	      3.95	      3.72	74.06	 1.790e-03	     -0.36	Gaussian	0.000000	0.000000
892	0	  0.025407	  0.062021	     -1.00	    469.88	   2349.39	      2.36	      2.36	      4.96	      4.96	60.32	 9.646e-04	     -0.36	Gaussian	0.000000	0.000000
893	0	  0.025839	  0.077576	     -1.00	   3306.33	   3707.95	      2.22	      2.00	      4.66	      4.20	89.63	 8.154e-04	     -0.36	Gaussian	0.000000	0.000000
894	0	  0.025474	  0.075349	     -1.00	   5075.29	    990.97	      2.26	      2.02	      4.74	      4.25	61.61	 8.228e-04	     -0.36	Gaussian	0.000000	0.000000
895	0	  0.025659	  0.068019	     -1.00	   1422.67	   3442.77	      2.25	      2.24	      4.73	      4.71	-15.04	 8.782e-04	     -0.36	Gaussian	0.000000	0.000000
896	0	  0.025188	  0.054972	     -1.00	    319.76	    466.84	      2.67	      2.34	      5.61	      4.92	18.09	 9.282e-04	     -0.36	Gaussian	0.000000	0.000000
897	0	  0.025681	  0.077581	     -1.00	   3930.90	    709.96	      2.19	      2.02	      4.60	      4.25	69.16	 8.477e-04	     -0.36	Gaussian	0.000000	0.000000
898	0	  0.025606	  0.054396	     -1.00	   5058.44	    736.96	      1.84	      1.66	      3.88	      3.49	79.00	 3.879e-03	     -0.36	Gaussian	0.000000	0.000000
899	0	  0.025569	  0.068072	     -1.00	   2418.12	     83.80	      2.40	      2.09	      5.05	      4.40	45.57	 9.161e-04	     -0.36	Gaussian	0.000000	0.000000
900	0	  0.025897	  0.076183	     -1.00	   3187.89	    902.71	      2.21	      2.03	      4.64	      4.27	70.85	 7.746e-04	     -0.36	Gaussian	0.000000	0.000000
901	0	  0.025650	  0.061349	     -1.00	    656.99	   2116.96	      2.50	      2.23	      5.25	      4.69	16.86	 9.666e-04	     -0.36	Gaussian	0.000000	0.000000
902	0	  0.029282	  0.063967	     -1.00	   3291.37	   2010.50	      3.54	      3.40	      7.44	      7.15	2.67	 6.041e-03	     -0.35	Gaussian	0.000000	0.000000
903	0	  0.025483	  0.068706	     -1.00	   4929.66	    468.54	      2.35	      2.11	      4.94	      4.44	49.66	 8.011e-04	     -0.35	Gaussian	0.000000	0.000000
904	0	  0.025551	  0.057144	     -1.00	    443.84	   1034.47	      2.53	      2.35	      5.32	      4.94	24.96	 1.314e-03	     -0.35	Gaussian	0.000000	0.000000
905	0	  0.025808	  0.069600	     -1.00	   1668.14	   1302.86	      2.29	      2.13	      4.82	      4.47	47.75	 8.557e-04	     -0.35	Gaussian	0.000000	0.000000
906	0	  0.025831	  0.076404	     -1.00	   4421.90	   2797.38	      2.21	      2.01	      4.64	      4.23	73.80	 8.120e-04	     -0.35	Gaussian	0.000000	0.000000
907	0	  0.025317	  0.061687	     -1.00	   1276.80	    219.63	      2.52	      2.18	      5.31	      4.59	25.45	 8.691e-04	     -0.35	Gaussian	0.000000	0.000000
908	0	  0.025265	  0.061677	     -1.00	    311.78	   2220.99	      2.40	      2.29	      5.05	      4.82	13.22	 8.436e-04	     -0.35	Gaussian	0.000000	0.000000
909	0	  0.025681	  0.048866	     -1.00	   4136.35	   2301.21	      3.43	      3.36	      7.22	      7.06	6.20	 2.821e-03	     -0.35	Gaussian	0.000000	0.000000
910	0	  0.025339	  0.041130	     -1.00	    782.32	    620.08	      1.68	      1.24	      3.52	      2.61	84.04	 4.071e-03	     -0.35	Gaussian	0.000000	0.000000
911	0	  0.025298	  0.060960	     -1.00	   1058.73	    344.64	      2.36	      2.35	      4.97	      4.93	-83.06	 9.002e-04	     -0.35	Gaussian	0.000000	0.000000
912	0	  0.025996	  0.071904	     -1.00	   2859.86	    487.80	      2.31	      2.04	      4.85	      4.28	60.11	 1.204e-03	     -0.35	Gaussian	0.000000	0.000000
913	0	  0.025830	  0.039279	     -1.00	   3712.20	   3302.25	      3.79	      3.65	      7.97	      7.67	3.30	 3.742e-03	     -0.35	Gaussian	0.000000	0.000000
914	0	  0.025637	  0.066762	     -1.00	   2783.57	    331.55	      2.38	      2.13	      5.00	      4.47	54.43	 7.976e-04	     -0.35	Gaussian	0.000000	0.000000
915	0	  0.025651	  0.054365	     -1.00	   2533.97	   1941.22	      2.89	      2.14	      6.07	      4.51	85.89	 5.982e-04	     -0.35	Gaussian	0.000000	0.000000
916	0	  0.025442	  0.061588	     -1.00	   1094.68	    748.02	      2.51	      2.18	      5.28	      4.58	28.34	 8.728e-04	     -0.35	Gaussian	0.000000	0.000000
917	0	  0.025857	  0.072763	     -1.00	   2575.89	    930.00	      2.23	      2.07	      4.68	      4.36	61.24	 8.063e-04	     -0.35	Gaussian	0.000000	0.000000
918	0	  0.026662	  0.072159	     -1.00	   3091.62	   1919.53	      2.25	      2.06	      4.73	      4.34	86.76	 8.514e-04	     -0.35	Gaussian	0.000000	0.000000
919	0	  0.025843	  0.045037	     -1.00	   2439.53	   1473.51	      1.56	      1.39	      3.28	      2.92	7.83	 4.618e-03	     -0.35	Gaussian	0.000000	0.000000
920	0	  0.025560	  0.072038	     -1.00	   4412.95	    490.50	      2.26	      2.06	      4.75	      4.32	62.76	 7.451e-04	     -0.35	Gaussian	0.000000	0.000000
921	0	  0.025356	  0.057112	     -1.00	   1259.30	    467.55	      2.63	      2.22	      5.54	      4.66	29.92	 8.194e-04	     -0.35	Gaussian	0.000000	0.000000
922	0	  0.025682	  0.046059	     -1.00	   2513.47	     97.09	      1.68	      1.44	      3.54	      3.02	81.42	 4.020e-03	     -0.35	Gaussian	0.000000	0.000000
923	0	  0.025742	  0.071201	     -1.00	   3569.46	   3749.75	      2.25	      2.08	      4.74	      4.38	80.19	 7.840e-04	     -0.35	Gaussian	0.000000	0.000000
924	0	  0.025362	  0.034522	     -1.00	    656.90	   3914.61	      1.66	      1.65	      3.48	      3.47	79.31	 3.634e-03	     -0.35	Gaussian	0.000000	0.000000
925	0	  0.025175	  0.053680	     -1.00	    105.72	   1889.58	      2.49	      2.49	      5.24	      5.23	-24.31	 8.786e-04	     -0.35	Gaussian	0.000000	0.000000
926	0	  0.025053	  0.040133	     -1.00	   5770.22	    782.86	      3.35	      3.26	      7.05	      6.84	14.95	 2.014e-03	     -0.35	Gaussian	0.000000	0.000000
927	0	  0.025001	  0.058220	     -1.00	   6020.55	    469.15	      2.20	      1.91	      4.61	      4.00	72.29	 1.511e-03	     -0.35	Gaussian	0.000000	0.000000
928	0	  0.025124	  0.058396	     -1.00	    179.25	   1889.69	      2.42	      2.36	      5.08	      4.95	36.41	 8.851e-04	     -0.35	Gaussian	0.000000	0.000000
929	0	  0.025918	  0.071791	     -1.00	   3496.69	   2677.89	      2.25	      2.06	      4.72	      4.33	-86.57	 8.170e-04	     -0.35	Gaussian	0.000000	0.000000
930	0	  0.025738	  0.075532	     -1.00	   3541.98	    452.02	      2.19	      2.01	      4.60	      4.23	56.73	 7.984e-04	     -0.35	Gaussian	0.000000	0.000000
931	0	  0.025952	  0.073923	     -1.00	   3094.91	   3624.41	      2.22	      2.02	      4.66	      4.25	86.64	 8.547e-04	     -0.35	Gaussian	0.000000	0.000000
932	0	  0.025763	  0.072605	     -1.00	   3875.89	   2084.00	      2.23	      2.04	      4.69	      4.29	88.25	 8.479e-04	     -0.35	Gaussian	0.000000	0.000000
933	0	  0.024522	  0.029311	     -1.00	   6307.18	   1914.24	      4.51	      2.57	      9.48	      5.41	45.18	 1.660e-03	     -0.35	Gaussian	0.000000	0.000000
934	0	  0.025816	  0.070276	     -1.00	   2167.94	   1031.55	      2.21	      2.13	      4.64	      4.49	32.88	 8.222e-04	     -0.35	Gaussian	0.000000	0.000000
935	0	  0.025428	  0.063653	     -1.00	   4662.45	     76.68	      2.41	      2.16	      5.06	      4.54	49.91	 8.012e-04	     -0.35	Gaussian	0.000000	0.000000
936	0	  0.025479	  0.065253	     -1.00	   1560.98	   3651.81	      2.25	      2.25	      4.73	      4.73	-71.19	 7.888e-04	     -0.35	Gaussian	0.000000	0.000000
937	0	  0.026046	  0.082551	     -1.00	   3707.00	   2772.44	      1.54	      1.51	      3.23	      3.16	-0.75	 2.854e-03	     -0.35	Gaussian	0.000000	0.000000
938	0	  0.025803	  0.073745	     -1.00	   2609.21	   2038.96	      2.23	      2.01	      4.68	      4.22	88.55	 8.156e-04	     -0.35	Gaussian	0.000000	0.000000
939	0	  0.026009	  0.063990	     -1.00	   4477.47	   2385.26	      2.45	      2.17	      5.14	      4.56	44.49	 1.232e-03	     -0.35	Gaussian	0.000000	0.000000
940	0	  0.024863	  0.033550	     -1.00	   6356.36	   3863.24	      3.89	      2.51	      8.18	      5.27	25.59	 1.018e-03	     -0.34	Gaussian	0.000000	0.000000
941	0	  0.025165	  0.027007	     -1.00	   4044.35	   1690.11	      4.60	      2.66	      9.67	      5.60	85.42	 2.033e-03	     -0.34	Gaussian	0.000000	0.000000
942	0	  0.025762	  0.045639	     -1.00	   2766.34	   2691.56	      3.20	      3.12	      6.73	      6.56	7.53	 2.315e-03	     -0.34	Gaussian	0.000000	0.000000
943	0	  0.025691	  0.040141	     -1.00	   1322.23	   4106.01	      4.00	      3.36	      8.41	      7.07	89.13	 2.735e-03	     -0.34	Gaussian	0.000000	0.000000
944	0	  0.025249	  0.026368	     -1.00	   2873.34	   2215.00	      4.73	      2.71	      9.94	      5.71	15.27	 2.292e-03	     -0.34	Gaussian	0.000000	0.000000
945	0	  0.025196	  0.056730	     -1.00	    451.64	    764.01	      2.56	      2.24	      5.38	      4.70	25.77	 8.928e-04	     -0.34	Gaussian	0.000000	0.000000
946	0	  0.025551	  0.052515	     -1.00	    114.83	    401.70	      2.64	      2.34	      5.56	      4.92	5.46	 1.902e-03	     -0.34	Gaussian	0.000000	0.000000
947	0	  0.025804	  0.070363	     -1.00	   2325.47	   1592.50	      2.23	      2.07	      4.69	      4.35	82.54	 7.899e-04	     -0.34	Gaussian	0.000000	0.000000
948	0	  0.026319	  0.075475	     -1.00	   4454.95	   2138.64	      2.17	      1.99	      4.56	      4.17	76.40	 2.120e-03	     -0.34	Gaussian	0.000000	0.000000
949	0	  0.025720	  0.069186	     -1.00	   2325.79	   3761.47	      2.25	      2.09	      4.72	      4.39	87.41	 7.187e-04	     -0.34	Gaussian	0.000000	0.000000
950	0	  0.025458	  0.066692	     -1.00	   5541.63	   3410.55	      2.36	      2.06	      4.95	      4.34	63.00	 7.712e-04	     -0.34	Gaussian	0.000000	0.000000
951	0	  0.025639	  0.054127	     -1.00	   3695.23	   4035.29	      2.94	      2.18	      6.19	      4.57	64.00	 1.446e-03	     -0.34	Gaussian	0.000000	0.000000
952	0	  0.025699	  0.067103	     -1.00	   2856.81	    421.73	      2.30	      2.10	      4.83	      4.42	55.97	 7.950e-04	     -0.34	Gaussian	0.000000	0.000000
953	0	  0.024980	  0.049766	     -1.00	   6368.51	   1247.38	      2.18	      2.00	      4.57	      4.21	78.09	 1.978e-03	     -0.34	Gaussian	0.000000	0.000000
954	0	  0.026137	  0.040183	     -1.00	    851.39	    969.17	      1.77	      1.45	      3.71	      3.04	83.20	 4.639e-03	     -0.34	Gaussian	0.000000	0.000000
955	0	  0.025690	  0.034877	     -1.00	   3685.09	   2933.72	      1.81	      1.80	      3.81	      3.79	75.82	 4.047e-03	     -0.34	Gaussian	0.000000	0.000000
956	0	  0.025635	  0.038019	     -1.00	   4499.10	   3911.58	      1.89	      1.88	      3.97	      3.94	73.82	 3.870e-03	     -0.34	Gaussian	0.000000	0.000000
957	0	  0.025995	  0.069532	     -1.00	   3229.75	   2215.88	      2.26	      2.05	      4.76	      4.30	-89.67	 8.490e-04	     -0.34	Gaussian	0.000000	0.000000
958	0	  0.025737	  0.048439	     -1.00	   3394.51	   2819.56	      3.17	      3.05	      6.65	      6.41	5.14	 2.585e-03	     -0.34	Gaussian	0.000000	0.000000
959	0	  0.025733	  0.073481	     -1.00	   3667.10	    976.88	      2.17	      2.02	      4.57	      4.24	73.66	 7.742e-04	     -0.34	Gaussian	0.000000	0.000000
960	0	  0.025519	  0.064430	     -1.00	   1170.61	   2207.49	      2.29	      2.18	      4.82	      4.58	37.27	 8.109e-04	     -0.34	Gaussian	0.000000	0.000000
961	0	  0.025973	  0.070335	     -1.00	   3144.30	   2434.53	      2.24	      2.04	      4.71	      4.29	87.69	 7.871e-04	     -0.34	Gaussian	0.000000	0.000000
962	0	  0.025670	  0.041180	     -1.00	   1842.27	   4025.14	      3.26	      2.63	      6.86	      5.54	88.19	 1.810e-03	     -0.34	Gaussian	0.000000	0.000000
963	0	  0.025734	  0.049681	     -1.00	   2600.64	   2308.21	      2.76	      2.67	      5.79	      5.62	83.62	 1.518e-03	     -0.34	Gaussian	0.000000	0.000000
964	0	  0.025420	  0.052414	     -1.00	   5315.21	    407.44	      3.62	      3.55	      7.60	      7.47	10.43	 3.730e-03	     -0.34	Gaussian	0.000000	0.000000
965	0	  0.025841	  0.051403	     -1.00	   1512.46	   2234.24	      2.91	      2.75	      6.11	      5.77	80.71	 1.687e-03	     -0.34	Gaussian	0.000000	0.000000
966	0	  0.025898	  0.036639	     -1.00	   2187.25	   3284.02	      4.36	      4.24	      9.17	      8.91	89.05	 4.273e-03	     -0.34	Gaussian	0.000000	0.000000
967	0	  0.025751	  0.037811	     -1.00	   2362.02	   3952.74	      1.72	      1.68	      3.61	      3.53	77.40	 4.123e-03	     -0.34	Gaussian	0.000000	0.000000
968	0	  0.025695	  0.068690	     -1.00	   1638.03	   1977.54	      2.16	      2.16	      4.54	      4.54	4.02	 8.125e-04	     -0.34	Gaussian	0.000000	0.000000
969	0	  0.025546	  0.028463	     -1.00	   2376.55	   1734.03	      4.75	      4.75	      9.99	      9.99	86.71	 4.048e-03	     -0.34	Gaussian	0.000000	0.000000
970	0	  0.025887	  0.072933	     -1.00	   3019.51	   1823.07	      2.20	      2.00	      4.63	      4.20	-87.37	 7.818e-04	     -0.34	Gaussian	0.000000	0.000000
971	0	  0.025043	  0.046692	     -1.00	    460.70	    457.63	      2.62	      2.61	      5.51	      5.49	79.51	 9.022e-04	     -0.34	Gaussian	0.000000	0.000000
972	0	  0.025367	  0.052273	     -1.00	     56.51	   3245.05	      2.47	      2.47	      5.19	      5.19	87.14	 8.905e-04	     -0.34	Gaussian	0.000000	0.000000
973	0	  0.025684	  0.057817	     -1.00	   1679.40	   2201.22	      2.55	      2.25	      5.36	      4.72	44.34	 9.228e-04	     -0.33	Gaussian	0.000000	0.000000
974	0	  0.025236	  0.039219	     -1.00	   5159.12	   1981.21	      3.48	      2.77	      7.31	      5.83	78.83	 1.935e-03	     -0.33	Gaussian	0.000000	0.000000
975	0	  0.025335	  0.049477	     -1.00	   5385.21	   3306.62	      2.90	      2.85	      6.10	      5.98	10.44	 1.769e-03	     -0.33	Gaussian	0.000000	0.000000
976	0	  0.025195	  0.039528	     -1.00	   5198.57	    930.11	      3.55	      3.28	      7.46	      6.88	83.11	 1.910e-03	     -0.33	Gaussian	0.000000	0.000000
977	0	  0.025910	  0.070332	     -1.00	   3876.09	   2978.62	      2.12	      2.12	      4.45	      4.45	-0.35	 1.014e-03	     -0.33	Gaussian	0.000000	0.000000
978	0	  0.025922	  0.069315	     -1.00	   2194.89	   3339.78	      2.20	      2.07	      4.62	      4.35	82.72	 7.752e-04	     -0.33	Gaussian	0.000000	0.000000
979	0	  0.025638	  0.061852	     -1.00	   5065.50	   3576.63	      2.42	      2.11	      5.09	      4.43	62.77	 7.011e-04	     -0.33	Gaussian	0.000000	0.000000
980	0	  0.025255	  0.064350	     -1.00	   6064.25	   1637.87	      2.36	      2.07	      4.96	      4.35	50.75	 7.284e-04	     -0.33	Gaussian	0.000000	0.000000
981	0	  0.025731	  0.069696	     -1.00	   4044.88	   3339.51	      2.21	      2.05	      4.64	      4.30	71.71	 7.713e-04	     -0.33	Gaussian	0.000000	0.000000
982	0	  0.025118	  0.056396	     -1.00	    280.78	   1819.61	      2.47	      2.25	      5.20	      4.74	20.50	 8.451e-04	     -0.33	Gaussian	0.000000	0.000000
983	0	  0.026473	  0.071231	     -1.00	   4367.28	   1885.96	      2.17	      2.03	      4.56	      4.27	76.54	 3.433e-03	     -0.33	Gaussian	0.000000	0.000000
984	0	  0.025963	  0.055236	     -1.00	   1462.38	   3796.15	      1.80	      1.65	      3.79	      3.47	82.98	 2.623e-03	     -0.33	Gaussian	0.000000	0.000000
985	0	  0.025549	  0.058655	     -1.00	   1302.55	    652.11	      2.64	      2.63	      5.54	      5.52	-72.73	 1.504e-03	     -0.33	Gaussian	0.000000	0.000000
986	0	  0.025133	  0.045233	     -1.00	   6122.49	   2287.98	      1.78	      1.55	      3.74	      3.26	82.45	 3.130e-03	     -0.33	Gaussian	0.000000	0.000000
987	0	  0.025693	  0.066493	     -1.00	   3159.80	    625.49	      2.23	      2.11	      4.68	      4.44	62.05	 7.347e-04	     -0.33	Gaussian	0.000000	0.000000
988	0	  0.025698	  0.037950	     -1.00	   2994.87	   1317.18	      3.41	      3.40	      7.16	      7.15	83.47	 2.493e-03	     -0.33	Gaussian	0.000000	0.000000
989	0	  0.025495	  0.065891	     -1.00	   5590.06	   2262.52	      2.18	      2.18	      4.57	      4.57	7.35	 9.038e-04	     -0.33	Gaussian	0.000000	0.000000
990	0	  0.025240	  0.053196	     -1.00	    829.26	    450.80	      2.44	      2.40	      5.13	      5.05	40.02	 8.601e-04	     -0.33	Gaussian	0.000000	0.000000
991	0	  0.026019	  0.032407	     -1.00	   3526.00	   2414.37	      4.75	      4.74	      9.97	      9.96	1.67	 4.702e-03	     -0.33	Gaussian	0.000000	0.000000
992	0	  0.025456	  0.045020	     -1.00	   5402.42	   2295.59	      3.01	      2.89	      6.32	      6.07	10.14	 2.038e-03	     -0.33	Gaussian	0.000000	0.000000
993	0	  0.025104	  0.054203	     -1.00	    301.32	   1886.81	      2.40	      2.40	      5.04	      5.03	-79.55	 8.503e-04	     -0.33	Gaussian	0.000000	0.000000
994	0	  0.028221	  0.070814	     -1.00	   3334.09	   2350.55	      2.10	      2.10	      4.40	      4.40	4.89	 2.248e-03	     -0.33	Gaussian	0.000000	0.000000
995	0	  0.025536	  0.061153	     -1.00	   3602.58	     94.73	      2.41	      2.11	      5.06	      4.43	47.46	 7.280e-04	     -0.33	Gaussian	0.000000	0.000000
996	0	  0.025328	  0.059041	     -1.00	   5580.30	   4230.71	      2.45	      2.15	      5.14	      4.51	67.60	 7.283e-04	     -0.33	Gaussian	0.000000	0.000000
997	0	  0.025811	  0.053498	     -1.00	   3057.25	   2146.27	      2.78	      2.19	      5.84	      4.61	63.58	 1.218e-03	     -0.33	Gaussian	0.000000	0.000000
998	0	  0.025783	  0.062695	     -1.00	   3452.76	   4066.29	      2.76	      2.35	      5.80	      4.94	58.52	 1.590e-03	     -0.33	Gaussian	0.000000	0.000000
999	0	  0.025784	  0.068676	     -1.00	   2995.95	   2445.91	      2.21	      2.03	      4.65	      4.26	86.45	 7.757e-04	     -0.33	Gaussian	0.000000	0.000000
1000	0	  0.025391	  0.039530	     -1.00	   4754.01	   4192.04	      4.11	      3.29	      8.64	      6.91	84.23	 2.566e-03	     -0.33	Gaussian	0.000000	0.000000
1001	0	  0.025764	  0.043101	     -1.00	   2822.75	    814.21	      2.94	      2.94	      6.19	      6.17	80.82	 1.781e-03	     -0.32	Gaussian	0.000000	0.000000
1002	0	  0.027896	  0.065879	     -1.00	   1210.75	   3058.83	      2.16	      2.16	      4.53	      4.53	75.35	 2.287e-03	     -0.32	Gaussian	0.000000	0.000000
1003	0	  0.025607	  0.067163	     -1.00	   2683.26	   4036.62	      2.24	      2.04	      4.70	      4.29	87.86	 7.531e-04	     -0.32	Gaussian	0.000000	0.000000
1004	0	  0.025710	  0.040114	     -1.00	   2356.27	    836.03	      3.95	      3.20	      8.30	      6.72	85.87	 2.898e-03	     -0.32	Gaussian	0.000000	0.000000
1005	0	  0.025140	  0.028552	     -1.00	   4290.78	   3112.14	      4.06	      2.96	      8.54	      6.22	27.66	 1.965e-03	     -0.32	Gaussian	0.000000	0.000000
1006	0	  0.026062	  0.077476	     -1.00	   3082.97	   2979.42	      1.23	      1.21	      2.58	      2.54	23.46	 4.159e-03	     -0.32	Gaussian	0.000000	0.000000
1007	0	  0.025658	  0.039122	     -1.00	   2485.90	   3729.62	      1.77	      1.69	      3.71	      3.56	79.44	 3.582e-03	     -0.32	Gaussian	0.000000	0.000000
1008	0	  0.025594	  0.059072	     -1.00	   1902.75	   3644.30	      2.41	      2.15	      5.06	      4.52	87.01	 8.297e-04	     -0.32	Gaussian	0.000000	0.000000
1009	0	  0.025524	  0.067043	     -1.00	   4669.29	   1111.71	      2.21	      2.06	      4.65	      4.32	64.63	 7.636e-04	     -0.32	Gaussian	0.000000	0.000000
1010	0	  0.025024	  0.048401	     -1.00	    151.33	   1721.46	      2.51	      2.51	      5.28	      5.27	53.10	 8.196e-04	     -0.32	Gaussian	0.000000	0.000000
1011	0	  0.025713	  0.052219	     -1.00	    740.96	   4073.22	      2.50	      2.33	      5.25	      4.90	7.65	 1.048e-03	     -0.32	Gaussian	0.000000	0.000000
1012	0	  0.025129	  0.045078	     -1.00	    519.47	    216.38	      2.81	      2.40	      5.92	      5.04	17.66	 8.678e-04	     -0.32	Gaussian	0.000000	0.000000
1013	0	  0.025773	  0.067528	     -1.00	   3818.89	   3406.47	      2.23	      2.02	      4.68	      4.25	76.78	 7.887e-04	     -0.32	Gaussian	0.000000	0.000000
1014	0	  0.025474	  0.064099	     -1.00	   5396.54	   3161.10	      2.27	      2.09	      4.77	      4.39	66.53	 7.327e-04	     -0.32	Gaussian	0.000000	0.000000
1015	0	  0.025467	  0.049718	     -1.00	   2898.19	    199.42	      2.86	      2.69	      6.01	      5.66	11.28	 1.449e-03	     -0.32	Gaussian	0.000000	0.000000
1016	0	  0.025453	  0.040727	     -1.00	   1090.21	    967.90	      1.83	      1.73	      3.85	      3.63	85.90	 2.979e-03	     -0.32	Gaussian	0.000000	0.000000
1017	0	  0.025610	  0.065092	     -1.00	   4112.48	    685.79	      2.21	      2.10	      4.65	      4.42	53.98	 7.395e-04	     -0.32	Gaussian	0.000000	0.000000
1018	0	  0.025592	  0.061348	     -1.00	   4746.42	   1143.49	      2.31	      2.13	      4.86	      4.48	56.38	 7.576e-04	     -0.32	Gaussian	0.000000	0.000000
1019	0	  0.025567	  0.059554	     -1.00	   2329.64	    336.72	      2.42	      2.09	      5.09	      4.40	44.66	 7.616e-04	     -0.32	Gaussian	0.000000	0.000000
1020	0	  0.025319	  0.060511	     -1.00	   4724.78	     83.39	      2.38	      2.09	      5.00	      4.38	53.05	 7.054e-04	     -0.32	Gaussian	0.000000	0.000000
1021	0	  0.025369	  0.050643	     -1.00	    501.48	    484.90	      2.65	      2.23	      5.58	      4.68	16.86	 8.749e-04	     -0.32	Gaussian	0.000000	0.000000
1022	0	  0.027631	  0.059440	     -1.00	   4813.29	    772.12	      2.64	      2.31	      5.54	      4.85	72.21	 8.996e-03	     -0.32	Gaussian	0.000000	0.000000
1023	0	  0.025438	  0.056293	     -1.00	    584.62	   2544.20	      2.12	      2.10	      4.46	      4.42	12.88	 1.046e-03	     -0.32	Gaussian	0.000000	0.000000
1024	0	  0.025333	  0.039029	     -1.00	    456.02	   3118.45	      3.75	      3.19	      7.88	      6.70	1.69	 1.921e-03	     -0.32	Gaussian	0.000000	0.000000
1025	0	  0.024821	  0.053605	     -1.00	   6234.43	    682.88	      2.60	      2.13	      5.47	      4.48	54.21	 7.310e-04	     -0.32	Gaussian	0.000000	0.000000
1026	0	  0.026383	  0.052980	     -1.00	    146.98	   3608.86	      2.40	      2.34	      5.04	      4.91	41.57	 3.567e-03	     -0.32	Gaussian	0.000000	0.000000
1027	0	  0.025671	  0.039119	     -1.00	   2014.46	    946.76	      1.63	      1.53	      3.42	      3.22	10.28	 3.431e-03	     -0.32	Gaussian	0.000000	0.000000
1028	0	  0.025823	  0.063939	     -1.00	   3564.76	   1799.56	      2.24	      2.07	      4.70	      4.35	78.53	 7.204e-04	     -0.32	Gaussian	0.000000	0.000000
1029	0	  0.025425	  0.056868	     -1.00	   1101.18	   2978.77	      2.30	      2.27	      4.83	      4.78	47.42	 7.181e-04	     -0.31	Gaussian	0.000000	0.000000
1030	0	  0.025756	  0.065869	     -1.00	   3228.07	    701.84	      2.21	      2.04	      4.64	      4.29	63.71	 7.188e-04	     -0.31	Gaussian	0.000000	0.000000
1031	0	  0.025934	  0.064344	     -1.00	   3776.79	   4031.57	      2.26	      2.03	      4.76	      4.28	84.55	 9.010e-04	     -0.31	Gaussian	0.000000	0.000000
1032	0	  0.024878	  0.052474	     -1.00	   6342.64	    597.01	      2.68	      2.11	      5.63	      4.43	50.99	 8.916e-04	     -0.31	Gaussian	0.000000	0.000000
1033	0	  0.025346	  0.057525	     -1.00	   1074.79	   1470.75	      2.37	      2.16	      4.98	      4.55	27.25	 7.346e-04	     -0.31	Gaussian	0.000000	0.000000
1034	0	  0.025355	  0.053398	     -1.00	    562.92	   1526.59	      2.47	      2.24	      5.19	      4.71	17.29	 8.123e-04	     -0.31	Gaussian	0.000000	0.000000
1035	0	  0.025796	  0.056331	     -1.00	   1716.04	   2195.18	      2.49	      2.22	      5.24	      4.67	81.50	 1.045e-03	     -0.31	Gaussian	0.000000	0.000000
1036	0	  0.025357	  0.048047	     -1.00	    414.47	   3352.53	      2.47	      2.47	      5.20	      5.20	64.79	 7.877e-04	     -0.31	Gaussian	0.000000	0.000000
1037	0	  0.025570	  0.060676	     -1.00	   3028.55	    247.29	      2.47	      2.41	      5.19	      5.07	-70.26	 1.137e-03	     -0.31	Gaussian	0.000000	0.000000
1038	0	  0.024886	  0.022913	     -1.00	   5863.94	   1204.62	      4.93	      4.83	     10.36	     10.14	5.11	 3.052e-03	     -0.31	Gaussian	0.000000	0.000000
1039	0	  0.025645	  0.036988	     -1.00	   4375.90	   1658.23	      3.09	      3.03	      6.50	      6.37	76.76	 2.013e-03	     -0.31	Gaussian	0.000000	0.000000
1040	0	  0.025645	  0.036258	     -1.00	   2217.18	   3899.01	      4.18	      3.38	      8.78	      7.10	-88.81	 2.923e-03	     -0.31	Gaussian	0.000000	0.000000
1041	0	  0.025865	  0.064040	     -1.00	   2769.61	   1651.96	      2.22	      2.06	      4.66	      4.34	83.28	 6.877e-04	     -0.31	Gaussian	0.000000	0.000000
1042	0	  0.025784	  0.053087	     -1.00	   3283.60	   1268.14	      1.64	      1.60	      3.45	      3.36	75.95	 2.797e-03	     -0.31	Gaussian	0.000000	0.000000
1043	0	  0.025667	  0.042282	     -1.00	   3042.48	   2271.20	      3.23	      3.02	      6.79	      6.35	87.79	 1.828e-03	     -0.31	Gaussian	0.000000	0.000000
1044	0	  0.025438	  0.025586	     -1.00	   4769.60	   2169.13	      4.74	      4.74	      9.96	      9.96	83.91	 3.819e-03	     -0.31	Gaussian	0.000000	0.000000
1045	0	  0.025530	  0.027185	     -1.00	   4526.44	   2189.23	      4.30	      4.26	      9.03	      8.96	82.93	 3.370e-03	     -0.31	Gaussian	0.000000	0.000000
1046	0	  0.025559	  0.060601	     -1.00	   3085.75	    498.00	      2.27	      2.11	      4.78	      4.44	60.26	 6.744e-04	     -0.31	Gaussian	0.000000	0.000000
1047	0	  0.025773	  0.065734	     -1.00	   3262.92	   1452.41	      2.21	      2.01	      4.64	      4.22	-84.01	 7.093e-04	     -0.31	Gaussian	0.000000	0.000000
1048	0	  0.025603	  0.027151	     -1.00	   1966.63	   2810.24	      1.89	      1.88	      3.97	      3.95	17.85	 3.964e-03	     -0.31	Gaussian	0.000000	0.000000
1049	0	  0.024977	  0.054048	     -1.00	   5512.82	     43.93	      2.56	      2.10	      5.38	      4.41	47.10	 7.304e-04	     -0.31	Gaussian	0.000000	0.000000
1050	0	  0.025903	  0.064637	     -1.00	   2696.00	   2614.31	      2.21	      2.03	      4.65	      4.27	85.29	 7.499e-04	     -0.31	Gaussian	0.000000	0.000000
1051	0	  0.025948	  0.063104	     -1.00	   3788.36	   1511.75	      2.24	      2.06	      4.70	      4.32	82.22	 1.026e-03	     -0.31	Gaussian	0.000000	0.000000
1052	0	  0.025883	  0.057212	     -1.00	   3276.29	   2227.99	      2.32	      2.19	      4.87	      4.60	80.72	 9.039e-04	     -0.31	Gaussian	0.000000	0.000000
1053	0	  0.025215	  0.058856	     -1.00	   5508.57	    631.81	      2.39	      2.06	      5.01	      4.34	50.42	 7.638e-04	     -0.31	Gaussian	0.000000	0.000000
1054	0	  0.025723	  0.065155	     -1.00	   4236.17	   1535.89	      2.20	      2.01	      4.63	      4.23	81.22	 7.242e-04	     -0.31	Gaussian	0.000000	0.000000
1055	0	  0.025068	  0.055155	     -1.00	   6070.10	    882.49	      2.47	      2.12	      5.19	      4.45	51.18	 7.289e-04	     -0.31	Gaussian	0.000000	0.000000
1056	0	  0.025687	  0.061186	     -1.00	   3476.69	   2996.83	      2.26	      2.08	      4.76	      4.37	87.65	 6.386e-04	     -0.31	Gaussian	0.000000	0.000000
1057	0	  0.025497	  0.056701	     -1.00	   1791.58	    512.59	      2.41	      2.10	      5.07	      4.42	42.07	 7.040e-04	     -0.31	Gaussian	0.000000	0.000000
1058	0	  0.025345	  0.055906	     -1.00	   5160.47	   1389.81	      2.35	      2.18	      4.94	      4.59	32.63	 6.774e-04	     -0.31	Gaussian	0.000000	0.000000
1059	0	  0.025456	  0.062070	     -1.00	   5085.71	   1312.63	      2.27	      2.03	      4.78	      4.27	63.47	 7.607e-04	     -0.31	Gaussian	0.000000	0.000000
1060	0	  0.026157	  0.059188	     -1.00	   2717.46	   2948.53	      1.80	      1.67	      3.78	      3.51	77.07	 2.672e-03	     -0.31	Gaussian	0.000000	0.000000
1061	0	  0.025678	  0.042542	     -1.00	   2407.61	    971.31	      2.94	      2.79	      6.18	      5.86	81.32	 1.690e-03	     -0.31	Gaussian	0.000000	0.000000
1062	0	  0.025550	  0.060547	     -1.00	   3861.54	   4049.03	      2.17	      2.17	      4.57	      4.56	32.29	 6.929e-04	     -0.30	Gaussian	0.000000	0.000000
1063	0	  0.025966	  0.071408	     -1.00	   4096.03	   2001.43	      1.68	      1.68	      3.53	      3.53	18.48	 2.082e-03	     -0.30	Gaussian	0.000000	0.000000
1064	0	  0.026108	  0.057919	     -1.00	   2338.92	    263.39	      2.38	      2.06	      4.99	      4.34	43.75	 2.463e-03	     -0.30	Gaussian	0.000000	0.000000
1065	0	  0.025752	  0.036067	     -1.00	   3053.58	   1195.46	      1.70	      1.45	      3.56	      3.05	7.06	 3.853e-03	     -0.30	Gaussian	0.000000	0.000000
1066	0	  0.025642	  0.045803	     -1.00	   4799.50	   4130.65	      1.98	      1.77	      4.16	      3.73	79.88	 2.580e-03	     -0.30	Gaussian	0.000000	0.000000
1067	0	  0.025717	  0.057848	     -1.00	   4896.42	   2427.52	      2.30	      2.13	      4.83	      4.47	72.07	 6.526e-04	     -0.30	Gaussian	0.000000	0.000000
1068	0	  0.025986	  0.044768	     -1.00	   3324.79	   2595.37	      1.61	      1.60	      3.39	      3.35	76.89	 3.492e-03	     -0.30	Gaussian	0.000000	0.000000
1069	0	  0.025367	  0.025530	     -1.00	   1342.47	   1060.96	      4.54	      4.54	      9.55	      9.54	85.57	 2.917e-03	     -0.30	Gaussian	0.000000	0.000000
1070	0	  0.025391	  0.059131	     -1.00	   5456.75	   1564.83	      2.30	      2.07	      4.84	      4.35	51.26	 7.665e-04	     -0.30	Gaussian	0.000000	0.000000
1071	0	  0.025709	  0.062445	     -1.00	   4145.81	   1679.62	      2.18	      2.07	      4.57	      4.36	85.10	 7.083e-04	     -0.30	Gaussian	0.000000	0.000000
1072	0	  0.025563	  0.031830	     -1.00	   3714.99	   3582.16	      3.34	      3.14	      7.01	      6.60	79.65	 2.069e-03	     -0.30	Gaussian	0.000000	0.000000
1073	0	  0.025890	  0.035397	     -1.00	   2372.22	    198.09	      3.49	      2.81	      7.33	      5.90	84.24	 2.027e-03	     -0.30	Gaussian	0.000000	0.000000
1074	0	  0.025488	  0.054833	     -1.00	   1372.06	    829.45	      2.26	      2.26	      4.76	      4.75	6.96	 9.105e-04	     -0.30	Gaussian	0.000000	0.000000
1075	0	  0.025641	  0.042254	     -1.00	   3138.52	    164.86	      1.71	      1.53	      3.59	      3.21	78.03	 3.329e-03	     -0.30	Gaussian	0.000000	0.000000
1076	0	  0.025860	  0.044966	     -1.00	   2319.27	   3307.32	      3.10	      2.30	      6.51	      4.84	55.31	 1.763e-03	     -0.30	Gaussian	0.000000	0.000000
1077	0	  0.024819	  0.042492	     -1.00	   6353.43	    969.42	      2.19	      2.02	      4.61	      4.25	76.21	 1.680e-03	     -0.30	Gaussian	0.000000	0.000000
1078	0	  0.025031	  0.042583	     -1.00	    444.11	    266.46	      2.74	      2.39	      5.77	      5.02	14.07	 7.310e-04	     -0.30	Gaussian	0.000000	0.000000
1079	0	  0.025520	  0.045949	     -1.00	   1091.05	    648.82	      2.70	      2.25	      5.67	      4.73	14.71	 1.037e-03	     -0.30	Gaussian	0.000000	0.000000
1080	0	  0.024535	  0.024317	     -1.00	   6387.16	   2792.23	      4.75	      2.53	      9.98	      5.32	57.16	 1.862e-03	     -0.30	Gaussian	0.000000	0.000000
1081	0	  0.025591	  0.059269	     -1.00	   2013.13	   3006.48	      2.17	      2.17	      4.56	      4.56	5.91	 7.301e-04	     -0.30	Gaussian	0.000000	0.000000
1082	0	  0.025883	  0.060443	     -1.00	   2593.52	   2459.49	      2.25	      2.04	      4.74	      4.29	84.60	 6.662e-04	     -0.30	Gaussian	0.000000	0.000000
1083	0	  0.025758	  0.060753	     -1.00	   3181.27	   3649.78	      2.25	      2.03	      4.73	      4.26	83.31	 6.904e-04	     -0.30	Gaussian	0.000000	0.000000
1084	0	  0.025336	  0.031667	     -1.00	   5070.88	   2709.02	      3.75	      3.62	      7.87	      7.60	86.26	 2.494e-03	     -0.30	Gaussian	0.000000	0.000000
1085	0	  0.025330	  0.044433	     -1.00	    148.60	   3474.70	      2.50	      2.50	      5.25	      5.25	-48.81	 9.327e-04	     -0.30	Gaussian	0.000000	0.000000
1086	0	  0.025851	  0.036618	     -1.00	   2598.99	    945.48	      1.59	      1.43	      3.34	      3.00	3.94	 3.635e-03	     -0.30	Gaussian	0.000000	0.000000
1087	0	  0.025041	  0.042369	     -1.00	    662.74	    441.05	      3.51	      2.36	      7.38	      4.97	61.85	 1.399e-03	     -0.30	Gaussian	0.000000	0.000000
1088	0	  0.025481	  0.055520	     -1.00	   2252.90	    522.46	      2.35	      2.13	      4.94	      4.47	39.40	 7.303e-04	     -0.30	Gaussian	0.000000	0.000000
1089	0	  0.025080	  0.023927	     -1.00	   1996.27	    832.06	      4.76	      2.54	     10.00	      5.34	24.32	 1.819e-03	     -0.30	Gaussian	0.000000	0.000000
1090	0	  0.025660	  0.051913	     -1.00	    850.12	   1078.70	      2.33	      2.29	      4.89	      4.82	45.51	 9.527e-04	     -0.30	Gaussian	0.000000	0.000000
1091	0	  0.025335	  0.058350	     -1.00	   5378.30	   1420.93	      2.28	      2.08	      4.80	      4.37	57.27	 6.721e-04	     -0.30	Gaussian	0.000000	0.000000
1092	0	  0.025864	  0.053527	     -1.00	   2580.36	   1039.18	      2.72	      2.49	      5.72	      5.23	49.87	 1.371e-03	     -0.30	Gaussian	0.000000	0.000000
1093	0	  0.025726	  0.063788	     -1.00	   2893.94	   3016.64	      2.18	      1.98	      4.59	      4.17	83.47	 7.141e-04	     -0.30	Gaussian	0.000000	0.000000
1094	0	  0.025813	  0.056735	     -1.00	   2766.96	    989.31	      2.29	      2.12	      4.82	      4.46	77.69	 8.000e-04	     -0.30	Gaussian	0.000000	0.000000
1095	0	  0.025902	  0.060733	     -1.00	   2188.27	   3847.63	      2.18	      2.08	      4.59	      4.38	85.94	 7.598e-04	     -0.30	Gaussian	0.000000	0.000000
1096	0	  0.025522	  0.058041	     -1.00	   1372.98	   1968.37	      2.24	      2.12	      4.70	      4.46	37.95	 7.102e-04	     -0.30	Gaussian	0.000000	0.000000
1097	0	  0.025654	  0.060807	     -1.00	   4914.85	   2159.98	      2.24	      2.02	      4.71	      4.24	77.25	 6.716e-04	     -0.29	Gaussian	0.000000	0.000000
1098	0	  0.025458	  0.052361	     -1.00	   1416.58	   1016.00	      2.44	      2.15	      5.13	      4.52	30.92	 7.240e-04	     -0.29	Gaussian	0.000000	0.000000
1099	0	  0.025322	  0.052975	     -1.00	   2064.85	    383.53	      2.44	      2.13	      5.12	      4.47	43.50	 6.940e-04	     -0.29	Gaussian	0.000000	0.000000
1100	0	  0.025620	  0.044507	     -1.00	   4018.19	   1158.59	      2.94	      2.86	      6.17	      6.02	9.11	 1.789e-03	     -0.29	Gaussian	0.000000	0.000000
1101	0	  0.025904	  0.049446	     -1.00	   3171.52	   3151.95	      1.68	      1.52	      3.53	      3.19	77.03	 3.625e-03	     -0.29	Gaussian	0.000000	0.000000
1102	0	  0.025718	  0.032724	     -1.00	   3283.91	    737.69	      1.67	      1.63	      3.52	      3.42	74.50	 3.439e-03	     -0.29	Gaussian	0.000000	0.000000
1103	0	  0.025458	  0.057595	     -1.00	   4497.55	    730.74	      2.26	      2.10	      4.75	      4.42	61.14	 6.557e-04	     -0.29	Gaussian	0.000000	0.000000
1104	0	  0.025445	  0.036736	     -1.00	   4705.34	    645.07	      3.28	      2.59	      6.89	      5.44	84.85	 1.663e-03	     -0.29	Gaussian	0.000000	0.000000
1105	0	  0.025675	  0.057599	     -1.00	   2097.96	    949.33	      2.29	      2.07	      4.81	      4.36	52.79	 6.901e-04	     -0.29	Gaussian	0.000000	0.000000
1106	0	  0.025554	  0.058912	     -1.00	   3892.23	    376.90	      2.26	      2.05	      4.75	      4.31	57.51	 7.125e-04	     -0.29	Gaussian	0.000000	0.000000
1107	0	  0.026104	  0.053373	     -1.00	   2775.25	   2672.42	      1.47	      1.39	      3.10	      2.91	8.10	 3.727e-03	     -0.29	Gaussian	0.000000	0.000000
1108	0	  0.025255	  0.044980	     -1.00	    110.85	   1485.77	      2.48	      2.44	      5.20	      5.14	35.86	 9.598e-04	     -0.29	Gaussian	0.000000	0.000000
1109	0	  0.025609	  0.056583	     -1.00	   1727.17	   1308.80	      2.26	      2.13	      4.76	      4.47	46.60	 7.074e-04	     -0.29	Gaussian	0.000000	0.000000
1110	0	  0.025549	  0.047973	     -1.00	    876.95	   4155.75	      2.38	      2.38	      5.01	      5.01	60.37	 7.121e-04	     -0.29	Gaussian	0.000000	0.000000
1111	0	  0.025300	  0.042322	     -1.00	    492.81	    331.69	      2.62	      2.44	      5.50	      5.13	11.23	 1.369e-03	     -0.29	Gaussian	0.000000	0.000000
1112	0	  0.025771	  0.057880	     -1.00	   3211.43	    757.84	      2.27	      2.05	      4.78	      4.32	79.69	 7.225e-04	     -0.29	Gaussian	0.000000	0.000000
1113	0	  0.024963	  0.036535	     -1.00	    924.21	    192.27	      3.16	      3.10	      6.65	      6.52	81.22	 1.299e-03	     -0.29	Gaussian	0.000000	0.000000
1114	0	  0.025482	  0.055638	     -1.00	   4680.54	   3629.96	      2.32	      2.09	      4.87	      4.39	73.91	 6.008e-04	     -0.29	Gaussian	0.000000	0.000000
1115	0	  0.024722	  0.045215	     -1.00	   6265.61	    103.80	      2.79	      2.13	      5.86	      4.48	49.17	 7.247e-04	     -0.29	Gaussian	0.000000	0.000000
1116	0	  0.025308	  0.042612	     -1.00	    260.23	   3947.06	      2.78	      2.77	      5.83	      5.82	64.55	 9.961e-04	     -0.29	Gaussian	0.000000	0.000000
1117	0	  0.024845	  0.043022	     -1.00	   5829.78	     31.69	      2.88	      2.18	      6.05	      4.58	43.68	 8.664e-04	     -0.29	Gaussian	0.000000	0.000000
1118	0	  0.025340	  0.054362	     -1.00	   4398.30	    161.63	      2.34	      2.12	      4.91	      4.45	52.49	 6.701e-04	     -0.29	Gaussian	0.000000	0.000000
1119	0	  0.025583	  0.056808	     -1.00	   1408.02	   3214.92	      2.19	      2.16	      4.59	      4.55	61.43	 6.875e-04	     -0.29	Gaussian	0.000000	0.000000
1120	0	  0.024822	  0.031534	     -1.00	   5953.98	    588.41	      2.10	      2.08	      4.41	      4.37	74.05	 2.238e-03	     -0.29	Gaussian	0.000000	0.000000
1121	0	  0.025672	  0.058982	     -1.00	   4386.34	   2502.74	      2.22	      2.04	      4.66	      4.29	75.21	 6.633e-04	     -0.29	Gaussian	0.000000	0.000000
1122	0	  0.025493	  0.048709	     -1.00	   1263.29	    717.40	      2.42	      2.27	      5.08	      4.76	42.79	 9.102e-04	     -0.29	Gaussian	0.000000	0.000000
1123	0	  0.025728	  0.061153	     -1.00	   2433.02	   3393.34	      2.07	      2.07	      4.35	      4.35	5.18	 7.474e-04	     -0.29	Gaussian	0.000000	0.000000
1124	0	  0.025649	  0.051186	     -1.00	   4077.85	   2743.30	      2.72	      2.46	      5.73	      5.16	65.95	 1.296e-03	     -0.29	Gaussian	0.000000	0.000000
1125	0	  0.025676	  0.060420	     -1.00	   4548.00	   2177.73	      2.10	      2.10	      4.41	      4.41	40.12	 7.606e-04	     -0.29	Gaussian	0.000000	0.000000
1126	0	  0.025609	  0.057898	     -1.00	   2980.75	   3886.39	      2.23	      2.05	      4.70	      4.31	86.64	 6.210e-04	     -0.29	Gaussian	0.000000	0.000000
1127	0	  0.025588	  0.054322	     -1.00	   3359.74	   3961.61	      2.29	      2.13	      4.82	      4.47	80.25	 5.935e-04	     -0.29	Gaussian	0.000000	0.000000
1128	0	  0.025144	  0.043807	     -1.00	    653.52	    249.80	      2.67	      2.27	      5.61	      4.76	14.20	 7.217e-04	     -0.29	Gaussian	0.000000	0.000000
1129	0	  0.025381	  0.050045	     -1.00	    854.26	   1096.78	      2.45	      2.16	      5.15	      4.53	21.74	 7.797e-04	     -0.28	Gaussian	0.000000	0.000000
1130	0	  0.025602	  0.039781	     -1.00	   3274.18	   1767.26	      2.85	      2.67	      5.98	      5.61	4.79	 1.394e-03	     -0.28	Gaussian	0.000000	0.000000
1131	0	  0.025224	  0.048117	     -1.00	   6180.36	   4091.57	      2.54	      2.16	      5.34	      4.54	72.35	 7.156e-04	     -0.28	Gaussian	0.000000	0.000000
1132	0	  0.025204	  0.045650	     -1.00	   1610.44	     79.15	      2.81	      2.81	      5.90	      5.90	80.32	 1.282e-03	     -0.28	Gaussian	0.000000	0.000000
1133	0	  0.025489	  0.032547	     -1.00	   1865.86	   2072.26	      3.22	      3.20	      6.77	      6.72	76.82	 1.829e-03	     -0.28	Gaussian	0.000000	0.000000
1134	0	  0.024882	  0.041089	     -1.00	    324.70	     96.71	      2.53	      2.53	      5.31	      5.31	75.05	 7.238e-04	     -0.28	Gaussian	0.000000	0.000000
1135	0	  0.025252	  0.044214	     -1.00	    467.46	   2804.91	      2.51	      2.35	      5.28	      4.95	7.94	 6.646e-04	     -0.28	Gaussian	0.000000	0.000000
1136	0	  0.026067	  0.040141	     -1.00	   4782.65	   1832.16	      3.07	      2.96	      6.45	      6.21	83.31	 2.366e-03	     -0.28	Gaussian	0.000000	0.000000
1137	0	  0.025283	  0.048174	     -1.00	   1394.69	    406.14	      1.74	      1.60	      3.65	      3.36	-1.17	 2.016e-03	     -0.28	Gaussian	0.000000	0.000000
1138	0	  0.025201	  0.039667	     -1.00	    473.07	   4009.00	      3.16	      3.07	      6.64	      6.45	81.52	 1.441e-03	     -0.28	Gaussian	0.000000	0.000000
1139	0	  0.025785	  0.041535	     -1.00	   3763.65	   3264.12	      3.27	      3.07	      6.87	      6.46	86.76	 2.104e-03	     -0.28	Gaussian	0.000000	0.000000
1140	0	  0.025319	  0.055142	     -1.00	   5090.30	    615.82	      2.26	      2.10	      4.75	      4.41	63.41	 6.650e-04	     -0.28	Gaussian	0.000000	0.000000
1141	0	  0.025133	  0.046224	     -1.00	    600.52	   1176.13	      2.38	      2.38	      5.00	      5.00	67.50	 7.312e-04	     -0.28	Gaussian	0.000000	0.000000
1142	0	  0.025765	  0.050088	     -1.00	   1174.58	   3616.41	      2.28	      2.28	      4.80	      4.80	72.79	 1.588e-03	     -0.28	Gaussian	0.000000	0.000000
1143	0	  0.025066	  0.046029	     -1.00	    369.85	   1788.00	      2.38	      2.38	      5.00	      5.00	62.78	 7.156e-04	     -0.28	Gaussian	0.000000	0.000000
1144	0	  0.023736	  0.033649	     -1.00	    558.69	   4259.00	      2.78	      2.78	      5.85	      5.85	71.50	 5.654e-03	     -0.28	Gaussian	0.000000	0.000000
1145	0	  0.025551	  0.058381	     -1.00	   4618.71	   1641.54	      2.20	      2.02	      4.62	      4.25	65.63	 6.720e-04	     -0.28	Gaussian	0.000000	0.000000
1146	0	  0.025332	  0.050643	     -1.00	   1293.09	   1884.71	      2.36	      2.18	      4.95	      4.58	34.28	 6.668e-04	     -0.28	Gaussian	0.000000	0.000000
1147	0	  0.025050	  0.046261	     -1.00	    478.37	   1756.99	      2.37	      2.37	      4.98	      4.98	62.83	 7.504e-04	     -0.28	Gaussian	0.000000	0.000000
1148	0	  0.025633	  0.039412	     -1.00	    517.26	   3919.13	      2.11	      2.05	      4.43	      4.32	61.56	 1.794e-03	     -0.28	Gaussian	0.000000	0.000000
1149	0	  0.025644	  0.055704	     -1.00	   2258.80	   1629.46	      2.23	      2.09	      4.69	      4.38	71.08	 6.630e-04	     -0.28	Gaussian	0.000000	0.000000
1150	0	  0.024426	  0.023623	     -1.00	   6047.12	    709.25	      4.39	      2.57	      9.22	      5.41	32.96	 1.247e-03	     -0.28	Gaussian	0.000000	0.000000
1151	0	  0.025815	  0.057545	     -1.00	   3821.50	   1798.99	      2.21	      2.04	      4.64	      4.29	83.58	 6.298e-04	     -0.28	Gaussian	0.000000	0.000000
1152	0	  0.025145	  0.050315	     -1.00	   5342.78	    458.65	      2.44	      2.11	      5.13	      4.44	47.28	 6.606e-04	     -0.28	Gaussian	0.000000	0.000000
1153	0	  0.025754	  0.055613	     -1.00	   2588.15	   2867.37	      2.45	      2.37	      5.15	      4.98	-80.59	 1.126e-03	     -0.28	Gaussian	0.000000	0.000000
1154	0	  0.025448	  0.036168	     -1.00	   4870.28	   3984.05	      3.24	      2.53	      6.81	      5.31	82.34	 1.306e-03	     -0.28	Gaussian	0.000000	0.000000
1155	0	  0.025408	  0.051235	     -1.00	   1487.88	   3639.32	      2.25	      2.25	      4.72	      4.72	85.27	 7.111e-04	     -0.28	Gaussian	0.000000	0.000000
1156	0	  0.025059	  0.042965	     -1.00	    268.02	   2194.62	      2.52	      2.38	      5.30	      5.00	8.41	 7.131e-04	     -0.28	Gaussian	0.000000	0.000000
1157	0	  0.025680	  0.051725	     -1.00	   3261.40	    560.41	      2.31	      2.15	      4.86	      4.52	65.12	 6.075e-04	     -0.28	Gaussian	0.000000	0.000000
1158	0	  0.025284	  0.043341	     -1.00	    312.81	   3240.79	      2.47	      2.41	      5.20	      5.06	1.28	 6.897e-04	     -0.28	Gaussian	0.000000	0.000000
1159	0	  0.025340	  0.040953	     -1.00	   1331.36	    740.38	      3.52	      3.46	      7.40	      7.28	80.59	 2.380e-03	     -0.28	Gaussian	0.000000	0.000000
1160	0	  0.025347	  0.023309	     -1.00	   2874.15	   1105.17	      4.75	      3.27	      9.98	      6.88	84.25	 2.176e-03	     -0.28	Gaussian	0.000000	0.000000
1161	0	  0.025137	  0.028571	     -1.00	   5282.23	    678.95	      3.78	      3.62	      7.95	      7.60	14.51	 2.266e-03	     -0.28	Gaussian	0.000000	0.000000
1162	0	  0.025120	  0.046803	     -1.00	    283.97	   2675.39	      2.34	      2.34	      4.93	      4.93	68.95	 6.740e-04	     -0.28	Gaussian	0.000000	0.000000
1163	0	  0.025302	  0.023811	     -1.00	   1796.40	   4227.10	      4.39	      4.38	      9.23	      9.21	-89.71	 2.507e-03	     -0.28	Gaussian	0.000000	0.000000
1164	0	  0.025373	  0.049070	     -1.00	    971.47	   2068.32	      2.17	      2.07	      4.56	      4.36	8.88	 8.839e-04	     -0.28	Gaussian	0.000000	0.000000
1165	0	  0.025687	  0.056609	     -1.00	   2032.14	   1653.86	      2.17	      2.09	      4.56	      4.39	68.14	 7.021e-04	     -0.28	Gaussian	0.000000	0.000000
1166	0	  0.025098	  0.053168	     -1.00	   6237.89	   2755.46	      2.33	      2.07	      4.90	      4.35	57.90	 7.166e-04	     -0.28	Gaussian	0.000000	0.000000
1167	0	  0.025617	  0.046826	     -1.00	   1168.89	   4039.36	      2.34	      2.34	      4.91	      4.91	72.61	 7.394e-04	     -0.28	Gaussian	0.000000	0.000000
1168	0	  0.025153	  0.050273	     -1.00	   5878.84	   3893.81	      2.42	      2.11	      5.08	      4.43	68.94	 6.241e-04	     -0.28	Gaussian	0.000000	0.000000
1169	0	  0.025525	  0.055064	     -1.00	   4320.19	   3691.87	      2.29	      2.02	      4.82	      4.25	67.81	 6.235e-04	     -0.28	Gaussian	0.000000	0.000000
1170	0	  0.025348	  0.042240	     -1.00	   1366.94	   1092.17	      2.57	      2.35	      5.40	      4.94	-14.09	 7.082e-04	     -0.28	Gaussian	0.000000	0.000000
1171	0	  0.025431	  0.048688	     -1.00	   1053.65	   3194.36	      2.29	      2.28	      4.81	      4.80	52.50	 6.863e-04	     -0.28	Gaussian	0.000000	0.000000
1172	0	  0.025476	  0.045829	     -1.00	   1050.88	   3849.71	      2.36	      2.36	      4.97	      4.95	-33.29	 7.416e-04	     -0.28	Gaussian	0.000000	0.000000
1173	0	  0.025695	  0.054071	     -1.00	   2146.00	    839.77	      2.26	      2.09	      4.74	      4.39	35.96	 6.725e-04	     -0.28	Gaussian	0.000000	0.000000
1174	0	  0.025889	  0.056713	     -1.00	   2515.44	    943.89	      2.14	      2.10	      4.51	      4.41	54.14	 6.691e-04	     -0.28	Gaussian	0.000000	0.000000
1175	0	  0.025046	  0.043041	     -1.00	    470.61	    514.42	      2.53	      2.33	      5.31	      4.91	8.28	 6.763e-04	     -0.28	Gaussian	0.000000	0.000000
1176	0	  0.025400	  0.053555	     -1.00	   5474.60	   2275.75	      2.29	      2.07	      4.82	      4.36	63.05	 6.445e-04	     -0.28	Gaussian	0.000000	0.000000
1177	0	  0.025531	  0.056091	     -1.00	   2805.93	   3836.72	      2.25	      2.01	      4.72	      4.23	81.56	 6.431e-04	     -0.27	Gaussian	0.000000	0.000000
1178	0	  0.025696	  0.053717	     -1.00	   2139.90	   3259.60	      2.21	      2.14	      4.64	      4.49	55.60	 6.445e-04	     -0.27	Gaussian	0.000000	0.000000
1179	0	  0.025307	  0.051419	     -1.00	   5007.88	    646.79	      2.32	      2.13	      4.87	      4.48	49.40	 6.842e-04	     -0.27	Gaussian	0.000000	0.000000
1180	0	  0.025490	  0.054271	     -1.00	   3471.07	   4142.97	      2.28	      2.05	      4.79	      4.30	75.94	 6.244e-04	     -0.27	Gaussian	0.000000	0.000000
1181	0	  0.025738	  0.023201	     -1.00	   3365.28	   2213.55	      1.82	      1.82	      3.83	      3.82	76.67	 3.337e-03	     -0.27	Gaussian	0.000000	0.000000
1182	0	  0.025315	  0.046671	     -1.00	   5368.46	   3480.30	      2.48	      2.18	      5.21	      4.58	66.24	 6.116e-04	     -0.27	Gaussian	0.000000	0.000000
1183	0	  0.025695	  0.053929	     -1.00	   3670.18	   3244.63	      2.16	      2.16	      4.54	      4.54	8.07	 6.461e-04	     -0.27	Gaussian	0.000000	0.000000
1184	0	  0.025242	  0.048095	     -1.00	   1643.61	    323.74	      2.47	      2.12	      5.19	      4.45	34.82	 6.528e-04	     -0.27	Gaussian	0.000000	0.000000
1185	0	  0.025539	  0.044690	     -1.00	    451.31	   3083.41	      2.37	      2.37	      4.98	      4.98	65.65	 1.577e-03	     -0.27	Gaussian	0.000000	0.000000
1186	0	  0.026088	  0.057579	     -1.00	   2981.08	   2274.97	      2.22	      1.97	      4.66	      4.14	89.56	 1.242e-03	     -0.27	Gaussian	0.000000	0.000000
1187	0	  0.025701	  0.041263	     -1.00	   2478.50	    915.27	      2.79	      2.61	      5.87	      5.48	78.22	 1.197e-03	     -0.27	Gaussian	0.000000	0.000000
1188	0	  0.025385	  0.050073	     -1.00	   1616.01	    995.33	      2.37	      2.11	      4.99	      4.43	34.08	 6.083e-04	     -0.27	Gaussian	0.000000	0.000000
1189	0	  0.025008	  0.020281	     -1.00	   5218.27	   2504.15	      4.88	      2.62	     10.25	      5.51	81.47	 1.494e-03	     -0.27	Gaussian	0.000000	0.000000
1190	0	  0.025523	  0.052652	     -1.00	   2590.61	   3852.73	      2.26	      2.09	      4.75	      4.40	87.73	 5.914e-04	     -0.27	Gaussian	0.000000	0.000000
1191	0	  0.025025	  0.036267	     -1.00	     75.96	    940.71	      2.88	      2.38	      6.06	      4.99	8.79	 1.159e-03	     -0.27	Gaussian	0.000000	0.000000
1192	0	  0.025861	  0.056070	     -1.00	   2680.59	   3139.62	      2.20	      2.02	      4.62	      4.24	76.88	 1.175e-03	     -0.27	Gaussian	0.000000	0.000000
1193	0	  0.025547	  0.046920	     -1.00	   4637.39	   1893.17	      2.66	      2.32	      5.59	      4.89	44.04	 9.900e-04	     -0.27	Gaussian	0.000000	0.000000
1194	0	  0.024926	  0.041864	     -1.00	     51.00	   2758.29	      2.56	      2.31	      5.38	      4.85	11.74	 7.123e-04	     -0.27	Gaussian	0.000000	0.000000
1195	0	  0.025336	  0.054854	     -1.00	   4938.96	   1165.61	      2.22	      2.03	      4.68	      4.26	58.41	 6.417e-04	     -0.27	Gaussian	0.000000	0.000000
1196	0	  0.025061	  0.042759	     -1.00	    785.78	    369.82	      2.59	      2.23	      5.45	      4.69	19.94	 7.422e-04	     -0.27	Gaussian	0.000000	0.000000
1197	0	  0.025641	  0.035819	     -1.00	   3752.68	   3270.08	      3.10	      3.04	      6.51	      6.39	85.65	 1.680e-03	     -0.27	Gaussian	0.000000	0.000000
1198	0	  0.025031	  0.039261	     -1.00	   5362.14	    263.00	      2.77	      2.27	      5.83	      4.77	20.58	 8.712e-04	     -0.27	Gaussian	0.000000	0.000000
1199	0	  0.025729	  0.052952	     -1.00	   2948.58	   1014.81	      2.22	      2.10	      4.66	      4.40	65.21	 6.197e-04	     -0.27	Gaussian	0.000000	0.000000
1200	0	  0.025372	  0.039808	     -1.00	   1584.21	    835.25	      2.86	      2.55	      6.00	      5.37	21.15	 8.599e-04	     -0.27	Gaussian	0.000000	0.000000
1201	0	  0.025774	  0.050731	     -1.00	   2478.96	   3819.30	      1.74	      1.67	      3.66	      3.52	21.65	 2.253e-03	     -0.27	Gaussian	0.000000	0.000000
1202	0	  0.025085	  0.041883	     -1.00	    524.23	   3589.73	      2.42	      2.42	      5.09	      5.09	80.18	 6.451e-04	     -0.27	Gaussian	0.000000	0.000000
1203	0	  0.025414	  0.029174	     -1.00	   2411.85	    533.08	      3.51	      3.47	      7.37	      7.28	81.57	 1.907e-03	     -0.27	Gaussian	0.000000	0.000000
1204	0	  0.025507	  0.051463	     -1.00	   3864.94	    138.67	      2.31	      2.06	      4.87	      4.34	50.88	 6.637e-04	     -0.27	Gaussian	0.000000	0.000000
1205	0	  0.025415	  0.047970	     -1.00	   1136.10	   2284.53	      2.38	      2.15	      4.99	      4.53	41.94	 7.110e-04	     -0.27	Gaussian	0.000000	0.000000
1206	0	  0.025813	  0.052840	     -1.00	   3539.94	   2515.41	      2.25	      2.06	      4.73	      4.33	89.12	 6.378e-04	     -0.27	Gaussian	0.000000	0.000000
1207	0	  0.024885	  0.021696	     -1.00	   5783.17	   3640.26	      4.77	      2.48	     10.03	      5.21	63.65	 1.665e-03	     -0.27	Gaussian	0.000000	0.000000
1208	0	  0.025499	  0.021544	     -1.00	   3450.10	   2220.13	      4.26	      4.21	      8.95	      8.86	84.87	 2.165e-03	     -0.27	Gaussian	0.000000	0.000000
1209	0	  0.026084	  0.055190	     -1.00	   2327.95	   2901.94	      2.17	      2.04	      4.56	      4.29	81.74	 1.225e-03	     -0.27	Gaussian	0.000000	0.000000
1210	0	  0.026241	  0.044809	     -1.00	   1374.63	   1436.20	      1.86	      1.40	      3.91	      2.94	54.04	 3.598e-03	     -0.27	Gaussian	0.000000	0.000000
1211	0	  0.025651	  0.027386	     -1.00	   2561.97	   1726.72	      1.65	      1.62	      3.46	      3.40	74.72	 3.191e-03	     -0.27	Gaussian	0.000000	0.000000
1212	0	  0.025225	  0.047495	     -1.00	   5782.51	   1548.26	      1.85	      1.84	      3.88	      3.87	19.64	 1.558e-03	     -0.27	Gaussian	0.000000	0.000000
1213	0	  0.025530	  0.051203	     -1.00	   5316.19	   3935.34	      1.97	      1.91	      4.14	      4.02	-25.42	 1.094e-03	     -0.26	Gaussian	0.000000	0.000000
1214	0	  0.025570	  0.051189	     -1.00	   3824.97	   3249.83	      2.36	      2.22	      4.97	      4.66	34.45	 7.143e-04	     -0.26	Gaussian	0.000000	0.000000
1215	0	  0.025501	  0.026509	     -1.00	   2134.35	   1706.03	      4.54	      4.48	      9.55	      9.42	88.48	 3.409e-03	     -0.26	Gaussian	0.000000	0.000000
1216	0	  0.025575	  0.049738	     -1.00	   1655.53	    699.74	      2.35	      2.08	      4.93	      4.37	39.14	 6.858e-04	     -0.26	Gaussian	0.000000	0.000000
1217	0	  0.025417	  0.051006	     -1.00	   5598.90	   3652.72	      2.29	      2.08	      4.81	      4.38	66.76	 6.726e-04	     -0.26	Gaussian	0.000000	0.000000
1218	0	  0.025334	  0.044975	     -1.00	   1099.48	   3549.64	      2.32	      2.32	      4.88	      4.88	-84.20	 6.096e-04	     -0.26	Gaussian	0.000000	0.000000
1219	0	  0.025381	  0.019612	     -1.00	   3071.38	   3555.01	      4.86	      4.82	     10.22	     10.13	89.05	 2.861e-03	     -0.26	Gaussian	0.000000	0.000000
1220	0	  0.025641	  0.033877	     -1.00	   5303.77	   3879.69	      1.91	      1.79	      4.02	      3.76	76.08	 2.598e-03	     -0.26	Gaussian	0.000000	0.000000
1221	0	  0.025271	  0.039233	     -1.00	    302.74	   3759.65	      2.49	      2.49	      5.22	      5.22	78.10	 9.696e-04	     -0.26	Gaussian	0.000000	0.000000
1222	0	  0.025504	  0.049547	     -1.00	   2295.66	    468.27	      2.29	      2.03	      4.82	      4.27	47.89	 6.411e-04	     -0.26	Gaussian	0.000000	0.000000
1223	0	  0.024880	  0.030756	     -1.00	    664.17	    728.31	      3.31	      3.25	      6.96	      6.84	83.14	 1.223e-03	     -0.26	Gaussian	0.000000	0.000000
1224	0	  0.025729	  0.053308	     -1.00	   2861.53	   1183.87	      2.14	      2.10	      4.49	      4.42	52.54	 6.277e-04	     -0.26	Gaussian	0.000000	0.000000
1225	0	  0.025571	  0.046762	     -1.00	   4312.57	   2848.42	      2.38	      2.16	      5.00	      4.54	76.18	 5.429e-04	     -0.26	Gaussian	0.000000	0.000000
1226	0	  0.025535	  0.036766	     -1.00	   3118.92	    783.72	      3.04	      2.15	      6.39	      4.51	60.55	 7.910e-04	     -0.26	Gaussian	0.000000	0.000000
1227	0	  0.025634	  0.034562	     -1.00	   4497.33	   2215.53	      3.28	      2.12	      6.90	      4.45	88.90	 7.735e-04	     -0.26	Gaussian	0.000000	0.000000
1228	0	  0.025613	  0.020544	     -1.00	   3716.53	   1966.19	      4.32	      4.32	      9.09	      9.08	83.28	 2.726e-03	     -0.26	Gaussian	0.000000	0.000000
1229	0	  0.025557	  0.052193	     -1.00	   2140.59	   2571.69	      2.20	      2.09	      4.62	      4.39	87.46	 6.476e-04	     -0.26	Gaussian	0.000000	0.000000
1230	0	  0.025564	  0.053603	     -1.00	   4987.27	   1968.99	      2.20	      2.03	      4.62	      4.27	66.60	 6.471e-04	     -0.26	Gaussian	0.000000	0.000000
1231	0	  0.025113	  0.038319	     -1.00	    517.44	   1087.60	      2.50	      2.50	      5.25	      5.25	50.28	 8.395e-04	     -0.26	Gaussian	0.000000	0.000000
1232	0	  0.025597	  0.052528	     -1.00	   2257.96	   1857.95	      2.19	      2.08	      4.60	      4.36	71.68	 6.188e-04	     -0.26	Gaussian	0.000000	0.000000
1233	0	  0.025218	  0.021274	     -1.00	   1887.48	    478.11	      4.63	      4.62	      9.74	      9.71	82.82	 2.494e-03	     -0.26	Gaussian	0.000000	0.000000
1234	0	  0.025303	  0.041370	     -1.00	   1346.09	    435.85	      2.02	      1.87	      4.24	      3.92	49.28	 1.363e-03	     -0.26	Gaussian	0.000000	0.000000
1235	0	  0.025098	  0.042510	     -1.00	   1046.64	    380.74	      2.59	      2.16	      5.44	      4.55	26.95	 6.406e-04	     -0.26	Gaussian	0.000000	0.000000
1236	0	  0.025720	  0.052813	     -1.00	   2565.38	   1994.67	      2.23	      2.02	      4.68	      4.24	74.97	 6.186e-04	     -0.26	Gaussian	0.000000	0.000000
1237	0	  0.025631	  0.049997	     -1.00	   3406.68	   3406.47	      2.26	      2.10	      4.74	      4.42	79.77	 5.387e-04	     -0.26	Gaussian	0.000000	0.000000
1238	0	  0.025629	  0.031003	     -1.00	   4455.26	   1914.06	      3.39	      3.39	      7.13	      7.13	6.23	 2.292e-03	     -0.26	Gaussian	0.000000	0.000000
1239	0	  0.025549	  0.053381	     -1.00	   4164.80	   1231.59	      2.17	      2.04	      4.57	      4.28	70.48	 6.335e-04	     -0.26	Gaussian	0.000000	0.000000
1240	0	  0.025718	  0.051293	     -1.00	   3901.03	   1469.95	      2.20	      2.09	      4.63	      4.40	51.84	 1.077e-03	     -0.26	Gaussian	0.000000	0.000000
1241	0	  0.025124	  0.023381	     -1.00	   5958.09	   2204.99	      4.33	      2.34	      9.10	      4.91	31.16	 1.518e-03	     -0.26	Gaussian	0.000000	0.000000
1242	0	  0.025406	  0.031276	     -1.00	   3400.34	    323.12	      3.61	      2.88	      7.59	      6.04	84.37	 1.837e-03	     -0.26	Gaussian	0.000000	0.000000
1243	0	  0.025647	  0.030435	     -1.00	   2873.31	   1820.03	      4.26	      3.33	      8.95	      7.00	-89.74	 2.557e-03	     -0.26	Gaussian	0.000000	0.000000
1244	0	  0.025089	  0.046686	     -1.00	   6027.53	   2665.65	      2.41	      2.10	      5.06	      4.41	57.71	 6.081e-04	     -0.26	Gaussian	0.000000	0.000000
1245	0	  0.025430	  0.043980	     -1.00	   4276.46	    663.25	      1.78	      1.61	      3.74	      3.38	69.88	 1.946e-03	     -0.26	Gaussian	0.000000	0.000000
1246	0	  0.025846	  0.031647	     -1.00	   3639.80	   1663.61	      1.77	      1.66	      3.71	      3.50	79.51	 2.692e-03	     -0.26	Gaussian	0.000000	0.000000
1247	0	  0.024970	  0.045326	     -1.00	   5637.29	    791.76	      2.43	      2.13	      5.11	      4.48	54.80	 5.644e-04	     -0.26	Gaussian	0.000000	0.000000
1248	0	  0.024923	  0.020477	     -1.00	   4972.11	   1478.03	      4.75	      3.31	      9.99	      6.95	84.03	 1.847e-03	     -0.26	Gaussian	0.000000	0.000000
1249	0	  0.025249	  0.042900	     -1.00	   1431.94	    564.74	      2.50	      2.18	      5.26	      4.57	26.88	 6.268e-04	     -0.26	Gaussian	0.000000	0.000000
1250	0	  0.025865	  0.048080	     -1.00	   2549.03	   1004.68	      2.24	      2.17	      4.72	      4.56	83.53	 6.756e-04	     -0.26	Gaussian	0.000000	0.000000
1251	0	  0.025567	  0.052165	     -1.00	   3984.32	   1101.90	      2.19	      2.05	      4.61	      4.31	70.39	 5.941e-04	     -0.26	Gaussian	0.000000	0.000000
1252	0	  0.025692	  0.041526	     -1.00	   2129.56	   3404.64	      2.57	      2.19	      5.41	      4.60	76.01	 1.092e-03	     -0.26	Gaussian	0.000000	0.000000
1253	0	  0.024855	  0.042470	     -1.00	   6340.47	   2159.19	      1.97	      1.80	      4.14	      3.78	60.50	 1.307e-03	     -0.26	Gaussian	0.000000	0.000000
1254	0	  0.025202	  0.033826	     -1.00	     94.08	    121.80	      2.78	      2.49	      5.84	      5.23	18.02	 1.945e-03	     -0.26	Gaussian	0.000000	0.000000
1255	0	  0.025788	  0.048556	     -1.00	   3055.33	   3760.39	      2.32	      2.07	      4.88	      4.35	78.97	 1.046e-03	     -0.25	Gaussian	0.000000	0.000000
1256	0	  0.025038	  0.033979	     -1.00	    231.35	   1947.60	      2.62	      2.62	      5.51	      5.51	45.18	 7.895e-04	     -0.25	Gaussian	0.000000	0.000000
1257	0	  0.025779	  0.047987	     -1.00	   1676.82	   3900.96	      2.22	      2.19	      4.66	      4.60	65.91	 6.838e-04	     -0.25	Gaussian	0.000000	0.000000
1258	0	  0.025530	  0.048436	     -1.00	   5117.13	   3256.93	      2.32	      2.06	      4.87	      4.34	69.92	 9.544e-04	     -0.25	Gaussian	0.000000	0.000000
1259	0	  0.025326	  0.034646	     -1.00	   4953.15	   2914.28	      2.93	      2.76	      6.17	      5.79	6.47	 1.330e-03	     -0.25	Gaussian	0.000000	0.000000
1260	0	  0.025531	  0.047455	     -1.00	   5012.07	   2531.33	      2.41	      2.34	      5.07	      4.92	30.74	 8.481e-04	     -0.25	Gaussian	0.000000	0.000000
1261	0	  0.025803	  0.047846	     -1.00	   3422.70	   2127.17	      2.43	      2.30	      5.11	      4.84	-55.66	 7.634e-04	     -0.25	Gaussian	0.000000	0.000000
1262	0	  0.024609	  0.026295	     -1.00	     66.98	    656.17	      4.00	      3.49	      8.41	      7.34	2.68	 1.402e-03	     -0.25	Gaussian	0.000000	0.000000
1263	0	  0.025576	  0.050260	     -1.00	   2203.64	   2440.49	      2.23	      2.07	      4.69	      4.34	87.21	 6.267e-04	     -0.25	Gaussian	0.000000	0.000000
1264	0	  0.025443	  0.051498	     -1.00	   3031.39	    312.92	      2.22	      2.03	      4.67	      4.26	58.67	 6.195e-04	     -0.25	Gaussian	0.000000	0.000000
1265	0	  0.025999	  0.035042	     -1.00	   3227.54	   2521.47	      1.73	      1.53	      3.63	      3.22	7.57	 3.039e-03	     -0.25	Gaussian	0.000000	0.000000
1266	0	  0.025263	  0.018827	     -1.00	   2664.05	   1888.27	      4.81	      2.66	     10.12	      5.60	73.55	 1.592e-03	     -0.25	Gaussian	0.000000	0.000000
1267	0	  0.025086	  0.041450	     -1.00	    354.54	   1577.95	      2.50	      2.24	      5.25	      4.70	12.48	 6.403e-04	     -0.25	Gaussian	0.000000	0.000000
1268	0	  0.025408	  0.027030	     -1.00	   1203.67	    688.63	      1.87	      1.84	      3.93	      3.86	76.37	 2.216e-03	     -0.25	Gaussian	0.000000	0.000000
1269	0	  0.025510	  0.048155	     -1.00	   2250.37	   4147.66	      2.27	      2.11	      4.78	      4.43	87.97	 6.404e-04	     -0.25	Gaussian	0.000000	0.000000
1270	0	  0.025645	  0.050995	     -1.00	   3359.55	    803.99	      2.23	      2.03	      4.68	      4.27	70.37	 5.524e-04	     -0.25	Gaussian	0.000000	0.000000
1271	0	  0.025506	  0.051421	     -1.00	   4485.01	   1265.65	      2.12	      2.12	      4.45	      4.45	11.33	 7.394e-04	     -0.25	Gaussian	0.000000	0.000000
1272	0	  0.025349	  0.033589	     -1.00	    197.88	   4233.71	      2.63	      2.60	      5.53	      5.47	50.56	 1.161e-03	     -0.25	Gaussian	0.000000	0.000000
1273	0	  0.025651	  0.030061	     -1.00	   3101.33	   2488.26	      3.71	      2.85	      7.79	      5.99	88.91	 1.879e-03	     -0.25	Gaussian	0.000000	0.000000
1274	0	  0.025515	  0.047868	     -1.00	   1510.33	   1334.92	      2.27	      2.12	      4.76	      4.45	41.11	 6.269e-04	     -0.25	Gaussian	0.000000	0.000000
1275	0	  0.025225	  0.041954	     -1.00	   1267.67	    525.81	      2.52	      2.17	      5.30	      4.56	28.52	 6.571e-04	     -0.25	Gaussian	0.000000	0.000000
1276	0	  0.025681	  0.039837	     -1.00	   2770.72	    710.87	      1.41	      1.30	      2.97	      2.74	72.02	 3.254e-03	     -0.25	Gaussian	0.000000	0.000000
1277	0	  0.025192	  0.042638	     -1.00	   1767.84	    139.86	      2.48	      2.16	      5.21	      4.54	34.77	 6.129e-04	     -0.25	Gaussian	0.000000	0.000000
1278	0	  0.025470	  0.047320	     -1.00	   4763.35	   3988.54	      2.35	      2.06	      4.95	      4.32	66.53	 5.591e-04	     -0.25	Gaussian	0.000000	0.000000
1279	0	  0.024977	  0.016968	     -1.00	   1873.28	   3643.20	      4.72	      2.87	      9.92	      6.03	80.71	 1.417e-03	     -0.25	Gaussian	0.000000	0.000000
1280	0	  0.026167	  0.044401	     -1.00	   4715.99	   1100.13	      2.85	      2.34	      5.99	      4.92	82.56	 4.121e-03	     -0.25	Gaussian	0.000000	0.000000
1281	0	  0.025422	  0.050557	     -1.00	   5224.09	   3131.75	      2.24	      2.02	      4.71	      4.24	69.87	 6.046e-04	     -0.25	Gaussian	0.000000	0.000000
1282	0	  0.024936	  0.045455	     -1.00	   6013.71	   1265.65	      2.42	      2.07	      5.09	      4.36	58.68	 6.042e-04	     -0.25	Gaussian	0.000000	0.000000
1283	0	  0.024921	  0.038737	     -1.00	    260.86	   1412.57	      2.42	      2.42	      5.10	      5.10	-82.72	 6.256e-04	     -0.25	Gaussian	0.000000	0.000000
1284	0	  0.025351	  0.030801	     -1.00	   5131.76	   2484.13	      3.17	      3.16	      6.67	      6.64	83.85	 1.600e-03	     -0.25	Gaussian	0.000000	0.000000
1285	0	  0.025275	  0.044768	     -1.00	   1315.12	    965.69	      2.38	      2.13	      5.00	      4.48	27.21	 6.079e-04	     -0.25	Gaussian	0.000000	0.000000
1286	0	  0.024799	  0.040825	     -1.00	   5753.72	    295.33	      2.55	      2.18	      5.37	      4.58	51.38	 5.654e-04	     -0.25	Gaussian	0.000000	0.000000
1287	0	  0.025110	  0.041100	     -1.00	    677.56	   2239.03	      2.35	      2.35	      4.94	      4.94	86.21	 6.565e-04	     -0.25	Gaussian	0.000000	0.000000
1288	0	  0.026782	  0.052983	     -1.00	   1827.87	   2093.47	      2.14	      2.00	      4.50	      4.20	63.25	 4.286e-03	     -0.25	Gaussian	0.000000	0.000000
1289	0	  0.025457	  0.046168	     -1.00	   1197.67	   2564.65	      2.21	      2.21	      4.66	      4.66	86.08	 6.483e-04	     -0.25	Gaussian	0.000000	0.000000
1290	0	  0.025261	  0.036496	     -1.00	    358.61	   4051.86	      2.49	      2.49	      5.24	      5.23	-71.01	 6.826e-04	     -0.25	Gaussian	0.000000	0.000000
1291	0	  0.025704	  0.027155	     -1.00	   3317.00	   3805.71	      1.70	      1.66	      3.58	      3.48	76.25	 2.941e-03	     -0.25	Gaussian	0.000000	0.000000
1292	0	  0.025622	  0.047547	     -1.00	   4239.52	   3861.84	      2.32	      2.05	      4.88	      4.31	71.93	 5.971e-04	     -0.25	Gaussian	0.000000	0.000000
1293	0	  0.025319	  0.048802	     -1.00	   5475.06	   2996.64	      2.29	      2.03	      4.81	      4.26	64.80	 5.901e-04	     -0.25	Gaussian	0.000000	0.000000
1294	0	  0.025715	  0.033068	     -1.00	   2835.72	   2277.93	      1.67	      1.51	      3.51	      3.17	77.42	 2.887e-03	     -0.25	Gaussian	0.000000	0.000000
1295	0	  0.025629	  0.026993	     -1.00	   2223.94	   1693.24	      3.28	      3.23	      6.90	      6.78	76.37	 1.807e-03	     -0.25	Gaussian	0.000000	0.000000
1296	0	  0.025277	  0.048847	     -1.00	   5551.74	   2666.96	      2.28	      2.03	      4.78	      4.27	65.42	 6.054e-04	     -0.25	Gaussian	0.000000	0.000000
1297	0	  0.025851	  0.045780	     -1.00	   2504.37	   1472.67	      1.81	      1.66	      3.81	      3.48	77.38	 2.217e-03	     -0.25	Gaussian	0.000000	0.000000
1298	0	  0.025026	  0.037729	     -1.00	    337.41	   2436.70	      2.46	      2.43	      5.18	      5.10	40.80	 6.361e-04	     -0.25	Gaussian	0.000000	0.000000
1299	0	  0.025255	  0.030138	     -1.00	   5270.40	   1883.02	      3.85	      3.05	      8.08	      6.41	87.48	 2.045e-03	     -0.25	Gaussian	0.000000	0.000000
1300	0	  0.025746	  0.033731	     -1.00	   2802.71	   2337.61	      1.91	      1.78	      4.02	      3.74	83.59	 2.326e-03	     -0.25	Gaussian	0.000000	0.000000
1301	0	  0.025557	  0.042093	     -1.00	   1255.39	    873.88	      2.31	      2.31	      4.86	      4.86	88.37	 1.351e-03	     -0.25	Gaussian	0.000000	0.000000
1302	0	  0.025389	  0.035342	     -1.00	    490.24	    230.84	      2.52	      2.52	      5.30	      5.30	74.21	 1.486e-03	     -0.25	Gaussian	0.000000	0.000000
1303	0	  0.025221	  0.045525	     -1.00	   4604.21	     75.82	      2.34	      2.11	      4.92	      4.43	55.27	 5.830e-04	     -0.25	Gaussian	0.000000	0.000000
1304	0	  0.024947	  0.039342	     -1.00	    309.98	   1854.62	      2.39	      2.39	      5.02	      5.02	61.09	 6.684e-04	     -0.25	Gaussian	0.000000	0.000000
1305	0	  0.025696	  0.030245	     -1.00	   3212.43	   3642.60	      3.38	      3.29	      7.11	      6.92	8.60	 1.879e-03	     -0.25	Gaussian	0.000000	0.000000
1306	0	  0.025507	  0.037759	     -1.00	   1246.25	    798.57	      2.00	      1.88	      4.20	      3.96	81.86	 1.671e-03	     -0.25	Gaussian	0.000000	0.000000
1307	0	  0.025574	  0.045599	     -1.00	   2115.51	   2147.03	      2.28	      2.16	      4.80	      4.54	-85.17	 5.637e-04	     -0.25	Gaussian	0.000000	0.000000
1308	0	  0.024958	  0.029852	     -1.00	   5463.77	     47.61	      2.06	      2.01	      4.34	      4.22	71.71	 2.057e-03	     -0.25	Gaussian	0.000000	0.000000
1309	0	  0.025255	  0.019685	     -1.00	   1667.48	    763.95	      5.02	      4.99	     10.56	     10.49	84.05	 2.956e-03	     -0.25	Gaussian	0.000000	0.000000
1310	0	  0.025311	  0.040546	     -1.00	   1352.10	    636.48	      2.49	      2.21	      5.23	      4.65	41.07	 5.976e-04	     -0.25	Gaussian	0.000000	0.000000
1311	0	  0.025254	  0.033149	     -1.00	   1085.65	   1192.23	      2.79	      2.77	      5.86	      5.83	77.58	 1.067e-03	     -0.24	Gaussian	0.000000	0.000000
1312	0	  0.026049	  0.042938	     -1.00	   3298.64	   2075.98	      1.51	      1.38	      3.17	      2.89	-3.05	 2.671e-03	     -0.24	Gaussian	0.000000	0.000000
1313	0	  0.025359	  0.041223	     -1.00	    762.78	   3069.44	      2.34	      2.31	      4.92	      4.85	41.13	 5.855e-04	     -0.24	Gaussian	0.000000	0.000000
1314	0	  0.025633	  0.049103	     -1.00	   1833.07	   1864.68	      2.16	      2.10	      4.53	      4.41	53.31	 6.121e-04	     -0.24	Gaussian	0.000000	0.000000
1315	0	  0.025035	  0.034666	     -1.00	     21.44	   2910.18	      2.53	      2.53	      5.32	      5.32	74.24	 6.510e-04	     -0.24	Gaussian	0.000000	0.000000
1316	0	  0.025370	  0.044370	     -1.00	   1414.40	   1217.84	      2.32	      2.15	      4.87	      4.53	35.16	 5.925e-04	     -0.24	Gaussian	0.000000	0.000000
1317	0	  0.025460	  0.046814	     -1.00	   1412.10	   2831.81	      2.20	      2.15	      4.63	      4.51	55.07	 6.197e-04	     -0.24	Gaussian	0.000000	0.000000
1318	0	  0.024975	  0.028019	     -1.00	    693.86	    737.15	      3.03	      2.92	      6.37	      6.14	76.69	 9.455e-04	     -0.24	Gaussian	0.000000	0.000000
1319	0	  0.026834	  0.031209	     -1.00	   4437.41	   2317.13	      3.79	      2.90	      7.96	      6.10	89.16	 4.219e-03	     -0.24	Gaussian	0.000000	0.000000
1320	0	  0.025055	  0.036188	     -1.00	    714.43	    547.65	      2.72	      2.25	      5.72	      4.73	13.45	 6.657e-04	     -0.24	Gaussian	0.000000	0.000000
1321	0	  0.024769	  0.026963	     -1.00	   5408.11	     21.18	      3.46	      2.93	      7.27	      6.15	10.57	 1.291e-03	     -0.24	Gaussian	0.000000	0.000000
1322	0	  0.025659	  0.049082	     -1.00	   2769.29	    900.83	      2.22	      2.02	      4.67	      4.24	66.06	 6.155e-04	     -0.24	Gaussian	0.000000	0.000000
1323	0	  0.025681	  0.040637	     -1.00	   3561.97	   2083.18	      2.52	      2.15	      5.29	      4.51	-60.68	 6.130e-04	     -0.24	Gaussian	0.000000	0.000000
1324	0	  0.025203	  0.039055	     -1.00	    786.38	   2560.09	      2.37	      2.37	      4.99	      4.98	-89.92	 6.590e-04	     -0.24	Gaussian	0.000000	0.000000
1325	0	  0.025805	  0.050027	     -1.00	   2481.11	   2031.36	      1.73	      1.67	      3.64	      3.52	83.32	 1.843e-03	     -0.24	Gaussian	0.000000	0.000000
1326	0	  0.025219	  0.025633	     -1.00	   5062.93	   1839.05	      3.61	      3.60	      7.59	      7.57	86.77	 1.966e-03	     -0.24	Gaussian	0.000000	0.000000
1327	0	  0.025610	  0.048488	     -1.00	   3916.26	   3779.81	      2.28	      2.00	      4.80	      4.19	80.10	 5.948e-04	     -0.24	Gaussian	0.000000	0.000000
1328	0	  0.025441	  0.026866	     -1.00	   2108.86	   1594.25	      3.25	      3.23	      6.83	      6.79	80.78	 1.528e-03	     -0.24	Gaussian	0.000000	0.000000
1329	0	  0.024961	  0.028597	     -1.00	   6000.17	   2502.10	      4.01	      3.29	      8.42	      6.92	83.85	 1.838e-03	     -0.24	Gaussian	0.000000	0.000000
1330	0	  0.025443	  0.043797	     -1.00	   3377.74	    124.65	      2.37	      2.12	      4.97	      4.45	45.28	 5.722e-04	     -0.24	Gaussian	0.000000	0.000000
1331	0	  0.025806	  0.048425	     -1.00	   3820.86	   2341.38	      1.62	      1.59	      3.41	      3.34	23.26	 2.274e-03	     -0.24	Gaussian	0.000000	0.000000
1332	0	  0.025402	  0.016950	     -1.00	   3292.29	    380.06	      5.01	      2.59	     10.53	      5.43	74.22	 2.251e-03	     -0.24	Gaussian	0.000000	0.000000
1333	0	  0.025434	  0.046375	     -1.00	   4372.73	    888.48	      2.27	      2.07	      4.78	      4.36	67.98	 5.478e-04	     -0.24	Gaussian	0.000000	0.000000
1334	0	  0.025320	  0.042012	     -1.00	   1049.91	   3254.93	      2.28	      2.28	      4.80	      4.80	74.51	 6.075e-04	     -0.24	Gaussian	0.000000	0.000000
1335	0	  0.024963	  0.038340	     -1.00	   5674.56	   1109.25	      2.62	      2.17	      5.52	      4.55	65.07	 6.519e-04	     -0.24	Gaussian	0.000000	0.000000
1336	0	  0.025710	  0.048524	     -1.00	   2536.57	   1702.83	      2.18	      2.05	      4.58	      4.32	79.43	 5.792e-04	     -0.24	Gaussian	0.000000	0.000000
1337	0	  0.025125	  0.026448	     -1.00	   4816.11	    290.21	      3.38	      2.73	      7.11	      5.75	84.77	 1.196e-03	     -0.24	Gaussian	0.000000	0.000000
1338	0	  0.025094	  0.031229	     -1.00	    769.47	    121.49	      2.67	      2.60	      5.61	      5.47	-12.09	 6.354e-04	     -0.24	Gaussian	0.000000	0.000000
1339	0	  0.024927	  0.041590	     -1.00	   6177.68	   3401.91	      2.69	      2.63	      5.65	      5.53	-24.24	 1.050e-03	     -0.24	Gaussian	0.000000	0.000000
1340	0	  0.025791	  0.034592	     -1.00	   2690.65	   2025.84	      1.77	      1.60	      3.73	      3.37	77.29	 2.577e-03	     -0.24	Gaussian	0.000000	0.000000
1341	0	  0.025337	  0.038498	     -1.00	   1198.74	    597.49	      2.57	      2.19	      5.40	      4.60	25.00	 6.748e-04	     -0.24	Gaussian	0.000000	0.000000
1342	0	  0.025553	  0.042895	     -1.00	   1954.17	   4220.43	      2.25	      2.25	      4.72	      4.72	7.20	 6.450e-04	     -0.24	Gaussian	0.000000	0.000000
1343	0	  0.024911	  0.030996	     -1.00	    209.46	   1803.42	      2.64	      2.64	      5.55	      5.54	-81.26	 6.154e-04	     -0.24	Gaussian	0.000000	0.000000
1344	0	  0.025711	  0.048121	     -1.00	   2105.59	   1217.17	      2.18	      2.06	      4.58	      4.33	59.03	 6.237e-04	     -0.24	Gaussian	0.000000	0.000000
1345	0	  0.025294	  0.035964	     -1.00	   5161.77	   3198.96	      2.73	      2.19	      5.73	      4.61	42.14	 6.667e-04	     -0.24	Gaussian	0.000000	0.000000
1346	0	  0.025180	  0.034380	     -1.00	   5162.59	    760.23	      3.36	      3.19	      7.06	      6.70	83.20	 2.026e-03	     -0.24	Gaussian	0.000000	0.000000
1347	0	  0.025365	  0.046128	     -1.00	   4651.78	   3738.97	      2.28	      2.05	      4.79	      4.30	67.99	 5.432e-04	     -0.24	Gaussian	0.000000	0.000000
1348	0	  0.025595	  0.047232	     -1.00	   2322.59	   3539.64	      2.22	      2.05	      4.66	      4.30	86.44	 5.288e-04	     -0.24	Gaussian	0.000000	0.000000
1349	0	  0.025697	  0.047825	     -1.00	   3359.02	   1882.61	      2.12	      2.12	      4.46	      4.45	7.48	 6.412e-04	     -0.24	Gaussian	0.000000	0.000000
1350	0	  0.025655	  0.040267	     -1.00	   2951.43	    996.20	      1.99	      1.57	      4.18	      3.31	41.25	 1.583e-03	     -0.24	Gaussian	0.000000	0.000000
1351	0	  0.024676	  0.032194	     -1.00	    157.53	    428.37	      2.58	      2.58	      5.43	      5.43	61.54	 6.500e-04	     -0.24	Gaussian	0.000000	0.000000
1352	0	  0.025182	  0.038582	     -1.00	   1174.94	    710.22	      2.54	      2.19	      5.33	      4.60	22.28	 5.730e-04	     -0.24	Gaussian	0.000000	0.000000
1353	0	  0.025017	  0.042190	     -1.00	   5750.98	    472.63	      2.45	      2.08	      5.14	      4.37	55.81	 6.018e-04	     -0.24	Gaussian	0.000000	0.000000
1354	0	  0.024965	  0.035604	     -1.00	    232.43	   2867.60	      2.45	      2.45	      5.16	      5.16	68.76	 5.915e-04	     -0.24	Gaussian	0.000000	0.000000
1355	0	  0.025673	  0.023592	     -1.00	   3369.33	   3622.10	      4.65	      4.55	      9.78	      9.56	87.26	 3.190e-03	     -0.24	Gaussian	0.000000	0.000000
1356	0	  0.025633	  0.049073	     -1.00	   2566.96	   3300.57	      2.18	      2.00	      4.58	      4.20	84.61	 5.802e-04	     -0.24	Gaussian	0.000000	0.000000
1357	0	  0.025498	  0.037529	     -1.00	   1654.22	   3537.06	      2.78	      2.59	      5.85	      5.44	83.83	 1.153e-03	     -0.24	Gaussian	0.000000	0.000000
1358	0	  0.025404	  0.030594	     -1.00	   3273.33	   1654.21	      3.33	      2.61	      7.00	      5.49	69.22	 1.201e-03	     -0.24	Gaussian	0.000000	0.000000
1359	0	  0.024919	  0.031094	     -1.00	    270.63	   2080.01	      3.13	      3.10	      6.57	      6.52	-23.88	 1.193e-03	     -0.24	Gaussian	0.000000	0.000000
1360	0	  0.025565	  0.029694	     -1.00	   3011.38	   1240.62	      3.21	      3.13	      6.74	      6.57	10.44	 1.589e-03	     -0.24	Gaussian	0.000000	0.000000
1361	0	  0.025217	  0.045336	     -1.00	   5213.73	   1277.81	      2.28	      2.06	      4.80	      4.33	57.83	 5.851e-04	     -0.24	Gaussian	0.000000	0.000000
1362	0	  0.025357	  0.040020	     -1.00	   1376.07	    781.54	      2.47	      2.16	      5.19	      4.54	27.61	 5.675e-04	     -0.24	Gaussian	0.000000	0.000000
1363	0	  0.025360	  0.045974	     -1.00	   4199.89	    245.43	      2.25	      2.06	      4.72	      4.32	50.32	 5.630e-04	     -0.24	Gaussian	0.000000	0.000000
1364	0	  0.025663	  0.048406	     -1.00	   3200.51	   3651.01	      2.20	      2.00	      4.63	      4.20	82.61	 5.782e-04	     -0.23	Gaussian	0.000000	0.000000
1365	0	  0.025439	  0.040491	     -1.00	   1541.28	    818.51	      2.45	      2.15	      5.14	      4.51	36.55	 6.047e-04	     -0.23	Gaussian	0.000000	0.000000
1366	0	  0.025130	  0.025600	     -1.00	    676.69	   1260.70	      1.81	      1.76	      3.79	      3.70	78.14	 2.087e-03	     -0.23	Gaussian	0.000000	0.000000
1367	0	  0.025624	  0.047831	     -1.00	   3110.29	   1364.71	      2.20	      2.02	      4.61	      4.25	77.77	 5.840e-04	     -0.23	Gaussian	0.000000	0.000000
1368	0	  0.025549	  0.037885	     -1.00	   1041.89	   3965.91	      2.39	      2.34	      5.02	      4.92	35.27	 8.327e-04	     -0.23	Gaussian	0.000000	0.000000
1369	0	  0.025413	  0.029049	     -1.00	   4445.54	   2536.51	      3.35	      2.18	      7.04	      4.58	37.57	 5.830e-04	     -0.23	Gaussian	0.000000	0.000000
1370	0	  0.025908	  0.030367	     -1.00	   2065.04	   1490.46	      1.78	      1.64	      3.75	      3.44	3.36	 2.616e-03	     -0.23	Gaussian	0.000000	0.000000
1371	0	  0.025032	  0.031603	     -1.00	     99.41	    111.63	      2.58	      2.58	      5.43	      5.43	87.50	 1.415e-03	     -0.23	Gaussian	0.000000	0.000000
1372	0	  0.025791	  0.029841	     -1.00	   3281.60	   2565.48	      1.70	      1.47	      3.58	      3.08	7.06	 2.953e-03	     -0.23	Gaussian	0.000000	0.000000
1373	0	  0.025570	  0.044877	     -1.00	   3420.84	   3208.45	      2.26	      2.08	      4.74	      4.38	79.68	 5.354e-04	     -0.23	Gaussian	0.000000	0.000000
1374	0	  0.025098	  0.016676	     -1.00	   2107.29	   1634.25	      4.62	      2.79	      9.71	      5.85	78.82	 1.301e-03	     -0.23	Gaussian	0.000000	0.000000
1375	0	  0.025665	  0.043471	     -1.00	   3414.06	    695.58	      1.65	      1.60	      3.47	      3.36	85.68	 2.360e-03	     -0.23	Gaussian	0.000000	0.000000
1376	0	  0.025724	  0.044843	     -1.00	   3916.74	   2002.88	      2.25	      2.08	      4.72	      4.38	-86.34	 5.391e-04	     -0.23	Gaussian	0.000000	0.000000
1377	0	  0.025487	  0.044088	     -1.00	   4865.83	   3947.39	      2.36	      2.02	      4.95	      4.24	64.23	 5.729e-04	     -0.23	Gaussian	0.000000	0.000000
1378	0	  0.025487	  0.044772	     -1.00	   4165.36	   3700.82	      2.28	      2.06	      4.79	      4.33	71.12	 5.035e-04	     -0.23	Gaussian	0.000000	0.000000
1379	0	  0.025657	  0.042305	     -1.00	   2381.85	    229.90	      2.36	      2.10	      4.97	      4.42	41.78	 6.805e-04	     -0.23	Gaussian	0.000000	0.000000
1380	0	  0.025815	  0.042590	     -1.00	   3484.43	    830.35	      2.35	      2.10	      4.94	      4.41	82.67	 1.330e-03	     -0.23	Gaussian	0.000000	0.000000
1381	0	  0.025364	  0.043013	     -1.00	   4936.45	   3569.04	      2.35	      2.08	      4.93	      4.38	65.99	 5.225e-04	     -0.23	Gaussian	0.000000	0.000000
1382	0	  0.025583	  0.046725	     -1.00	   3825.52	   1229.98	      2.21	      2.03	      4.65	      4.26	78.83	 5.738e-04	     -0.23	Gaussian	0.000000	0.000000
1383	0	  0.025039	  0.041540	     -1.00	   5623.65	   1036.06	      2.39	      2.11	      5.03	      4.43	50.08	 5.417e-04	     -0.23	Gaussian	0.000000	0.000000
1384	0	  0.025630	  0.037889	     -1.00	   2344.53	   2026.20	      1.89	      1.71	      3.97	      3.59	70.69	 1.620e-03	     -0.23	Gaussian	0.000000	0.000000
1385	0	  0.025636	  0.025169	     -1.00	   3090.02	   3377.55	      1.66	      1.46	      3.49	      3.08	1.00	 2.936e-03	     -0.23	Gaussian	0.000000	0.000000
1386	0	  0.025165	  0.031540	     -1.00	   5951.44	   3870.17	      3.12	      2.84	      6.57	      5.97	80.77	 1.275e-03	     -0.23	Gaussian	0.000000	0.000000
1387	0	  0.025193	  0.027056	     -1.00	   5170.02	   1333.24	      4.04	      3.41	      8.48	      7.16	4.61	 2.147e-03	     -0.23	Gaussian	0.000000	0.000000
1388	0	  0.024707	  0.032174	     -1.00	    250.83	     80.68	      2.55	      2.55	      5.35	      5.35	-70.97	 6.635e-04	     -0.23	Gaussian	0.000000	0.000000
1389	0	  0.025218	  0.038487	     -1.00	   1177.84	   1032.44	      2.50	      2.17	      5.26	      4.57	27.61	 5.563e-04	     -0.23	Gaussian	0.000000	0.000000
1390	0	  0.025011	  0.043050	     -1.00	   6024.91	   1970.58	      2.35	      2.07	      4.94	      4.35	57.54	 5.968e-04	     -0.23	Gaussian	0.000000	0.000000
1391	0	  0.026082	  0.044272	     -1.00	   2711.98	   2104.85	      2.24	      2.11	      4.71	      4.42	65.74	 1.768e-03	     -0.23	Gaussian	0.000000	0.000000
1392	0	  0.025323	  0.031958	     -1.00	   5680.49	   3985.51	      3.22	      3.12	      6.76	      6.55	8.30	 1.737e-03	     -0.23	Gaussian	0.000000	0.000000
1393	0	  0.025727	  0.027473	     -1.00	   2313.25	   1212.14	      4.02	      3.26	      8.45	      6.86	84.67	 2.164e-03	     -0.23	Gaussian	0.000000	0.000000
1394	0	  0.025076	  0.043304	     -1.00	   6153.73	   2602.51	      2.37	      2.03	      4.97	      4.28	57.70	 5.906e-04	     -0.23	Gaussian	0.000000	0.000000
1395	0	  0.025469	  0.040972	     -1.00	   1693.30	   1914.77	      2.28	      2.23	      4.78	      4.69	-51.27	 6.239e-04	     -0.23	Gaussian	0.000000	0.000000
1396	0	  0.024828	  0.040027	     -1.00	   6264.74	   3151.77	      2.35	      2.21	      4.93	      4.65	72.67	 5.719e-04	     -0.23	Gaussian	0.000000	0.000000
1397	0	  0.024831	  0.023551	     -1.00	    199.71	   1739.02	      3.29	      3.19	      6.92	      6.70	89.10	 8.714e-04	     -0.23	Gaussian	0.000000	0.000000
1398	0	  0.025447	  0.045346	     -1.00	   5041.47	   2693.83	      2.23	      2.04	      4.70	      4.29	63.11	 5.256e-04	     -0.23	Gaussian	0.000000	0.000000
1399	0	  0.025633	  0.045625	     -1.00	   3975.45	   1185.90	      2.23	      2.03	      4.68	      4.28	68.03	 4.984e-04	     -0.23	Gaussian	0.000000	0.000000
1400	0	  0.025522	  0.020891	     -1.00	   3492.50	   1103.00	      4.89	      4.89	     10.27	     10.27	86.61	 3.074e-03	     -0.23	Gaussian	0.000000	0.000000
1401	0	  0.025597	  0.045926	     -1.00	   2168.31	    937.93	      2.20	      2.05	      4.63	      4.31	60.22	 6.189e-04	     -0.23	Gaussian	0.000000	0.000000
1402	0	  0.025280	  0.043507	     -1.00	   5350.51	   1471.92	      2.31	      2.06	      4.85	      4.33	56.18	 5.859e-04	     -0.23	Gaussian	0.000000	0.000000
1403	0	  0.025248	  0.016770	     -1.00	   1198.03	   4245.10	      4.75	      3.58	      9.99	      7.53	87.54	 1.402e-03	     -0.23	Gaussian	0.000000	0.000000
1404	0	  0.025090	  0.041338	     -1.00	   5980.78	   3340.56	      2.37	      2.11	      4.98	      4.43	64.67	 5.844e-04	     -0.23	Gaussian	0.000000	0.000000
1405	0	  0.025436	  0.034675	     -1.00	    200.42	   2637.41	      2.44	      2.44	      5.13	      5.13	58.47	 1.995e-03	     -0.23	Gaussian	0.000000	0.000000
1406	0	  0.025113	  0.022802	     -1.00	    909.95	   2728.21	      3.49	      3.27	      7.34	      6.87	77.63	 1.347e-03	     -0.23	Gaussian	0.000000	0.000000
1407	0	  0.025718	  0.044190	     -1.00	   3154.27	   2401.68	      2.29	      2.04	      4.81	      4.28	-86.06	 5.591e-04	     -0.23	Gaussian	0.000000	0.000000
1408	0	  0.025455	  0.044172	     -1.00	   4556.75	   3199.69	      2.31	      2.02	      4.86	      4.24	71.67	 7.429e-04	     -0.23	Gaussian	0.000000	0.000000
1409	0	  0.025920	  0.047506	     -1.00	   2620.53	   1081.86	      2.10	      2.06	      4.41	      4.33	52.13	 1.011e-03	     -0.23	Gaussian	0.000000	0.000000
1410	0	  0.025206	  0.036017	     -1.00	    685.44	   2624.16	      2.39	      2.38	      5.02	      5.01	83.09	 5.721e-04	     -0.23	Gaussian	0.000000	0.000000
1411	0	  0.025338	  0.039847	     -1.00	   1647.60	    743.65	      2.41	      2.14	      5.07	      4.49	37.87	 5.798e-04	     -0.23	Gaussian	0.000000	0.000000
1412	0	  0.025146	  0.037021	     -1.00	    950.44	   2280.76	      2.39	      2.32	      5.03	      4.88	33.15	 5.412e-04	     -0.23	Gaussian	0.000000	0.000000
1413	0	  0.025610	  0.038843	     -1.00	   3450.48	    544.15	      2.89	      2.59	      6.08	      5.45	-11.25	 1.348e-03	     -0.23	Gaussian	0.000000	0.000000
1414	0	  0.025133	  0.034576	     -1.00	    717.23	   1260.38	      2.49	      2.39	      5.23	      5.03	35.66	 5.813e-04	     -0.23	Gaussian	0.000000	0.000000
1415	0	  0.025409	  0.043175	     -1.00	   4580.48	   1359.73	      2.27	      2.10	      4.77	      4.41	63.22	 5.225e-04	     -0.23	Gaussian	0.000000	0.000000
1416	0	  0.025111	  0.026917	     -1.00	   5550.64	   3339.13	      3.34	      3.25	      7.02	      6.83	57.07	 1.436e-03	     -0.23	Gaussian	0.000000	0.000000
1417	0	  0.025683	  0.045103	     -1.00	   3240.45	   3338.67	      2.22	      2.05	      4.67	      4.30	-89.84	 5.772e-04	     -0.23	Gaussian	0.000000	0.000000
1418	0	  0.025349	  0.034210	     -1.00	    230.65	   2309.02	      2.89	      2.35	      6.07	      4.95	83.87	 1.531e-03	     -0.23	Gaussian	0.000000	0.000000
1419	0	  0.025435	  0.033006	     -1.00	   4063.24	   3855.32	      3.22	      2.38	      6.76	      5.00	55.28	 1.122e-03	     -0.23	Gaussian	0.000000	0.000000
1420	0	  0.025651	  0.040681	     -1.00	   1784.93	   4109.67	      2.25	      2.23	      4.73	      4.69	-81.78	 9.210e-04	     -0.23	Gaussian	0.000000	0.000000
1421	0	  0.024823	  0.025382	     -1.00	    353.99	   1046.37	      3.88	      3.26	      8.16	      6.86	4.19	 1.318e-03	     -0.23	Gaussian	0.000000	0.000000
1422	0	  0.025767	  0.040082	     -1.00	   4169.55	   2176.10	      1.84	      1.68	      3.87	      3.52	69.23	 1.889e-03	     -0.23	Gaussian	0.000000	0.000000
1423	0	  0.025632	  0.046010	     -1.00	   3436.55	   1442.97	      2.20	      2.02	      4.62	      4.24	86.11	 5.119e-04	     -0.23	Gaussian	0.000000	0.000000
1424	0	  0.025695	  0.043887	     -1.00	   3345.31	   1661.91	      2.25	      2.07	      4.73	      4.34	81.90	 4.975e-04	     -0.23	Gaussian	0.000000	0.000000
1425	0	  0.024820	  0.031991	     -1.00	    525.71	    411.99	      2.72	      2.34	      5.73	      4.92	15.34	 5.919e-04	     -0.23	Gaussian	0.000000	0.000000
1426	0	  0.025200	  0.034086	     -1.00	    536.02	   3313.55	      2.45	      2.44	      5.14	      5.14	-49.50	 6.052e-04	     -0.23	Gaussian	0.000000	0.000000
1427	0	  0.025463	  0.030359	     -1.00	   2207.55	   3645.30	      2.95	      2.82	      6.21	      5.94	83.54	 1.138e-03	     -0.23	Gaussian	0.000000	0.000000
1428	0	  0.025141	  0.036165	     -1.00	    642.48	   1308.11	      2.37	      2.37	      4.99	      4.99	81.71	 6.303e-04	     -0.23	Gaussian	0.000000	0.000000
1429	0	  0.025733	  0.043155	     -1.00	   4005.66	   2120.04	      2.27	      2.07	      4.76	      4.36	70.20	 7.049e-04	     -0.23	Gaussian	0.000000	0.000000
1430	0	  0.025650	  0.029670	     -1.00	   1942.34	    603.22	      3.02	      2.83	      6.35	      5.96	84.82	 1.933e-03	     -0.22	Gaussian	0.000000	0.000000
1431	0	  0.025397	  0.043677	     -1.00	   4346.06	   3541.88	      2.26	      2.05	      4.75	      4.32	71.76	 5.604e-04	     -0.22	Gaussian	0.000000	0.000000
1432	0	  0.025247	  0.041401	     -1.00	   5907.44	   2591.71	      2.36	      2.08	      4.96	      4.37	57.53	 5.240e-04	     -0.22	Gaussian	0.000000	0.000000
1433	0	  0.025782	  0.044547	     -1.00	   2724.53	    975.67	      2.19	      2.07	      4.60	      4.36	66.47	 5.221e-04	     -0.22	Gaussian	0.000000	0.000000
1434	0	  0.024658	  0.036040	     -1.00	   6296.84	    515.35	      2.64	      2.13	      5.55	      4.48	50.99	 5.765e-04	     -0.22	Gaussian	0.000000	0.000000
1435	0	  0.025153	  0.023088	     -1.00	   1130.70	    746.50	      1.73	      1.70	      3.63	      3.58	78.34	 1.994e-03	     -0.22	Gaussian	0.000000	0.000000
1436	0	  0.025052	  0.041632	     -1.00	   5458.88	    645.43	      2.32	      2.09	      4.89	      4.39	51.07	 5.839e-04	     -0.22	Gaussian	0.000000	0.000000
1437	0	  0.024881	  0.034907	     -1.00	    330.15	   1142.81	      2.55	      2.28	      5.35	      4.79	19.71	 5.719e-04	     -0.22	Gaussian	0.000000	0.000000
1438	0	  0.025266	  0.038466	     -1.00	   1205.71	    955.54	      2.42	      2.17	      5.08	      4.56	29.41	 5.608e-04	     -0.22	Gaussian	0.000000	0.000000
1439	0	  0.025439	  0.040054	     -1.00	   2818.60	    413.52	      2.33	      2.17	      4.89	      4.56	56.48	 5.101e-04	     -0.22	Gaussian	0.000000	0.000000
1440	0	  0.025483	  0.029286	     -1.00	   1685.16	    800.26	      3.20	      2.92	      6.73	      6.14	-4.63	 1.170e-03	     -0.22	Gaussian	0.000000	0.000000
1441	0	  0.025548	  0.043221	     -1.00	   4350.21	   4066.61	      2.16	      2.16	      4.55	      4.55	18.89	 6.556e-04	     -0.22	Gaussian	0.000000	0.000000
1442	0	  0.025379	  0.041308	     -1.00	   4419.36	   3822.24	      2.20	      2.03	      4.61	      4.26	50.83	 6.197e-04	     -0.22	Gaussian	0.000000	0.000000
1443	0	  0.024987	  0.019723	     -1.00	   1364.92	   2691.22	      4.02	      2.74	      8.45	      5.75	63.53	 1.213e-03	     -0.22	Gaussian	0.000000	0.000000
1444	0	  0.025629	  0.044955	     -1.00	   3964.01	   1638.88	      2.19	      2.05	      4.60	      4.30	84.47	 5.619e-04	     -0.22	Gaussian	0.000000	0.000000
1445	0	  0.025590	  0.041494	     -1.00	   3380.72	   3884.72	      2.28	      2.13	      4.79	      4.48	85.28	 4.774e-04	     -0.22	Gaussian	0.000000	0.000000
1446	0	  0.025842	  0.044249	     -1.00	   3133.22	   2808.88	      2.23	      2.04	      4.68	      4.29	89.81	 6.634e-04	     -0.22	Gaussian	0.000000	0.000000
1447	0	  0.025471	  0.040822	     -1.00	   4178.61	   3806.50	      2.33	      2.12	      4.89	      4.45	77.47	 5.069e-04	     -0.22	Gaussian	0.000000	0.000000
1448	0	  0.026708	  0.031281	     -1.00	   3195.36	   2213.99	      3.16	      2.70	      6.64	      5.67	-87.69	 4.473e-03	     -0.22	Gaussian	0.000000	0.000000
1449	0	  0.024654	  0.030453	     -1.00	    100.68	    252.93	      2.68	      2.47	      5.62	      5.20	-5.77	 6.100e-04	     -0.22	Gaussian	0.000000	0.000000
1450	0	  0.025451	  0.024627	     -1.00	   3465.91	    240.22	      3.16	      3.10	      6.64	      6.53	75.93	 1.335e-03	     -0.22	Gaussian	0.000000	0.000000
1451	0	  0.024979	  0.030446	     -1.00	     54.11	   4125.68	      2.59	      2.55	      5.45	      5.35	48.01	 6.243e-04	     -0.22	Gaussian	0.000000	0.000000
1452	0	  0.025486	  0.037655	     -1.00	   1177.03	   1298.56	      2.31	      2.31	      4.86	      4.86	4.54	 7.060e-04	     -0.22	Gaussian	0.000000	0.000000
1453	0	  0.025510	  0.029134	     -1.00	   3316.52	    404.34	      1.77	      1.59	      3.72	      3.33	81.65	 2.322e-03	     -0.22	Gaussian	0.000000	0.000000
1454	0	  0.025523	  0.042938	     -1.00	   2637.20	    697.86	      2.26	      2.07	      4.76	      4.35	55.73	 5.652e-04	     -0.22	Gaussian	0.000000	0.000000
1455	0	  0.025260	  0.041697	     -1.00	   4639.42	    776.62	      2.27	      2.12	      4.77	      4.46	77.90	 5.236e-04	     -0.22	Gaussian	0.000000	0.000000
1456	0	  0.025394	  0.040147	     -1.00	   1141.81	   2086.46	      2.37	      2.12	      4.97	      4.45	29.37	 5.996e-04	     -0.22	Gaussian	0.000000	0.000000
1457	0	  0.025870	  0.046023	     -1.00	   3348.93	   3737.77	      2.15	      2.02	      4.52	      4.25	86.59	 6.334e-04	     -0.22	Gaussian	0.000000	0.000000
1458	0	  0.025383	  0.036033	     -1.00	    982.65	   4179.03	      2.41	      2.31	      5.06	      4.85	4.04	 5.881e-04	     -0.22	Gaussian	0.000000	0.000000
1459	0	  0.025509	  0.038739	     -1.00	   3930.44	   3392.26	      2.50	      2.17	      5.26	      4.57	43.72	 6.666e-04	     -0.22	Gaussian	0.000000	0.000000
1460	0	  0.025471	  0.038933	     -1.00	   5023.40	   2184.19	      1.82	      1.55	      3.82	      3.25	51.46	 1.601e-03	     -0.22	Gaussian	0.000000	0.000000
1461	0	  0.025364	  0.025335	     -1.00	   3568.56	   4064.07	      3.67	      3.64	      7.70	      7.65	47.85	 2.053e-03	     -0.22	Gaussian	0.000000	0.000000
1462	0	  0.024928	  0.020831	     -1.00	    187.14	   2949.75	      3.76	      2.56	      7.89	      5.38	45.28	 7.896e-04	     -0.22	Gaussian	0.000000	0.000000
1463	0	  0.025830	  0.035733	     -1.00	    887.95	   1147.70	      2.58	      2.17	      5.43	      4.55	24.90	 2.079e-03	     -0.22	Gaussian	0.000000	0.000000
1464	0	  0.025490	  0.040855	     -1.00	   3996.35	   4090.57	      2.34	      2.09	      4.93	      4.39	75.97	 5.415e-04	     -0.22	Gaussian	0.000000	0.000000
1465	0	  0.026286	  0.047910	     -1.00	   3920.90	   1000.89	      2.12	      1.97	      4.45	      4.13	67.22	 2.859e-03	     -0.22	Gaussian	0.000000	0.000000
1466	0	  0.025015	  0.024687	     -1.00	   4681.83	    702.19	      3.63	      2.59	      7.64	      5.44	49.74	 1.164e-03	     -0.22	Gaussian	0.000000	0.000000
1467	0	  0.025078	  0.033246	     -1.00	    403.55	   3878.11	      2.45	      2.45	      5.14	      5.14	83.68	 6.072e-04	     -0.22	Gaussian	0.000000	0.000000
1468	0	  0.025270	  0.036683	     -1.00	   1374.43	    487.69	      2.50	      2.18	      5.25	      4.57	35.95	 5.631e-04	     -0.22	Gaussian	0.000000	0.000000
1469	0	  0.025567	  0.043540	     -1.00	   3846.74	   2125.01	      2.23	      2.05	      4.68	      4.31	78.70	 5.162e-04	     -0.22	Gaussian	0.000000	0.000000
1470	0	  0.025352	  0.025288	     -1.00	   2798.81	   3788.04	      3.32	      3.32	      6.98	      6.97	87.85	 1.506e-03	     -0.22	Gaussian	0.000000	0.000000
1471	0	  0.025031	  0.040376	     -1.00	   5222.11	    338.60	      2.35	      2.09	      4.95	      4.40	47.47	 5.550e-04	     -0.22	Gaussian	0.000000	0.000000
1472	0	  0.025373	  0.015839	     -1.00	   2266.24	   4027.38	      4.13	      4.13	      8.68	      8.68	4.81	 1.630e-03	     -0.22	Gaussian	0.000000	0.000000
1473	0	  0.025532	  0.041287	     -1.00	   1487.47	   3834.27	      2.23	      2.17	      4.68	      4.55	65.72	 6.275e-04	     -0.22	Gaussian	0.000000	0.000000
1474	0	  0.025471	  0.043862	     -1.00	   3533.91	   4057.37	      2.24	      2.01	      4.72	      4.23	80.65	 5.372e-04	     -0.22	Gaussian	0.000000	0.000000
1475	0	  0.025162	  0.035975	     -1.00	    611.80	   1896.48	      2.45	      2.25	      5.15	      4.72	17.13	 6.137e-04	     -0.22	Gaussian	0.000000	0.000000
1476	0	  0.025525	  0.024326	     -1.00	   2107.98	   2889.06	      1.73	      1.70	      3.64	      3.57	70.15	 2.763e-03	     -0.22	Gaussian	0.000000	0.000000
1477	0	  0.025156	  0.036204	     -1.00	   1337.17	    573.52	      2.55	      2.15	      5.36	      4.51	27.15	 5.414e-04	     -0.22	Gaussian	0.000000	0.000000
1478	0	  0.025330	  0.038577	     -1.00	   6269.93	    927.33	      2.46	      2.09	      5.17	      4.39	47.09	 2.381e-03	     -0.22	Gaussian	0.000000	0.000000
1479	0	  0.025471	  0.039472	     -1.00	   4290.43	   3176.37	      2.35	      2.13	      4.94	      4.48	77.14	 4.723e-04	     -0.22	Gaussian	0.000000	0.000000
1480	0	  0.024940	  0.040096	     -1.00	   6318.95	   2502.69	      2.44	      2.03	      5.12	      4.26	63.33	 6.687e-04	     -0.22	Gaussian	0.000000	0.000000
1481	0	  0.025263	  0.025247	     -1.00	   6111.80	   1587.30	      1.79	      1.72	      3.76	      3.61	79.43	 2.386e-03	     -0.22	Gaussian	0.000000	0.000000
1482	0	  0.025100	  0.033916	     -1.00	    213.64	   2988.74	      2.42	      2.41	      5.08	      5.08	-74.00	 5.709e-04	     -0.22	Gaussian	0.000000	0.000000
1483	0	  0.025507	  0.026759	     -1.00	   5228.43	   3624.90	      3.48	      2.12	      7.32	      4.45	40.62	 1.096e-03	     -0.22	Gaussian	0.000000	0.000000
1484	0	  0.025033	  0.027370	     -1.00	    290.36	   1171.59	      2.12	      2.04	      4.45	      4.29	85.02	 1.612e-03	     -0.22	Gaussian	0.000000	0.000000
1485	0	  0.025585	  0.036979	     -1.00	   3510.46	   2922.13	      1.95	      1.58	      4.10	      3.32	27.98	 1.479e-03	     -0.22	Gaussian	0.000000	0.000000
1486	0	  0.025700	  0.035904	     -1.00	   3330.42	   3442.60	      1.99	      1.80	      4.19	      3.78	80.55	 1.589e-03	     -0.22	Gaussian	0.000000	0.000000
1487	0	  0.024771	  0.035362	     -1.00	   6318.54	    882.60	      2.61	      2.12	      5.50	      4.46	50.72	 5.596e-04	     -0.22	Gaussian	0.000000	0.000000
1488	0	  0.025286	  0.038786	     -1.00	   2241.93	    454.48	      2.38	      2.12	      5.01	      4.46	37.47	 5.365e-04	     -0.22	Gaussian	0.000000	0.000000
1489	0	  0.025830	  0.038499	     -1.00	   1221.61	    587.86	      2.41	      2.11	      5.07	      4.44	31.47	 2.596e-03	     -0.22	Gaussian	0.000000	0.000000
1490	0	  0.025474	  0.021417	     -1.00	   3246.03	   3727.25	      3.44	      3.32	      7.23	      6.98	79.16	 1.644e-03	     -0.22	Gaussian	0.000000	0.000000
1491	0	  0.025680	  0.043711	     -1.00	   3026.06	   2471.73	      2.22	      2.01	      4.67	      4.22	-80.80	 5.693e-04	     -0.22	Gaussian	0.000000	0.000000
1492	0	  0.025167	  0.025106	     -1.00	   4721.10	    473.18	      4.04	      3.34	      8.49	      7.03	84.31	 1.677e-03	     -0.22	Gaussian	0.000000	0.000000
1493	0	  0.025315	  0.039111	     -1.00	   1793.80	    911.49	      2.35	      2.12	      4.94	      4.46	36.37	 5.420e-04	     -0.22	Gaussian	0.000000	0.000000
1494	0	  0.025302	  0.038303	     -1.00	   1811.47	    574.73	      2.40	      2.12	      5.04	      4.45	39.33	 5.501e-04	     -0.22	Gaussian	0.000000	0.000000
1495	0	  0.024929	  0.028480	     -1.00	    201.12	   4175.54	      2.72	      2.51	      5.72	      5.27	15.66	 5.671e-04	     -0.22	Gaussian	0.000000	0.000000
1496	0	  0.025247	  0.038208	     -1.00	   2087.02	    624.98	      2.34	      2.17	      4.92	      4.55	40.16	 5.449e-04	     -0.22	Gaussian	0.000000	0.000000
1497	0	  0.025199	  0.023940	     -1.00	   2243.82	    130.12	      3.35	      3.32	      7.05	      6.98	77.77	 1.405e-03	     -0.22	Gaussian	0.000000	0.000000
1498	0	  0.025563	  0.044367	     -1.00	   3931.84	   1152.96	      2.17	      2.02	      4.55	      4.25	69.06	 5.135e-04	     -0.22	Gaussian	0.000000	0.000000
1499	0	  0.025237	  0.032562	     -1.00	   5513.55	   3607.07	      2.70	      2.49	      5.66	      5.23	-58.56	 8.505e-04	     -0.22	Gaussian	0.000000	0.000000
1500	0	  0.025486	  0.038613	     -1.00	   4480.64	   2658.60	      2.36	      2.14	      4.95	      4.49	68.36	 5.105e-04	     -0.22	Gaussian	0.000000	0.000000
1501	0	  0.025698	  0.043305	     -1.00	   2629.91	   3245.90	      2.11	      2.11	      4.44	      4.44	-44.87	 6.090e-04	     -0.22	Gaussian	0.000000	0.000000
1502	0	  0.024959	  0.018619	     -1.00	    393.95	    805.64	      1.85	      1.85	      3.89	      3.89	74.12	 2.065e-03	     -0.22	Gaussian	0.000000	0.000000
1503	0	  0.024755	  0.032249	     -1.00	   6139.98	    363.65	      2.73	      2.19	      5.74	      4.60	60.03	 9.630e-04	     -0.22	Gaussian	0.000000	0.000000
1504	0	  0.026820	  0.046886	     -1.00	   4375.88	   1887.49	      2.11	      1.95	      4.43	      4.10	77.94	 5.610e-03	     -0.22	Gaussian	0.000000	0.000000
1505	0	  0.025354	  0.038722	     -1.00	   3829.78	    310.74	      2.30	      2.17	      4.83	      4.57	75.24	 5.600e-04	     -0.22	Gaussian	0.000000	0.000000
1506	0	  0.025421	  0.037572	     -1.00	   3766.39	    170.19	      1.94	      1.74	      4.07	      3.66	30.62	 1.209e-03	     -0.21	Gaussian	0.000000	0.000000
1507	0	  0.025464	  0.040175	     -1.00	   1888.57	   1175.73	      2.26	      2.12	      4.75	      4.46	51.59	 5.482e-04	     -0.21	Gaussian	0.000000	0.000000
1508	0	  0.025514	  0.025770	     -1.00	   1592.04	    714.25	      3.28	      2.56	      6.89	      5.39	9.67	 1.199e-03	     -0.21	Gaussian	0.000000	0.000000
1509	0	  0.025181	  0.023027	     -1.00	    545.71	   3042.50	      1.99	      1.96	      4.19	      4.12	82.71	 1.666e-03	     -0.21	Gaussian	0.000000	0.000000
1510	0	  0.025451	  0.024473	     -1.00	   3408.38	   1528.03	      3.59	      2.83	      7.55	      5.94	87.20	 1.303e-03	     -0.21	Gaussian	0.000000	0.000000
1511	0	  0.025252	  0.034290	     -1.00	    650.65	   3034.78	      2.40	      2.33	      5.05	      4.90	-3.18	 5.818e-04	     -0.21	Gaussian	0.000000	0.000000
1512	0	  0.025441	  0.024671	     -1.00	   1549.91	   3183.69	      1.90	      1.87	      3.98	      3.92	78.74	 2.237e-03	     -0.21	Gaussian	0.000000	0.000000
1513	0	  0.025150	  0.041859	     -1.00	   5371.74	   1224.86	      2.22	      2.07	      4.66	      4.35	63.07	 5.516e-04	     -0.21	Gaussian	0.000000	0.000000
1514	0	  0.026194	  0.024339	     -1.00	   1446.85	   4048.68	      1.63	      1.56	      3.44	      3.28	79.07	 2.796e-03	     -0.21	Gaussian	0.000000	0.000000
1515	0	  0.025699	  0.042395	     -1.00	   3087.96	   2733.57	      2.15	      2.10	      4.52	      4.41	70.17	 5.327e-04	     -0.21	Gaussian	0.000000	0.000000
1516	0	  0.025578	  0.037385	     -1.00	   2416.57	   3072.10	      1.71	      1.32	      3.60	      2.78	59.66	 2.064e-03	     -0.21	Gaussian	0.000000	0.000000
1517	0	  0.025380	  0.022301	     -1.00	   3324.95	     88.74	      1.94	      1.92	      4.08	      4.03	70.18	 2.165e-03	     -0.21	Gaussian	0.000000	0.000000
1518	0	  0.025323	  0.037128	     -1.00	   5006.44	   1827.41	      2.37	      2.18	      4.97	      4.58	78.69	 5.144e-04	     -0.21	Gaussian	0.000000	0.000000
1519	0	  0.024806	  0.021038	     -1.00	   6090.46	   2054.19	      3.71	      2.46	      7.79	      5.17	-61.53	 6.750e-04	     -0.21	Gaussian	0.000000	0.000000
1520	0	  0.025671	  0.041796	     -1.00	   2316.52	   1317.80	      2.15	      2.14	      4.51	      4.49	-77.50	 7.632e-04	     -0.21	Gaussian	0.000000	0.000000
1521	0	  0.025197	  0.033813	     -1.00	   1104.82	   1148.69	      2.41	      2.35	      5.07	      4.93	11.61	 5.557e-04	     -0.21	Gaussian	0.000000	0.000000
1522	0	  0.025503	  0.043996	     -1.00	   3452.03	    797.97	      2.18	      2.00	      4.57	      4.20	74.65	 5.065e-04	     -0.21	Gaussian	0.000000	0.000000
1523	0	  0.025082	  0.021984	     -1.00	   5162.96	   1093.18	      3.41	      3.38	      7.17	      7.10	79.75	 1.321e-03	     -0.21	Gaussian	0.000000	0.000000
1524	0	  0.025495	  0.022106	     -1.00	   2214.95	   1141.85	      1.69	      1.66	      3.55	      3.48	72.95	 2.480e-03	     -0.21	Gaussian	0.000000	0.000000
1525	0	  0.025156	  0.033621	     -1.00	    296.61	   2217.38	      2.47	      2.30	      5.19	      4.83	20.21	 7.871e-04	     -0.21	Gaussian	0.000000	0.000000
1526	0	  0.025544	  0.042917	     -1.00	   2721.64	   3339.99	      2.11	      2.10	      4.44	      4.41	78.24	 5.287e-04	     -0.21	Gaussian	0.000000	0.000000
1527	0	  0.025448	  0.018181	     -1.00	   2478.98	   1799.38	      4.33	      4.32	      9.10	      9.08	3.26	 1.976e-03	     -0.21	Gaussian	0.000000	0.000000
1528	0	  0.025089	  0.034662	     -1.00	    708.63	   3468.90	      2.40	      2.29	      5.05	      4.82	6.33	 5.291e-04	     -0.21	Gaussian	0.000000	0.000000
1529	0	  0.025282	  0.035602	     -1.00	   4729.39	   3130.19	      2.57	      2.15	      5.40	      4.52	53.94	 6.022e-04	     -0.21	Gaussian	0.000000	0.000000
1530	0	  0.025287	  0.037688	     -1.00	   1555.23	    410.85	      2.40	      2.11	      5.04	      4.43	39.02	 5.885e-04	     -0.21	Gaussian	0.000000	0.000000
1531	0	  0.025140	  0.038231	     -1.00	    922.85	   1767.93	      2.27	      2.19	      4.78	      4.60	30.08	 5.383e-04	     -0.21	Gaussian	0.000000	0.000000
1532	0	  0.025351	  0.037016	     -1.00	   2829.65	    171.70	      2.42	      2.13	      5.08	      4.47	44.69	 5.752e-04	     -0.21	Gaussian	0.000000	0.000000
1533	0	  0.025421	  0.038509	     -1.00	   2577.00	    471.26	      2.36	      2.09	      4.97	      4.39	52.88	 5.135e-04	     -0.21	Gaussian	0.000000	0.000000
1534	0	  0.025439	  0.042181	     -1.00	   4423.31	    480.89	      2.19	      2.06	      4.61	      4.33	76.53	 5.465e-04	     -0.21	Gaussian	0.000000	0.000000
1535	0	  0.026774	  0.045209	     -1.00	   3191.11	   2220.89	      2.17	      1.94	      4.56	      4.07	84.09	 3.926e-03	     -0.21	Gaussian	0.000000	0.000000
1536	0	  0.025546	  0.042576	     -1.00	   3465.13	   3908.93	      2.22	      2.00	      4.67	      4.21	82.13	 5.753e-04	     -0.21	Gaussian	0.000000	0.000000
1537	0	  0.025100	  0.031273	     -1.00	    452.54	   3163.91	      2.56	      2.36	      5.39	      4.96	11.90	 5.439e-04	     -0.21	Gaussian	0.000000	0.000000
1538	0	  0.025369	  0.039750	     -1.00	   4065.61	    656.80	      2.28	      2.08	      4.80	      4.38	65.20	 4.744e-04	     -0.21	Gaussian	0.000000	0.000000
1539	0	  0.025703	  0.040842	     -1.00	   2888.79	   1373.42	      2.24	      2.07	      4.70	      4.35	77.20	 7.135e-04	     -0.21	Gaussian	0.000000	0.000000
1540	0	  0.025206	  0.030247	     -1.00	   4473.54	    563.19	      2.94	      2.80	      6.17	      5.88	80.10	 1.065e-03	     -0.21	Gaussian	0.000000	0.000000
1541	0	  0.024933	  0.029331	     -1.00	   6002.73	   4130.10	      2.85	      2.26	      5.99	      4.75	49.54	 4.663e-04	     -0.21	Gaussian	0.000000	0.000000
1542	0	  0.025629	  0.024629	     -1.00	   2542.83	   2450.63	      1.53	      1.44	      3.22	      3.03	79.49	 2.467e-03	     -0.21	Gaussian	0.000000	0.000000
1543	0	  0.025789	  0.024668	     -1.00	   3264.02	   2352.53	      1.92	      1.88	      4.03	      3.96	78.73	 2.177e-03	     -0.21	Gaussian	0.000000	0.000000
1544	0	  0.025402	  0.025664	     -1.00	   2036.18	   1626.76	      3.20	      3.20	      6.73	      6.72	9.72	 1.333e-03	     -0.21	Gaussian	0.000000	0.000000
1545	0	  0.025617	  0.041773	     -1.00	   2727.29	   1730.62	      2.21	      2.04	      4.64	      4.29	87.58	 5.342e-04	     -0.21	Gaussian	0.000000	0.000000
1546	0	  0.025513	  0.040424	     -1.00	   2286.36	   3799.62	      2.24	      2.08	      4.70	      4.37	87.45	 5.105e-04	     -0.21	Gaussian	0.000000	0.000000
1547	0	  0.025043	  0.035722	     -1.00	    892.81	   2577.68	      2.40	      2.20	      5.04	      4.62	12.88	 5.083e-04	     -0.21	Gaussian	0.000000	0.000000
1548	0	  0.025244	  0.036283	     -1.00	   1343.85	    933.59	      2.41	      2.15	      5.06	      4.53	33.87	 5.414e-04	     -0.21	Gaussian	0.000000	0.000000
1549	0	  0.025210	  0.036193	     -1.00	   1205.53	   1043.11	      2.28	      2.28	      4.79	      4.79	79.78	 5.836e-04	     -0.21	Gaussian	0.000000	0.000000
1550	0	  0.025577	  0.039701	     -1.00	   3735.70	   3646.68	      2.25	      2.10	      4.73	      4.41	83.59	 4.799e-04	     -0.21	Gaussian	0.000000	0.000000
1551	0	  0.024840	  0.030160	     -1.00	    192.98	    612.60	      2.49	      2.49	      5.24	      5.24	-60.92	 6.687e-04	     -0.21	Gaussian	0.000000	0.000000
1552	0	  0.025298	  0.038996	     -1.00	   5588.85	   1981.82	      2.33	      2.07	      4.89	      4.34	57.51	 9.656e-04	     -0.21	Gaussian	0.000000	0.000000
1553	0	  0.025507	  0.038435	     -1.00	   4604.40	   3467.59	      2.34	      2.08	      4.92	      4.38	73.70	 8.185e-04	     -0.21	Gaussian	0.000000	0.000000
1554	0	  0.025426	  0.025235	     -1.00	   3188.35	   3498.03	      3.63	      3.00	      7.62	      6.32	10.21	 1.325e-03	     -0.21	Gaussian	0.000000	0.000000
1555	0	  0.024660	  0.028433	     -1.00	    299.17	     35.95	      2.56	      2.56	      5.39	      5.39	74.44	 5.943e-04	     -0.21	Gaussian	0.000000	0.000000
1556	0	  0.025410	  0.039378	     -1.00	   4314.96	   1127.27	      2.27	      2.09	      4.77	      4.39	84.07	 5.678e-04	     -0.21	Gaussian	0.000000	0.000000
1557	0	  0.025569	  0.020157	     -1.00	   1537.06	   4081.56	      1.85	      1.85	      3.90	      3.89	86.55	 2.043e-03	     -0.21	Gaussian	0.000000	0.000000
1558	0	  0.025121	  0.034117	     -1.00	   5748.08	     91.90	      2.60	      2.11	      5.46	      4.43	51.85	 1.605e-03	     -0.21	Gaussian	0.000000	0.000000
1559	0	  0.025367	  0.036472	     -1.00	   1229.63	   3082.53	      2.29	      2.23	      4.81	      4.69	61.97	 5.276e-04	     -0.21	Gaussian	0.000000	0.000000
1560	0	  0.025619	  0.036531	     -1.00	    969.21	   2181.56	      2.28	      2.24	      4.78	      4.71	45.25	 6.957e-04	     -0.21	Gaussian	0.000000	0.000000
1561	0	  0.025577	  0.040335	     -1.00	   3105.97	   3691.77	      2.24	      2.06	      4.72	      4.32	86.64	 5.193e-04	     -0.21	Gaussian	0.000000	0.000000
1562	0	  0.025422	  0.040540	     -1.00	   1950.93	   1812.96	      2.20	      2.08	      4.63	      4.38	64.11	 5.192e-04	     -0.21	Gaussian	0.000000	0.000000
1563	0	  0.025719	  0.040375	     -1.00	   3586.79	   1814.60	      2.25	      2.05	      4.73	      4.30	83.34	 5.205e-04	     -0.21	Gaussian	0.000000	0.000000
1564	0	  0.025476	  0.041811	     -1.00	   4347.84	   1540.71	      2.18	      2.05	      4.57	      4.30	73.55	 5.198e-04	     -0.21	Gaussian	0.000000	0.000000
1565	0	  0.025545	  0.036469	     -1.00	   3764.45	   3066.09	      2.71	      2.53	      5.69	      5.32	36.82	 1.039e-03	     -0.21	Gaussian	0.000000	0.000000
1566	0	  0.025527	  0.023301	     -1.00	   3977.05	   2197.14	      4.26	      3.44	      8.96	      7.22	89.08	 1.968e-03	     -0.21	Gaussian	0.000000	0.000000
1567	0	  0.025660	  0.042014	     -1.00	   2636.19	   2356.99	      2.20	      2.00	      4.63	      4.21	78.73	 5.229e-04	     -0.21	Gaussian	0.000000	0.000000
1568	0	  0.025651	  0.040297	     -1.00	   2081.99	   3872.47	      2.14	      2.14	      4.50	      4.50	-0.46	 6.027e-04	     -0.21	Gaussian	0.000000	0.000000
1569	0	  0.025217	  0.029947	     -1.00	   4855.50	    460.06	      1.86	      1.67	      3.90	      3.52	85.21	 1.890e-03	     -0.21	Gaussian	0.000000	0.000000
1570	0	  0.025141	  0.041145	     -1.00	   5856.98	   2958.36	      1.84	      1.79	      3.87	      3.76	44.17	 1.154e-03	     -0.21	Gaussian	0.000000	0.000000
1571	0	  0.025823	  0.024414	     -1.00	   3714.38	   1986.12	      3.58	      2.72	      7.53	      5.71	86.74	 1.670e-03	     -0.21	Gaussian	0.000000	0.000000
1572	0	  0.025672	  0.032201	     -1.00	     95.23	    920.75	      2.56	      2.25	      5.37	      4.73	18.23	 1.402e-03	     -0.21	Gaussian	0.000000	0.000000
1573	0	  0.025357	  0.035871	     -1.00	   2529.02	     89.42	      2.44	      2.11	      5.14	      4.44	44.39	 6.450e-04	     -0.21	Gaussian	0.000000	0.000000
1574	0	  0.024719	  0.028529	     -1.00	    132.14	   1128.74	      2.66	      2.44	      5.59	      5.12	21.48	 5.394e-04	     -0.21	Gaussian	0.000000	0.000000
1575	0	  0.024893	  0.032104	     -1.00	    414.78	   1982.46	      2.40	      2.40	      5.04	      5.04	59.15	 5.498e-04	     -0.21	Gaussian	0.000000	0.000000
1576	0	  0.024975	  0.032481	     -1.00	   6052.52	   3179.21	      1.85	      1.70	      3.89	      3.58	66.33	 1.421e-03	     -0.21	Gaussian	0.000000	0.000000
1577	0	  0.025815	  0.026464	     -1.00	   2673.40	   2585.45	      1.71	      1.54	      3.60	      3.24	2.67	 2.374e-03	     -0.21	Gaussian	0.000000	0.000000
1578	0	  0.025310	  0.035785	     -1.00	   2102.77	    344.89	      2.43	      2.13	      5.10	      4.47	31.33	 5.936e-04	     -0.21	Gaussian	0.000000	0.000000
1579	0	  0.025087	  0.036999	     -1.00	    893.95	   3772.14	      2.27	      2.19	      4.78	      4.61	19.92	 5.282e-04	     -0.21	Gaussian	0.000000	0.000000
1580	0	  0.025592	  0.017313	     -1.00	   2258.04	   3937.18	      3.93	      3.92	      8.26	      8.23	84.94	 1.787e-03	     -0.21	Gaussian	0.000000	0.000000
1581	0	  0.024896	  0.039680	     -1.00	   5850.25	   1216.04	      1.53	      1.46	      3.22	      3.07	59.74	 1.631e-03	     -0.21	Gaussian	0.000000	0.000000
1582	0	  0.025402	  0.027277	     -1.00	   3375.30	   3987.57	      3.03	      2.94	      6.36	      6.18	9.55	 1.172e-03	     -0.21	Gaussian	0.000000	0.000000
1583	0	  0.025473	  0.032239	     -1.00	    460.35	   3093.41	      2.39	      2.39	      5.03	      5.03	78.22	 1.532e-03	     -0.21	Gaussian	0.000000	0.000000
1584	0	  0.025331	  0.039581	     -1.00	   4612.02	   3974.84	      2.33	      2.00	      4.89	      4.19	72.37	 4.623e-04	     -0.21	Gaussian	0.000000	0.000000
1585	0	  0.024844	  0.034480	     -1.00	   6349.76	   3710.82	      2.48	      2.15	      5.21	      4.52	64.30	 5.223e-04	     -0.21	Gaussian	0.000000	0.000000
1586	0	  0.025599	  0.042056	     -1.00	   2830.61	   3120.90	      2.12	      2.06	      4.46	      4.33	-76.33	 5.366e-04	     -0.21	Gaussian	0.000000	0.000000
1587	0	  0.025348	  0.037984	     -1.00	   5235.87	   3471.37	      2.36	      2.04	      4.96	      4.29	65.39	 5.667e-04	     -0.21	Gaussian	0.000000	0.000000
1588	0	  0.025691	  0.037653	     -1.00	   2287.80	   4199.56	      2.31	      2.11	      4.86	      4.43	-83.42	 6.128e-04	     -0.21	Gaussian	0.000000	0.000000
1589	0	  0.025634	  0.029683	     -1.00	   1595.42	   3901.15	      2.87	      2.70	      6.03	      5.67	88.56	 1.001e-03	     -0.21	Gaussian	0.000000	0.000000
1590	0	  0.025099	  0.036901	     -1.00	   4794.56	    203.87	      2.35	      2.12	      4.93	      4.46	48.00	 5.106e-04	     -0.21	Gaussian	0.000000	0.000000
1591	0	  0.025077	  0.037060	     -1.00	   5866.62	   1529.66	      2.36	      2.10	      4.96	      4.41	54.77	 7.993e-04	     -0.21	Gaussian	0.000000	0.000000
1592	0	  0.025164	  0.017160	     -1.00	   5381.48	   2527.15	      1.85	      1.85	      3.90	      3.89	18.69	 2.087e-03	     -0.21	Gaussian	0.000000	0.000000
1593	0	  0.025001	  0.023447	     -1.00	   5931.87	   3238.86	      1.72	      1.64	      3.61	      3.46	71.03	 2.255e-03	     -0.20	Gaussian	0.000000	0.000000
1594	0	  0.025418	  0.038666	     -1.00	   2752.52	    439.82	      2.23	      2.13	      4.68	      4.47	58.03	 5.191e-04	     -0.20	Gaussian	0.000000	0.000000
1595	0	  0.025271	  0.036483	     -1.00	   3969.35	    203.43	      2.38	      2.11	      5.00	      4.43	48.50	 5.032e-04	     -0.20	Gaussian	0.000000	0.000000
1596	0	  0.024872	  0.035660	     -1.00	   5702.71	    479.99	      2.46	      2.08	      5.18	      4.38	48.43	 5.323e-04	     -0.20	Gaussian	0.000000	0.000000
1597	0	  0.024680	  0.015827	     -1.00	   6031.65	   1089.11	      4.90	      4.89	     10.29	     10.27	81.37	 2.348e-03	     -0.20	Gaussian	0.000000	0.000000
1598	0	  0.025423	  0.039059	     -1.00	   3371.91	   4245.40	      2.26	      2.07	      4.75	      4.35	83.16	 5.258e-04	     -0.20	Gaussian	0.000000	0.000000
1599	0	  0.025343	  0.036155	     -1.00	   1894.47	    337.11	      2.25	      2.24	      4.74	      4.71	77.58	 6.053e-04	     -0.20	Gaussian	0.000000	0.000000
1600	0	  0.024821	  0.028974	     -1.00	    114.54	   2118.68	      2.51	      2.51	      5.28	      5.28	54.43	 5.402e-04	     -0.20	Gaussian	0.000000	0.000000
1601	0	  0.025024	  0.022831	     -1.00	   5543.18	    882.87	      3.09	      3.08	      6.49	      6.48	9.40	 1.220e-03	     -0.20	Gaussian	0.000000	0.000000
1602	0	  0.025744	  0.040036	     -1.00	   4044.53	   2417.98	      2.13	      2.13	      4.48	      4.47	14.93	 7.313e-04	     -0.20	Gaussian	0.000000	0.000000
1603	0	  0.025015	  0.039472	     -1.00	   5899.08	   2045.70	      2.28	      2.03	      4.78	      4.27	57.56	 5.193e-04	     -0.20	Gaussian	0.000000	0.000000
1604	0	  0.025737	  0.030347	     -1.00	   1789.70	   1435.52	      1.68	      1.63	      3.52	      3.43	72.89	 2.200e-03	     -0.20	Gaussian	0.000000	0.000000
1605	0	  0.025641	  0.037746	     -1.00	   2314.06	   2319.34	      2.41	      2.37	      5.06	      4.98	24.18	 8.198e-04	     -0.20	Gaussian	0.000000	0.000000
1606	0	  0.025256	  0.027502	     -1.00	    767.22	   1921.92	      1.83	      1.68	      3.84	      3.53	84.77	 1.846e-03	     -0.20	Gaussian	0.000000	0.000000
1607	0	  0.025183	  0.033113	     -1.00	    978.41	   3238.51	      2.34	      2.34	      4.92	      4.91	-84.76	 5.474e-04	     -0.20	Gaussian	0.000000	0.000000
1608	0	  0.024858	  0.031289	     -1.00	   5848.58	    913.22	      2.10	      1.90	      4.41	      3.99	64.90	 1.026e-03	     -0.20	Gaussian	0.000000	0.000000
1609	0	  0.025621	  0.036758	     -1.00	   1582.94	   4247.58	      2.22	      2.22	      4.67	      4.66	-46.67	 8.839e-04	     -0.20	Gaussian	0.000000	0.000000
1610	0	  0.025596	  0.028047	     -1.00	    872.47	   1021.20	      3.08	      3.00	      6.48	      6.30	84.92	 1.220e-03	     -0.20	Gaussian	0.000000	0.000000
1611	0	  0.025663	  0.040239	     -1.00	   2808.95	   2883.35	      1.63	      1.62	      3.42	      3.40	21.34	 1.665e-03	     -0.20	Gaussian	0.000000	0.000000
1612	0	  0.025892	  0.028658	     -1.00	   2387.61	   4159.26	      2.81	      2.69	      5.90	      5.65	83.38	 1.719e-03	     -0.20	Gaussian	0.000000	0.000000
1613	0	  0.025186	  0.020458	     -1.00	   3946.93	    546.20	      3.58	      3.52	      7.52	      7.40	80.60	 1.337e-03	     -0.20	Gaussian	0.000000	0.000000
1614	0	  0.025934	  0.024812	     -1.00	   2395.74	   1333.04	      1.69	      1.58	      3.55	      3.32	71.44	 2.726e-03	     -0.20	Gaussian	0.000000	0.000000
1615	0	  0.025173	  0.039962	     -1.00	   5593.88	   2753.51	      2.22	      2.04	      4.66	      4.29	58.76	 5.248e-04	     -0.20	Gaussian	0.000000	0.000000
1616	0	  0.025068	  0.032917	     -1.00	    908.88	    507.87	      2.55	      2.15	      5.35	      4.52	20.79	 5.544e-04	     -0.20	Gaussian	0.000000	0.000000
1617	0	  0.025300	  0.021314	     -1.00	   1581.93	   3305.87	      1.71	      1.67	      3.59	      3.51	74.80	 2.297e-03	     -0.20	Gaussian	0.000000	0.000000
1618	0	  0.025162	  0.032922	     -1.00	    908.65	    495.14	      1.83	      1.60	      3.84	      3.36	38.84	 1.340e-03	     -0.20	Gaussian	0.000000	0.000000
1619	0	  0.025485	  0.038192	     -1.00	   1932.85	   2229.65	      2.22	      2.12	      4.66	      4.46	68.20	 5.020e-04	     -0.20	Gaussian	0.000000	0.000000
1620	0	  0.025469	  0.037146	     -1.00	   2138.87	   1570.36	      2.82	      2.43	      5.93	      5.12	65.65	 1.095e-03	     -0.20	Gaussian	0.000000	0.000000
1621	0	  0.025468	  0.037378	     -1.00	   3742.73	   3738.58	      2.31	      2.08	      4.86	      4.37	78.08	 4.543e-04	     -0.20	Gaussian	0.000000	0.000000
1622	0	  0.024403	  0.028438	     -1.00	   6373.32	    151.48	      2.85	      2.22	      5.99	      4.66	53.07	 5.236e-04	     -0.20	Gaussian	0.000000	0.000000
1623	0	  0.024912	  0.030250	     -1.00	   1089.41	    203.74	      2.45	      2.43	      5.14	      5.10	6.17	 6.213e-04	     -0.20	Gaussian	0.000000	0.000000
1624	0	  0.025809	  0.038571	     -1.00	   2094.01	   3298.46	      2.18	      2.14	      4.57	      4.49	-61.59	 1.225e-03	     -0.20	Gaussian	0.000000	0.000000
1625	0	  0.025382	  0.016023	     -1.00	   3551.47	    906.17	      4.32	      4.30	      9.07	      9.03	82.69	 2.072e-03	     -0.20	Gaussian	0.000000	0.000000
1626	0	  0.025642	  0.039439	     -1.00	   2924.77	   2467.51	      2.23	      2.04	      4.69	      4.28	80.41	 5.200e-04	     -0.20	Gaussian	0.000000	0.000000
1627	0	  0.025373	  0.035654	     -1.00	   4961.69	   3796.37	      2.40	      2.08	      5.05	      4.37	70.98	 5.014e-04	     -0.20	Gaussian	0.000000	0.000000
1628	0	  0.025664	  0.039818	     -1.00	   2992.95	   1954.63	      2.22	      2.03	      4.67	      4.26	85.52	 5.146e-04	     -0.20	Gaussian	0.000000	0.000000
1629	0	  0.024975	  0.029876	     -1.00	   5901.18	   2991.58	      3.02	      2.58	      6.34	      5.42	-65.54	 1.006e-03	     -0.20	Gaussian	0.000000	0.000000
1630	0	  0.025300	  0.024742	     -1.00	   4778.79	   3628.48	      1.98	      1.86	      4.15	      3.91	78.06	 1.509e-03	     -0.20	Gaussian	0.000000	0.000000
1631	0	  0.024886	  0.028329	     -1.00	    430.77	   1220.35	      2.52	      2.50	      5.29	      5.25	54.11	 5.672e-04	     -0.20	Gaussian	0.000000	0.000000
1632	0	  0.025540	  0.037895	     -1.00	   2417.66	   1772.66	      2.26	      2.09	      4.76	      4.38	66.14	 5.505e-04	     -0.20	Gaussian	0.000000	0.000000
1633	0	  0.024838	  0.023088	     -1.00	    291.86	   1725.08	      3.15	      3.02	      6.62	      6.34	79.68	 7.872e-04	     -0.20	Gaussian	0.000000	0.000000
1634	0	  0.024541	  0.032409	     -1.00	   6363.80	    651.51	      2.58	      2.13	      5.42	      4.49	50.08	 4.904e-04	     -0.20	Gaussian	0.000000	0.000000
1635	0	  0.024888	  0.033598	     -1.00	    671.85	   3682.78	      2.34	      2.26	      4.92	      4.75	-3.83	 4.834e-04	     -0.20	Gaussian	0.000000	0.000000
1636	0	  0.025649	  0.035216	     -1.00	   3398.88	   3566.27	      2.52	      2.21	      5.29	      4.64	62.36	 6.782e-04	     -0.20	Gaussian	0.000000	0.000000
1637	0	  0.025554	  0.034114	     -1.00	   3502.43	   1393.16	      2.85	      2.54	      5.98	      5.34	11.69	 1.097e-03	     -0.20	Gaussian	0.000000	0.000000
1638	0	  0.025075	  0.028239	     -1.00	   5906.62	   1502.31	      3.48	      3.34	      7.32	      7.02	81.60	 1.890e-03	     -0.20	Gaussian	0.000000	0.000000
1639	0	  0.025566	  0.039696	     -1.00	   3483.20	    646.62	      2.12	      2.10	      4.45	      4.42	31.57	 5.409e-04	     -0.20	Gaussian	0.000000	0.000000
1640	0	  0.025286	  0.036977	     -1.00	   5219.27	   2103.59	      2.30	      2.09	      4.83	      4.39	57.40	 4.918e-04	     -0.20	Gaussian	0.000000	0.000000
1641	0	  0.025199	  0.031425	     -1.00	   4780.23	   1317.95	      2.68	      2.11	      5.63	      4.43	74.74	 4.317e-04	     -0.20	Gaussian	0.000000	0.000000
1642	0	  0.025453	  0.038501	     -1.00	   1848.00	   2357.52	      2.15	      2.14	      4.51	      4.50	16.32	 5.463e-04	     -0.20	Gaussian	0.000000	0.000000
1643	0	  0.025014	  0.024052	     -1.00	    562.23	   2433.45	      3.22	      3.09	      6.77	      6.49	84.67	 9.808e-04	     -0.20	Gaussian	0.000000	0.000000
1644	0	  0.025287	  0.032867	     -1.00	    988.84	    880.43	      2.48	      2.17	      5.21	      4.57	24.60	 5.150e-04	     -0.20	Gaussian	0.000000	0.000000
1645	0	  0.025395	  0.020216	     -1.00	   2038.96	   1997.76	      1.81	      1.79	      3.81	      3.76	74.89	 2.136e-03	     -0.20	Gaussian	0.000000	0.000000
1646	0	  0.025352	  0.038907	     -1.00	   1533.13	   1984.84	      2.19	      2.08	      4.59	      4.37	55.51	 5.312e-04	     -0.20	Gaussian	0.000000	0.000000
1647	0	  0.025043	  0.032116	     -1.00	   1187.38	    334.68	      2.51	      2.19	      5.27	      4.61	26.14	 5.144e-04	     -0.20	Gaussian	0.000000	0.000000
1648	0	  0.025041	  0.033007	     -1.00	    861.01	   2370.50	      2.31	      2.31	      4.86	      4.86	1.68	 4.927e-04	     -0.20	Gaussian	0.000000	0.000000
1649	0	  0.025019	  0.032990	     -1.00	   5840.51	   3995.12	      2.55	      2.10	      5.36	      4.41	64.38	 5.413e-04	     -0.20	Gaussian	0.000000	0.000000
1650	0	  0.025046	  0.033350	     -1.00	   5930.62	   3413.41	      2.46	      2.14	      5.17	      4.49	61.94	 5.165e-04	     -0.20	Gaussian	0.000000	0.000000
1651	0	  0.024699	  0.027388	     -1.00	    260.64	    635.37	      2.53	      2.53	      5.33	      5.33	62.13	 5.703e-04	     -0.20	Gaussian	0.000000	0.000000
1652	0	  0.025376	  0.031647	     -1.00	    619.51	   1404.14	      2.36	      2.36	      4.96	      4.96	79.94	 1.083e-03	     -0.20	Gaussian	0.000000	0.000000
1653	0	  0.025390	  0.037610	     -1.00	   4825.01	   3982.58	      2.16	      2.16	      4.55	      4.54	15.50	 4.738e-04	     -0.20	Gaussian	0.000000	0.000000
1654	0	  0.025307	  0.034356	     -1.00	   1216.63	   1022.68	      2.38	      2.14	      5.01	      4.50	34.78	 5.420e-04	     -0.20	Gaussian	0.000000	0.000000
1655	0	  0.025293	  0.030642	     -1.00	   4717.42	    507.94	      2.60	      2.20	      5.47	      4.62	76.51	 8.704e-04	     -0.20	Gaussian	0.000000	0.000000
1656	0	  0.025489	  0.020446	     -1.00	   2179.90	   2269.11	      3.61	      3.60	      7.58	      7.56	86.75	 1.584e-03	     -0.20	Gaussian	0.000000	0.000000
1657	0	  0.024523	  0.021407	     -1.00	   6268.86	    341.23	      1.96	      1.92	      4.13	      4.04	75.18	 1.526e-03	     -0.20	Gaussian	0.000000	0.000000
1658	0	  0.025258	  0.031847	     -1.00	    957.31	   3948.85	      2.35	      2.35	      4.93	      4.93	-63.86	 5.783e-04	     -0.20	Gaussian	0.000000	0.000000
1659	0	  0.025119	  0.033704	     -1.00	   5820.66	   3997.71	      2.45	      2.12	      5.16	      4.46	73.19	 5.653e-04	     -0.20	Gaussian	0.000000	0.000000
1660	0	  0.025339	  0.027112	     -1.00	   4755.55	   3144.24	      2.75	      2.35	      5.79	      4.94	-23.83	 7.641e-04	     -0.20	Gaussian	0.000000	0.000000
1661	0	  0.025601	  0.017372	     -1.00	   3234.51	   2238.07	      4.85	      4.83	     10.20	     10.16	85.02	 2.591e-03	     -0.20	Gaussian	0.000000	0.000000
1662	0	  0.025421	  0.036416	     -1.00	   4547.46	   2691.42	      2.28	      2.10	      4.80	      4.42	87.82	 4.516e-04	     -0.20	Gaussian	0.000000	0.000000
1663	0	  0.025789	  0.038935	     -1.00	   2377.32	   1216.52	      2.79	      2.58	      5.87	      5.43	66.07	 1.467e-03	     -0.20	Gaussian	0.000000	0.000000
1664	0	  0.025504	  0.022678	     -1.00	   2904.10	    798.29	      3.79	      3.01	      7.98	      6.33	87.59	 1.488e-03	     -0.20	Gaussian	0.000000	0.000000
1665	0	  0.025277	  0.032217	     -1.00	    989.09	   3927.95	      2.36	      2.30	      4.96	      4.83	49.84	 5.407e-04	     -0.20	Gaussian	0.000000	0.000000
1666	0	  0.025405	  0.034356	     -1.00	   4995.41	   3970.49	      2.40	      2.11	      5.04	      4.44	66.24	 4.780e-04	     -0.20	Gaussian	0.000000	0.000000
1667	0	  0.025630	  0.037721	     -1.00	   3520.75	   1805.57	      2.25	      2.05	      4.72	      4.31	87.00	 5.003e-04	     -0.20	Gaussian	0.000000	0.000000
1668	0	  0.025294	  0.032922	     -1.00	   1037.35	   2580.73	      2.35	      2.25	      4.94	      4.73	26.62	 5.299e-04	     -0.20	Gaussian	0.000000	0.000000
1669	0	  0.025173	  0.024345	     -1.00	   1385.28	    723.42	      3.19	      3.03	      6.71	      6.37	79.98	 1.012e-03	     -0.20	Gaussian	0.000000	0.000000
1670	0	  0.025831	  0.036088	     -1.00	   2634.84	    983.02	      2.34	      2.06	      4.91	      4.32	73.38	 8.093e-04	     -0.20	Gaussian	0.000000	0.000000
1671	0	  0.025547	  0.033475	     -1.00	   4432.38	   1580.65	      1.94	      1.75	      4.08	      3.68	77.48	 1.516e-03	     -0.20	Gaussian	0.000000	0.000000
1672	0	  0.025535	  0.035752	     -1.00	   4391.53	   3355.50	      2.31	      2.11	      4.85	      4.43	74.27	 8.076e-04	     -0.20	Gaussian	0.000000	0.000000
1673	0	  0.024917	  0.034394	     -1.00	   5252.12	    433.93	      2.38	      2.12	      5.00	      4.45	55.09	 4.660e-04	     -0.19	Gaussian	0.000000	0.000000
1674	0	  0.025372	  0.016481	     -1.00	   1822.32	    690.98	      4.17	      4.15	      8.76	      8.71	87.61	 1.647e-03	     -0.19	Gaussian	0.000000	0.000000
1675	0	  0.025497	  0.036826	     -1.00	   1945.38	   1010.63	      2.25	      2.09	      4.74	      4.39	50.98	 4.965e-04	     -0.19	Gaussian	0.000000	0.000000
1676	0	  0.025073	  0.019586	     -1.00	    627.15	   3112.22	      3.42	      2.95	      7.18	      6.19	87.64	 9.512e-04	     -0.19	Gaussian	0.000000	0.000000
1677	0	  0.025425	  0.037820	     -1.00	   1767.44	   2484.06	      2.21	      2.07	      4.64	      4.35	81.86	 4.614e-04	     -0.19	Gaussian	0.000000	0.000000
1678	0	  0.024551	  0.029338	     -1.00	   6058.82	    190.36	      2.76	      2.14	      5.79	      4.50	51.40	 4.966e-04	     -0.19	Gaussian	0.000000	0.000000
1679	0	  0.025088	  0.032312	     -1.00	   5981.04	   3631.24	      2.96	      2.71	      6.23	      5.70	20.03	 1.205e-03	     -0.19	Gaussian	0.000000	0.000000
1680	0	  0.025915	  0.037755	     -1.00	   3185.54	   2663.37	      1.91	      1.81	      4.01	      3.81	49.51	 1.163e-03	     -0.19	Gaussian	0.000000	0.000000
1681	0	  0.025221	  0.036912	     -1.00	   5191.62	   2732.00	      2.22	      2.10	      4.67	      4.42	54.85	 4.929e-04	     -0.19	Gaussian	0.000000	0.000000
1682	0	  0.025623	  0.038204	     -1.00	   4071.48	   2919.98	      2.13	      2.12	      4.48	      4.45	54.44	 7.778e-04	     -0.19	Gaussian	0.000000	0.000000
1683	0	  0.025179	  0.031587	     -1.00	    844.43	   2228.14	      2.34	      2.34	      4.91	      4.91	84.75	 5.196e-04	     -0.19	Gaussian	0.000000	0.000000
1684	0	  0.025547	  0.034323	     -1.00	   3853.48	   2380.12	      2.01	      1.85	      4.23	      3.89	58.96	 8.995e-04	     -0.19	Gaussian	0.000000	0.000000
1685	0	  0.025710	  0.030567	     -1.00	   3307.64	   1318.86	      2.90	      2.38	      6.10	      4.99	-36.55	 1.078e-03	     -0.19	Gaussian	0.000000	0.000000
1686	0	  0.025545	  0.037062	     -1.00	   3765.94	   1546.31	      2.31	      2.02	      4.85	      4.24	84.35	 4.825e-04	     -0.19	Gaussian	0.000000	0.000000
1687	0	  0.024997	  0.024182	     -1.00	   5680.61	   2412.12	      3.45	      2.87	      7.25	      6.03	39.80	 1.083e-03	     -0.19	Gaussian	0.000000	0.000000
1688	0	  0.026089	  0.034200	     -1.00	    565.68	   1795.15	      2.39	      2.11	      5.03	      4.43	10.72	 5.411e-03	     -0.19	Gaussian	0.000000	0.000000
1689	0	  0.025479	  0.026606	     -1.00	   3106.58	   3442.35	      2.99	      2.80	      6.29	      5.88	78.86	 1.105e-03	     -0.19	Gaussian	0.000000	0.000000
1690	0	  0.024723	  0.030642	     -1.00	   6223.49	    659.18	      2.07	      1.73	      4.36	      3.63	-82.80	 1.030e-03	     -0.19	Gaussian	0.000000	0.000000
1691	0	  0.025654	  0.031514	     -1.00	   1297.69	   4163.44	      2.34	      2.33	      4.91	      4.90	-81.36	 1.170e-03	     -0.19	Gaussian	0.000000	0.000000
1692	0	  0.025476	  0.022759	     -1.00	   2259.39	   2445.47	      1.60	      1.43	      3.36	      3.01	5.52	 2.312e-03	     -0.19	Gaussian	0.000000	0.000000
1693	0	  0.025012	  0.027697	     -1.00	    709.13	   1113.57	      2.64	      2.35	      5.55	      4.93	21.22	 5.113e-04	     -0.19	Gaussian	0.000000	0.000000
1694	0	  0.025448	  0.034188	     -1.00	   4671.59	   2718.23	      1.91	      1.88	      4.01	      3.95	44.42	 1.006e-03	     -0.19	Gaussian	0.000000	0.000000
1695	0	  0.025498	  0.028553	     -1.00	   2134.15	   4094.46	      3.03	      2.91	      6.38	      6.12	13.52	 1.219e-03	     -0.19	Gaussian	0.000000	0.000000
1696	0	  0.025368	  0.035361	     -1.00	   5286.55	   4170.01	      2.22	      2.18	      4.67	      4.58	45.69	 7.340e-04	     -0.19	Gaussian	0.000000	0.000000
1697	0	  0.025353	  0.026558	     -1.00	   2261.53	   3689.05	      3.28	      3.06	      6.89	      6.44	56.11	 1.450e-03	     -0.19	Gaussian	0.000000	0.000000
1698	0	  0.025513	  0.038409	     -1.00	   2731.03	   3307.65	      2.11	      2.11	      4.44	      4.43	6.90	 5.104e-04	     -0.19	Gaussian	0.000000	0.000000
1699	0	  0.024890	  0.029995	     -1.00	    233.00	    997.74	      2.53	      2.26	      5.31	      4.75	24.11	 5.644e-04	     -0.19	Gaussian	0.000000	0.000000
1700	0	  0.024828	  0.027006	     -1.00	    477.40	    735.15	      2.62	      2.61	      5.51	      5.48	-52.72	 5.896e-04	     -0.19	Gaussian	0.000000	0.000000
1701	0	  0.025262	  0.033815	     -1.00	   1452.44	   1384.25	      2.24	      2.13	      4.71	      4.47	52.73	 5.495e-04	     -0.19	Gaussian	0.000000	0.000000
1702	0	  0.025066	  0.029540	     -1.00	   1055.46	    419.13	      2.40	      2.40	      5.04	      5.04	78.95	 6.009e-04	     -0.19	Gaussian	0.000000	0.000000
1703	0	  0.025066	  0.026529	     -1.00	    866.70	   1522.07	      3.56	      2.11	      7.49	      4.43	8.34	 8.517e-04	     -0.19	Gaussian	0.000000	0.000000
1704	0	  0.025469	  0.029016	     -1.00	   4336.22	   1590.29	      2.86	      2.18	      6.00	      4.58	70.97	 8.060e-04	     -0.19	Gaussian	0.000000	0.000000
1705	0	  0.026684	  0.027074	     -1.00	    139.11	   3603.73	      3.60	      2.92	      7.56	      6.14	87.00	 5.300e-03	     -0.19	Gaussian	0.000000	0.000000
1706	0	  0.025006	  0.028165	     -1.00	    661.40	    329.40	      2.65	      2.27	      5.58	      4.77	22.72	 6.265e-04	     -0.19	Gaussian	0.000000	0.000000
1707	0	  0.025471	  0.035443	     -1.00	   1645.86	   2085.62	      2.19	      2.19	      4.60	      4.60	-36.84	 6.596e-04	     -0.19	Gaussian	0.000000	0.000000
1708	0	  0.024927	  0.024444	     -1.00	    159.69	   4078.99	      3.15	      3.10	      6.61	      6.51	-18.30	 8.445e-04	     -0.19	Gaussian	0.000000	0.000000
1709	0	  0.024669	  0.027891	     -1.00	    221.10	   1246.00	      2.49	      2.45	      5.23	      5.14	43.54	 5.031e-04	     -0.19	Gaussian	0.000000	0.000000
1710	0	  0.025543	  0.030699	     -1.00	   2673.43	   2963.15	      2.96	      2.56	      6.23	      5.37	19.69	 1.159e-03	     -0.19	Gaussian	0.000000	0.000000
1711	0	  0.026030	  0.037720	     -1.00	   2621.80	   1028.72	      2.23	      2.02	      4.69	      4.24	53.92	 1.275e-03	     -0.19	Gaussian	0.000000	0.000000
1712	0	  0.025201	  0.027046	     -1.00	   5466.44	   4206.70	      1.77	      1.53	      3.72	      3.21	79.78	 1.697e-03	     -0.19	Gaussian	0.000000	0.000000
1713	0	  0.025650	  0.036243	     -1.00	   2820.67	   1293.78	      2.22	      2.11	      4.67	      4.43	84.22	 4.702e-04	     -0.19	Gaussian	0.000000	0.000000
1714	0	  0.025494	  0.032662	     -1.00	   1411.41	   4108.48	      2.28	      2.28	      4.79	      4.78	68.43	 5.905e-04	     -0.19	Gaussian	0.000000	0.000000
1715	0	  0.025651	  0.036321	     -1.00	   2842.82	   1299.70	      2.25	      2.07	      4.73	      4.36	67.75	 4.822e-04	     -0.19	Gaussian	0.000000	0.000000
1716	0	  0.024882	  0.017769	     -1.00	   5721.91	    273.14	      4.02	      3.92	      8.44	      8.23	4.51	 1.573e-03	     -0.19	Gaussian	0.000000	0.000000
1717	0	  0.025621	  0.037836	     -1.00	   3623.21	   3292.89	      2.20	      2.03	      4.62	      4.27	79.29	 4.790e-04	     -0.19	Gaussian	0.000000	0.000000
1718	0	  0.025413	  0.026949	     -1.00	   2758.50	    538.40	      3.27	      3.09	      6.87	      6.49	82.55	 1.523e-03	     -0.19	Gaussian	0.000000	0.000000
1719	0	  0.025570	  0.038968	     -1.00	   3526.22	   2909.79	      2.18	      1.99	      4.58	      4.18	81.01	 5.407e-04	     -0.19	Gaussian	0.000000	0.000000
1720	0	  0.025398	  0.032390	     -1.00	    668.37	   2117.05	      2.28	      2.28	      4.79	      4.79	81.73	 8.274e-04	     -0.19	Gaussian	0.000000	0.000000
1721	0	  0.025370	  0.036155	     -1.00	   5191.65	   1991.84	      2.18	      2.14	      4.59	      4.50	80.46	 4.677e-04	     -0.19	Gaussian	0.000000	0.000000
1722	0	  0.025609	  0.038790	     -1.00	   2802.30	   2992.02	      1.83	      1.77	      3.85	      3.71	62.60	 9.580e-04	     -0.19	Gaussian	0.000000	0.000000
1723	0	  0.025194	  0.030002	     -1.00	    482.90	   2288.18	      2.53	      2.22	      5.32	      4.67	9.24	 6.314e-04	     -0.19	Gaussian	0.000000	0.000000
1724	0	  0.025501	  0.035837	     -1.00	   3521.72	    962.86	      2.26	      2.08	      4.75	      4.38	57.83	 4.661e-04	     -0.19	Gaussian	0.000000	0.000000
1725	0	  0.025840	  0.022859	     -1.00	   2814.57	   2675.54	      1.61	      1.42	      3.38	      2.98	9.01	 2.433e-03	     -0.19	Gaussian	0.000000	0.000000
1726	0	  0.025256	  0.029112	     -1.00	    772.02	   1634.54	      1.53	      1.52	      3.21	      3.20	71.57	 1.701e-03	     -0.19	Gaussian	0.000000	0.000000
1727	0	  0.025484	  0.032454	     -1.00	   1754.93	    132.20	      2.46	      2.11	      5.16	      4.43	27.30	 1.330e-03	     -0.19	Gaussian	0.000000	0.000000
1728	0	  0.024845	  0.033801	     -1.00	   5969.65	   1117.73	      2.34	      2.13	      4.91	      4.47	40.28	 4.887e-04	     -0.19	Gaussian	0.000000	0.000000
1729	0	  0.024945	  0.029028	     -1.00	    554.76	    224.16	      2.05	      1.90	      4.30	      3.99	-23.21	 1.113e-03	     -0.19	Gaussian	0.000000	0.000000
1730	0	  0.025251	  0.034788	     -1.00	   4682.82	   4172.98	      2.38	      2.03	      5.00	      4.27	65.68	 4.735e-04	     -0.19	Gaussian	0.000000	0.000000
1731	0	  0.024949	  0.031263	     -1.00	   5339.25	    296.57	      2.44	      2.15	      5.13	      4.53	56.16	 5.107e-04	     -0.19	Gaussian	0.000000	0.000000
1732	0	  0.025129	  0.020623	     -1.00	   5668.97	   1318.86	      1.84	      1.81	      3.87	      3.80	68.26	 2.054e-03	     -0.19	Gaussian	0.000000	0.000000
1733	0	  0.025053	  0.014444	     -1.00	    914.24	   3306.17	      4.04	      4.03	      8.48	      8.48	89.74	 1.277e-03	     -0.19	Gaussian	0.000000	0.000000
1734	0	  0.025709	  0.036255	     -1.00	   2609.70	   1063.61	      2.23	      2.07	      4.69	      4.36	59.19	 5.058e-04	     -0.19	Gaussian	0.000000	0.000000
1735	0	  0.025220	  0.026028	     -1.00	   5411.25	   4170.54	      2.96	      2.86	      6.21	      6.01	11.89	 9.566e-04	     -0.19	Gaussian	0.000000	0.000000
1736	0	  0.025659	  0.031160	     -1.00	   3079.74	   2088.90	      2.36	      2.27	      4.96	      4.78	33.74	 6.200e-04	     -0.19	Gaussian	0.000000	0.000000
1737	0	  0.025495	  0.036248	     -1.00	   2377.42	   4019.85	      2.15	      2.15	      4.51	      4.51	34.71	 5.156e-04	     -0.19	Gaussian	0.000000	0.000000
1738	0	  0.025260	  0.035297	     -1.00	   2899.15	     66.00	      2.24	      2.11	      4.70	      4.43	45.53	 5.107e-04	     -0.19	Gaussian	0.000000	0.000000
1739	0	  0.025146	  0.030665	     -1.00	    970.06	   1879.43	      2.33	      2.33	      4.90	      4.90	2.33	 4.595e-04	     -0.19	Gaussian	0.000000	0.000000
1740	0	  0.025148	  0.025284	     -1.00	    376.19	   4110.40	      2.57	      2.57	      5.40	      5.39	58.35	 5.559e-04	     -0.19	Gaussian	0.000000	0.000000
1741	0	  0.025374	  0.016581	     -1.00	   2132.22	   1854.43	      4.56	      4.55	      9.59	      9.57	6.41	 2.198e-03	     -0.19	Gaussian	0.000000	0.000000
1742	0	  0.025237	  0.034187	     -1.00	   1707.39	   3618.67	      2.24	      2.16	      4.71	      4.55	84.75	 4.603e-04	     -0.19	Gaussian	0.000000	0.000000
1743	0	  0.025002	  0.027565	     -1.00	    625.97	   3910.59	      2.50	      2.41	      5.26	      5.06	24.38	 5.143e-04	     -0.19	Gaussian	0.000000	0.000000
1744	0	  0.025024	  0.027704	     -1.00	    528.85	   1944.56	      2.51	      2.39	      5.27	      5.03	29.04	 5.134e-04	     -0.19	Gaussian	0.000000	0.000000
1745	0	  0.024675	  0.016653	     -1.00	   5606.12	    234.89	      3.89	      3.72	      8.17	      7.83	83.39	 1.254e-03	     -0.19	Gaussian	0.000000	0.000000
1746	0	  0.025097	  0.030384	     -1.00	    674.24	   1639.94	      2.46	      2.22	      5.17	      4.66	16.25	 4.831e-04	     -0.19	Gaussian	0.000000	0.000000
1747	0	  0.025148	  0.030735	     -1.00	   5356.46	   2042.13	      2.40	      2.24	      5.05	      4.72	82.69	 5.250e-04	     -0.19	Gaussian	0.000000	0.000000
1748	0	  0.025466	  0.027473	     -1.00	   1813.33	   2192.40	      1.82	      1.43	      3.84	      3.01	67.71	 1.711e-03	     -0.19	Gaussian	0.000000	0.000000
1749	0	  0.025154	  0.032386	     -1.00	    832.65	   1763.97	      2.34	      2.18	      4.92	      4.58	17.69	 5.775e-04	     -0.19	Gaussian	0.000000	0.000000
1750	0	  0.025070	  0.029208	     -1.00	    722.39	   1195.12	      2.38	      2.38	      5.01	      5.01	81.06	 5.709e-04	     -0.19	Gaussian	0.000000	0.000000
1751	0	  0.025419	  0.034798	     -1.00	   2153.07	   4122.80	      2.28	      2.09	      4.80	      4.38	85.61	 4.923e-04	     -0.19	Gaussian	0.000000	0.000000
1752	0	  0.025384	  0.030898	     -1.00	   1595.85	   3984.49	      2.33	      2.30	      4.90	      4.84	-46.87	 5.129e-04	     -0.19	Gaussian	0.000000	0.000000
1753	0	  0.025189	  0.035236	     -1.00	   4293.94	    177.60	      2.32	      2.03	      4.87	      4.26	54.14	 4.651e-04	     -0.19	Gaussian	0.000000	0.000000
1754	0	  0.025337	  0.035029	     -1.00	   2006.11	   3528.94	      2.22	      2.12	      4.67	      4.45	77.71	 4.781e-04	     -0.19	Gaussian	0.000000	0.000000
1755	0	  0.025519	  0.033868	     -1.00	   1834.02	    694.58	      2.34	      2.08	      4.92	      4.37	41.64	 6.132e-04	     -0.19	Gaussian	0.000000	0.000000
1756	0	  0.025168	  0.023882	     -1.00	   5174.20	   2879.21	      2.94	      2.79	      6.17	      5.86	8.52	 8.572e-04	     -0.19	Gaussian	0.000000	0.000000
1757	0	  0.025350	  0.032662	     -1.00	   1364.71	   1364.59	      2.35	      2.15	      4.94	      4.52	46.14	 5.351e-04	     -0.19	Gaussian	0.000000	0.000000
1758	0	  0.025634	  0.027110	     -1.00	   2646.28	   1019.56	      3.14	      3.00	      6.59	      6.31	2.33	 1.340e-03	     -0.19	Gaussian	0.000000	0.000000
1759	0	  0.025191	  0.022529	     -1.00	   1851.72	    500.09	      3.18	      3.18	      6.69	      6.68	80.20	 1.080e-03	     -0.19	Gaussian	0.000000	0.000000
1760	0	  0.025203	  0.030538	     -1.00	   4759.28	     25.72	      1.79	      1.61	      3.76	      3.39	77.86	 1.737e-03	     -0.19	Gaussian	0.000000	0.000000
1761	0	  0.025242	  0.029041	     -1.00	   4833.10	    730.88	      1.57	      1.50	      3.30	      3.16	83.18	 2.231e-03	     -0.19	Gaussian	0.000000	0.000000
1762	0	  0.025049	  0.033384	     -1.00	   5774.58	   2393.88	      2.38	      2.07	      5.01	      4.35	58.71	 4.541e-04	     -0.19	Gaussian	0.000000	0.000000
1763	0	  0.025631	  0.036154	     -1.00	   3058.01	   2198.91	      2.22	      2.05	      4.66	      4.31	-86.12	 4.869e-04	     -0.19	Gaussian	0.000000	0.000000
1764	0	  0.024567	  0.026363	     -1.00	    263.85	    183.48	      2.50	      2.48	      5.26	      5.20	27.40	 5.415e-04	     -0.19	Gaussian	0.000000	0.000000
1765	0	  0.025631	  0.032959	     -1.00	   3141.26	   3201.46	      1.54	      1.46	      3.23	      3.06	10.55	 2.054e-03	     -0.18	Gaussian	0.000000	0.000000
1766	0	  0.025594	  0.033575	     -1.00	   3271.76	   2453.93	      2.29	      2.12	      4.82	      4.46	88.86	 4.531e-04	     -0.18	Gaussian	0.000000	0.000000
1767	0	  0.025583	  0.036933	     -1.00	   4035.93	   1842.80	      2.19	      2.02	      4.61	      4.24	-80.15	 4.955e-04	     -0.18	Gaussian	0.000000	0.000000
1768	0	  0.025431	  0.030643	     -1.00	   2209.39	   3728.10	      2.75	      2.52	      5.78	      5.29	52.30	 8.364e-04	     -0.18	Gaussian	0.000000	0.000000
1769	0	  0.025320	  0.031239	     -1.00	    691.52	   2381.14	      2.28	      2.28	      4.80	      4.80	86.79	 6.153e-04	     -0.18	Gaussian	0.000000	0.000000
1770	0	  0.025538	  0.021462	     -1.00	   1545.81	    792.22	      3.34	      3.31	      7.02	      6.96	73.45	 1.487e-03	     -0.18	Gaussian	0.000000	0.000000
1771	0	  0.025403	  0.035108	     -1.00	   4086.58	    175.29	      2.35	      2.31	      4.94	      4.84	-68.77	 8.893e-04	     -0.18	Gaussian	0.000000	0.000000
1772	0	  0.025420	  0.019723	     -1.00	   4686.98	   3491.65	      1.77	      1.72	      3.72	      3.62	73.61	 2.024e-03	     -0.18	Gaussian	0.000000	0.000000
1773	0	  0.025876	  0.030741	     -1.00	   4166.52	   2958.13	      3.13	      2.23	      6.57	      4.69	-66.50	 1.896e-03	     -0.18	Gaussian	0.000000	0.000000
1774	0	  0.025275	  0.032616	     -1.00	   2923.91	    234.62	      2.41	      2.07	      5.06	      4.35	42.17	 4.243e-04	     -0.18	Gaussian	0.000000	0.000000
1775	0	  0.025400	  0.026123	     -1.00	   2960.49	    489.43	      3.14	      2.91	      6.60	      6.11	82.23	 1.296e-03	     -0.18	Gaussian	0.000000	0.000000
1776	0	  0.025688	  0.036442	     -1.00	   3069.31	   2375.78	      2.24	      1.99	      4.71	      4.18	84.16	 5.193e-04	     -0.18	Gaussian	0.000000	0.000000
1777	0	  0.025615	  0.018947	     -1.00	   2774.91	    958.73	      1.66	      1.62	      3.49	      3.41	73.44	 2.073e-03	     -0.18	Gaussian	0.000000	0.000000
1778	0	  0.025909	  0.032160	     -1.00	   1227.99	    596.63	      2.41	      2.09	      5.07	      4.39	24.07	 3.409e-03	     -0.18	Gaussian	0.000000	0.000000
1779	0	  0.025573	  0.036188	     -1.00	   2943.33	   1394.56	      2.20	      2.03	      4.63	      4.27	77.09	 4.722e-04	     -0.18	Gaussian	0.000000	0.000000
1780	0	  0.024442	  0.027018	     -1.00	   6376.32	    347.53	      2.77	      2.16	      5.82	      4.54	52.46	 5.036e-04	     -0.18	Gaussian	0.000000	0.000000
1781	0	  0.025519	  0.035856	     -1.00	   4707.77	    634.84	      2.19	      2.05	      4.61	      4.30	62.66	 7.959e-04	     -0.18	Gaussian	0.000000	0.000000
1782	0	  0.024793	  0.025641	     -1.00	    198.60	    666.09	      2.50	      2.50	      5.26	      5.25	82.70	 5.864e-04	     -0.18	Gaussian	0.000000	0.000000
1783	0	  0.025266	  0.026220	     -1.00	   6000.58	   2822.23	      3.48	      3.30	      7.32	      6.94	83.10	 2.121e-03	     -0.18	Gaussian	0.000000	0.000000
1784	0	  0.025549	  0.033389	     -1.00	   2438.06	    564.80	      2.32	      2.08	      4.88	      4.36	56.11	 5.395e-04	     -0.18	Gaussian	0.000000	0.000000
1785	0	  0.025613	  0.035447	     -1.00	   3047.63	   2639.81	      2.22	      2.05	      4.66	      4.30	85.08	 4.712e-04	     -0.18	Gaussian	0.000000	0.000000
1786	0	  0.024843	  0.025103	     -1.00	   5560.23	    455.44	      3.59	      3.56	      7.55	      7.47	12.20	 1.564e-03	     -0.18	Gaussian	0.000000	0.000000
1787	0	  0.025236	  0.030748	     -1.00	   5073.47	    705.42	      2.36	      2.21	      4.95	      4.65	62.61	 8.673e-04	     -0.18	Gaussian	0.000000	0.000000
1788	0	  0.025213	  0.020177	     -1.00	   2372.31	    394.05	      3.69	      3.04	      7.75	      6.39	84.68	 1.302e-03	     -0.18	Gaussian	0.000000	0.000000
1789	0	  0.025431	  0.023484	     -1.00	   2497.76	   3862.60	      1.92	      1.83	      4.04	      3.84	81.29	 1.674e-03	     -0.18	Gaussian	0.000000	0.000000
1790	0	  0.025780	  0.021269	     -1.00	   4359.75	    122.56	      1.86	      1.77	      3.90	      3.72	75.07	 3.020e-03	     -0.18	Gaussian	0.000000	0.000000
1791	0	  0.024754	  0.031437	     -1.00	   6335.01	   1790.54	      2.26	      2.26	      4.74	      4.74	14.60	 5.280e-04	     -0.18	Gaussian	0.000000	0.000000
1792	0	  0.025382	  0.036516	     -1.00	   2040.67	   2621.89	      2.18	      2.01	      4.57	      4.22	-87.14	 5.152e-04	     -0.18	Gaussian	0.000000	0.000000
1793	0	  0.025527	  0.025369	     -1.00	    703.46	   2548.18	      2.81	      2.71	      5.91	      5.69	-16.83	 1.670e-03	     -0.18	Gaussian	0.000000	0.000000
1794	0	  0.025767	  0.035053	     -1.00	   3255.99	   3558.35	      2.58	      2.58	      5.43	      5.42	3.64	 1.260e-03	     -0.18	Gaussian	0.000000	0.000000
1795	0	  0.024923	  0.027158	     -1.00	    767.72	    843.54	      2.51	      2.33	      5.27	      4.90	23.21	 5.100e-04	     -0.18	Gaussian	0.000000	0.000000
1796	0	  0.025177	  0.029349	     -1.00	   4593.40	    533.23	      1.90	      1.62	      4.00	      3.41	38.45	 1.189e-03	     -0.18	Gaussian	0.000000	0.000000
1797	0	  0.025176	  0.030554	     -1.00	   2674.12	    103.08	      2.59	      2.35	      5.44	      4.94	50.33	 5.853e-04	     -0.18	Gaussian	0.000000	0.000000
1798	0	  0.025112	  0.027409	     -1.00	    494.12	    562.97	      2.43	      2.40	      5.10	      5.05	-68.36	 1.197e-03	     -0.18	Gaussian	0.000000	0.000000
1799	0	  0.025434	  0.035469	     -1.00	   4575.64	   1975.01	      2.16	      2.08	      4.54	      4.37	-89.56	 4.244e-04	     -0.18	Gaussian	0.000000	0.000000
1800	0	  0.025192	  0.024923	     -1.00	     72.14	   3785.53	      2.00	      1.94	      4.21	      4.07	86.47	 1.177e-03	     -0.18	Gaussian	0.000000	0.000000
1801	0	  0.025515	  0.032387	     -1.00	   2289.36	    937.45	      2.30	      2.12	      4.84	      4.47	73.32	 4.786e-04	     -0.18	Gaussian	0.000000	0.000000
1802	0	  0.025212	  0.026435	     -1.00	   1537.69	    855.66	      2.45	      2.45	      5.15	      5.15	-38.17	 5.199e-04	     -0.18	Gaussian	0.000000	0.000000
1803	0	  0.025515	  0.020162	     -1.00	   3576.36	   1835.88	      3.18	      3.18	      6.69	      6.68	7.08	 1.294e-03	     -0.18	Gaussian	0.000000	0.000000
1804	0	  0.024962	  0.024460	     -1.00	    235.22	   3875.76	      2.58	      2.52	      5.43	      5.29	44.44	 6.331e-04	     -0.18	Gaussian	0.000000	0.000000
1805	0	  0.025358	  0.029396	     -1.00	   1921.16	   3588.05	      2.68	      2.55	      5.62	      5.36	76.28	 7.329e-04	     -0.18	Gaussian	0.000000	0.000000
1806	0	  0.024823	  0.024214	     -1.00	     26.72	   1002.28	      2.56	      2.55	      5.37	      5.37	78.94	 8.113e-04	     -0.18	Gaussian	0.000000	0.000000
1807	0	  0.024688	  0.025398	     -1.00	    151.59	   1364.60	      2.50	      2.50	      5.25	      5.25	57.12	 4.930e-04	     -0.18	Gaussian	0.000000	0.000000
1808	0	  0.025163	  0.030573	     -1.00	   1197.77	   2355.29	      2.32	      2.32	      4.87	      4.87	-30.82	 4.639e-04	     -0.18	Gaussian	0.000000	0.000000
1809	0	  0.024685	  0.030297	     -1.00	   6204.23	   1218.84	      2.46	      2.12	      5.17	      4.46	48.29	 4.900e-04	     -0.18	Gaussian	0.000000	0.000000
1810	0	  0.025136	  0.030826	     -1.00	   5503.12	   3066.07	      2.10	      1.80	      4.41	      3.79	57.34	 7.217e-04	     -0.18	Gaussian	0.000000	0.000000
1811	0	  0.025530	  0.015385	     -1.00	   3437.40	   1986.30	      4.24	      4.18	      8.92	      8.79	84.43	 1.905e-03	     -0.18	Gaussian	0.000000	0.000000
1812	0	  0.026122	  0.027841	     -1.00	    849.49	    978.26	      1.54	      1.28	      3.24	      2.68	8.16	 4.772e-03	     -0.18	Gaussian	0.000000	0.000000
1813	0	  0.025233	  0.033456	     -1.00	   4453.63	    170.87	      2.17	      2.17	      4.56	      4.56	-60.67	 5.369e-04	     -0.18	Gaussian	0.000000	0.000000
1814	0	  0.025336	  0.013215	     -1.00	   2897.59	    401.18	      4.51	      4.51	      9.48	      9.47	82.89	 1.886e-03	     -0.18	Gaussian	0.000000	0.000000
1815	0	  0.025892	  0.034764	     -1.00	   2306.17	   4243.53	      2.19	      2.07	      4.60	      4.34	-83.87	 8.951e-04	     -0.18	Gaussian	0.000000	0.000000
1816	0	  0.025438	  0.028421	     -1.00	   4090.48	   3320.26	      2.05	      1.72	      4.31	      3.62	67.20	 1.066e-03	     -0.18	Gaussian	0.000000	0.000000
1817	0	  0.025352	  0.025750	     -1.00	   1664.18	   2000.95	      2.76	      2.20	      5.81	      4.62	29.13	 6.572e-04	     -0.18	Gaussian	0.000000	0.000000
1818	0	  0.024902	  0.018106	     -1.00	   1445.70	     42.65	      1.91	      1.88	      4.01	      3.96	76.84	 1.432e-03	     -0.18	Gaussian	0.000000	0.000000
1819	0	  0.025363	  0.032712	     -1.00	   4466.75	   3629.63	      2.34	      2.05	      4.91	      4.31	70.34	 4.432e-04	     -0.18	Gaussian	0.000000	0.000000
1820	0	  0.024972	  0.023892	     -1.00	    953.40	   3737.18	      2.82	      2.70	      5.93	      5.68	86.09	 6.590e-04	     -0.18	Gaussian	0.000000	0.000000
1821	0	  0.025531	  0.018642	     -1.00	   4057.30	   1958.05	      3.43	      3.41	      7.21	      7.16	6.58	 1.495e-03	     -0.18	Gaussian	0.000000	0.000000
1822	0	  0.025380	  0.033258	     -1.00	   4135.32	   3549.79	      2.29	      2.05	      4.81	      4.32	80.53	 4.338e-04	     -0.18	Gaussian	0.000000	0.000000
1823	0	  0.025481	  0.019551	     -1.00	   3517.02	   2464.26	      3.58	      2.79	      7.52	      5.87	-86.69	 9.807e-04	     -0.18	Gaussian	0.000000	0.000000
1824	0	  0.025660	  0.034816	     -1.00	   3387.98	   2209.19	      1.98	      1.80	      4.16	      3.78	-87.04	 7.148e-04	     -0.18	Gaussian	0.000000	0.000000
1825	0	  0.025480	  0.026989	     -1.00	   2348.44	   3519.16	      3.22	      2.70	      6.77	      5.68	10.15	 1.249e-03	     -0.18	Gaussian	0.000000	0.000000
1826	0	  0.025024	  0.024431	     -1.00	   5617.55	   2906.06	      3.61	      3.46	      7.59	      7.27	84.21	 1.550e-03	     -0.18	Gaussian	0.000000	0.000000
1827	0	  0.025509	  0.017766	     -1.00	   3839.44	   2676.98	      3.45	      3.41	      7.24	      7.16	11.32	 1.403e-03	     -0.18	Gaussian	0.000000	0.000000
1828	0	  0.025231	  0.030572	     -1.00	   5167.85	   4221.50	      2.38	      2.14	      5.01	      4.49	62.89	 4.490e-04	     -0.18	Gaussian	0.000000	0.000000
1829	0	  0.025287	  0.031745	     -1.00	   4148.57	    620.52	      2.33	      2.11	      4.89	      4.43	65.63	 4.456e-04	     -0.18	Gaussian	0.000000	0.000000
1830	0	  0.025549	  0.033575	     -1.00	   3556.83	   1866.98	      2.27	      2.04	      4.78	      4.28	-87.56	 4.552e-04	     -0.18	Gaussian	0.000000	0.000000
1831	0	  0.025317	  0.019117	     -1.00	   1734.01	   1129.17	      4.25	      3.57	      8.94	      7.51	86.39	 1.506e-03	     -0.18	Gaussian	0.000000	0.000000
1832	0	  0.024786	  0.026655	     -1.00	   5595.49	    437.47	      2.62	      2.23	      5.50	      4.68	58.23	 4.183e-04	     -0.18	Gaussian	0.000000	0.000000
1833	0	  0.025252	  0.020153	     -1.00	   4717.07	   3161.31	      4.00	      3.36	      8.41	      7.06	2.30	 1.608e-03	     -0.18	Gaussian	0.000000	0.000000
1834	0	  0.024757	  0.027286	     -1.00	   5825.68	   1088.45	      2.47	      2.28	      5.19	      4.80	65.65	 4.671e-04	     -0.18	Gaussian	0.000000	0.000000
1835	0	  0.025203	  0.030728	     -1.00	   1344.87	    837.61	      2.39	      2.11	      5.03	      4.43	25.50	 4.872e-04	     -0.18	Gaussian	0.000000	0.000000
1836	0	  0.025523	  0.033215	     -1.00	   4505.43	    921.88	      2.20	      2.11	      4.63	      4.44	51.27	 9.413e-04	     -0.18	Gaussian	0.000000	0.000000
1837	0	  0.025529	  0.034616	     -1.00	   2280.06	    760.57	      2.24	      1.99	      4.71	      4.19	46.59	 4.945e-04	     -0.18	Gaussian	0.000000	0.000000
1838	0	  0.025367	  0.020650	     -1.00	   1780.27	   1532.00	      4.04	      3.25	      8.50	      6.84	86.02	 1.583e-03	     -0.18	Gaussian	0.000000	0.000000
1839	0	  0.025483	  0.033393	     -1.00	   4574.35	   2243.62	      2.25	      2.06	      4.73	      4.32	73.38	 4.584e-04	     -0.18	Gaussian	0.000000	0.000000
1840	0	  0.025582	  0.028095	     -1.00	   3959.67	   2896.98	      2.55	      2.16	      5.36	      4.53	-63.07	 1.006e-03	     -0.18	Gaussian	0.000000	0.000000
1841	0	  0.025515	  0.018753	     -1.00	   2594.93	   1907.60	      1.66	      1.61	      3.49	      3.38	78.83	 1.931e-03	     -0.17	Gaussian	0.000000	0.000000
1842	0	  0.025092	  0.024180	     -1.00	    342.23	   4161.57	      2.56	      2.49	      5.38	      5.23	32.82	 5.390e-04	     -0.17	Gaussian	0.000000	0.000000
1843	0	  0.025415	  0.033653	     -1.00	   4156.35	   3429.93	      2.24	      2.04	      4.72	      4.29	87.34	 4.540e-04	     -0.17	Gaussian	0.000000	0.000000
1844	0	  0.025431	  0.032048	     -1.00	   4099.21	   2691.75	      2.29	      2.09	      4.82	      4.38	-87.26	 4.373e-04	     -0.17	Gaussian	0.000000	0.000000
1845	0	  0.025249	  0.031757	     -1.00	   5291.53	   2627.66	      2.31	      2.10	      4.85	      4.42	65.18	 4.413e-04	     -0.17	Gaussian	0.000000	0.000000
1846	0	  0.025288	  0.031037	     -1.00	   1402.10	   2099.80	      2.27	      2.18	      4.76	      4.59	44.73	 4.270e-04	     -0.17	Gaussian	0.000000	0.000000
1847	0	  0.025286	  0.026556	     -1.00	     42.77	   3505.66	      2.45	      2.36	      5.15	      4.96	-18.64	 1.423e-03	     -0.17	Gaussian	0.000000	0.000000
1848	0	  0.025492	  0.031330	     -1.00	   3441.25	   3527.88	      2.33	      2.10	      4.89	      4.42	88.25	 4.510e-04	     -0.17	Gaussian	0.000000	0.000000
1849	0	  0.025893	  0.025517	     -1.00	   2043.78	   3977.53	      1.72	      1.70	      3.61	      3.58	-43.84	 1.728e-03	     -0.17	Gaussian	0.000000	0.000000
1850	0	  0.025448	  0.022119	     -1.00	   3114.35	   3058.45	      3.21	      3.06	      6.74	      6.43	7.86	 1.148e-03	     -0.17	Gaussian	0.000000	0.000000
1851	0	  0.025287	  0.032963	     -1.00	   4315.15	   3740.91	      2.27	      2.04	      4.77	      4.28	79.59	 4.424e-04	     -0.17	Gaussian	0.000000	0.000000
1852	0	  0.025310	  0.030551	     -1.00	    928.48	   2912.87	      2.26	      2.21	      4.74	      4.64	3.51	 6.197e-04	     -0.17	Gaussian	0.000000	0.000000
1853	0	  0.025462	  0.032474	     -1.00	   1896.39	   3556.66	      2.20	      2.14	      4.63	      4.49	68.68	 5.842e-04	     -0.17	Gaussian	0.000000	0.000000
1854	0	  0.025307	  0.018953	     -1.00	   1468.78	   1029.92	      1.65	      1.59	      3.47	      3.34	72.45	 2.007e-03	     -0.17	Gaussian	0.000000	0.000000
1855	0	  0.025505	  0.034084	     -1.00	   3889.38	   1270.70	      2.20	      2.03	      4.63	      4.27	70.59	 4.208e-04	     -0.17	Gaussian	0.000000	0.000000
1856	0	  0.025539	  0.033559	     -1.00	   2544.74	   1537.00	      2.18	      2.08	      4.58	      4.37	74.01	 4.906e-04	     -0.17	Gaussian	0.000000	0.000000
1857	0	  0.025494	  0.030868	     -1.00	   5455.89	    170.99	      2.44	      2.02	      5.12	      4.24	49.58	 1.493e-03	     -0.17	Gaussian	0.000000	0.000000
1858	0	  0.025380	  0.033164	     -1.00	   3853.97	    348.23	      2.24	      2.05	      4.72	      4.30	73.24	 5.038e-04	     -0.17	Gaussian	0.000000	0.000000
1859	0	  0.025171	  0.028979	     -1.00	   1263.56	   1877.53	      2.40	      2.19	      5.04	      4.60	33.66	 4.729e-04	     -0.17	Gaussian	0.000000	0.000000
1860	0	  0.026664	  0.035337	     -1.00	   3050.77	   2057.51	      2.16	      1.99	      4.54	      4.18	-79.96	 1.857e-03	     -0.17	Gaussian	0.000000	0.000000
1861	0	  0.025097	  0.030406	     -1.00	   5420.58	   3023.76	      2.32	      2.15	      4.89	      4.52	62.70	 4.266e-04	     -0.17	Gaussian	0.000000	0.000000
1862	0	  0.025577	  0.033735	     -1.00	   3509.46	   2721.84	      2.28	      1.98	      4.79	      4.17	-86.22	 4.591e-04	     -0.17	Gaussian	0.000000	0.000000
1863	0	  0.025200	  0.032100	     -1.00	   5550.88	   3814.35	      2.33	      2.02	      4.89	      4.25	57.52	 5.166e-04	     -0.17	Gaussian	0.000000	0.000000
1864	0	  0.025463	  0.030220	     -1.00	   4476.39	    190.63	      2.35	      2.13	      4.94	      4.48	51.71	 1.572e-03	     -0.17	Gaussian	0.000000	0.000000
1865	0	  0.025206	  0.023069	     -1.00	   1279.42	    281.28	      3.03	      2.94	      6.37	      6.19	80.97	 1.016e-03	     -0.17	Gaussian	0.000000	0.000000
1866	0	  0.024808	  0.025505	     -1.00	   6111.58	   1835.17	      2.83	      2.24	      5.95	      4.71	17.62	 6.726e-04	     -0.17	Gaussian	0.000000	0.000000
1867	0	  0.025234	  0.030458	     -1.00	   2466.54	    351.49	      2.34	      2.11	      4.93	      4.44	51.75	 4.456e-04	     -0.17	Gaussian	0.000000	0.000000
1868	0	  0.025026	  0.028105	     -1.00	    675.84	   2086.56	      2.45	      2.20	      5.14	      4.62	23.04	 4.731e-04	     -0.17	Gaussian	0.000000	0.000000
1869	0	  0.025234	  0.027724	     -1.00	   5228.68	   2052.94	      2.44	      2.23	      5.14	      4.68	27.50	 4.327e-04	     -0.17	Gaussian	0.000000	0.000000
1870	0	  0.025331	  0.030081	     -1.00	   1492.44	   1591.49	      2.30	      2.17	      4.84	      4.57	55.92	 4.892e-04	     -0.17	Gaussian	0.000000	0.000000
1871	0	  0.025281	  0.028159	     -1.00	   1430.11	   4195.80	      2.38	      2.24	      5.01	      4.71	-87.52	 4.708e-04	     -0.17	Gaussian	0.000000	0.000000
1872	0	  0.025303	  0.030289	     -1.00	   4693.20	   1607.06	      2.45	      2.28	      5.15	      4.79	61.77	 5.894e-04	     -0.17	Gaussian	0.000000	0.000000
1873	0	  0.025194	  0.029773	     -1.00	   2341.06	    306.96	      2.44	      2.08	      5.12	      4.36	43.29	 4.515e-04	     -0.17	Gaussian	0.000000	0.000000
1874	0	  0.025397	  0.031402	     -1.00	   4705.52	   1384.21	      1.68	      1.62	      3.53	      3.41	22.00	 1.275e-03	     -0.17	Gaussian	0.000000	0.000000
1875	0	  0.025628	  0.030472	     -1.00	   2680.89	   2506.91	      2.44	      2.03	      5.12	      4.26	79.28	 5.465e-04	     -0.17	Gaussian	0.000000	0.000000
1876	0	  0.025340	  0.015128	     -1.00	   3032.09	    504.50	      4.71	      4.71	      9.90	      9.90	9.30	 2.140e-03	     -0.17	Gaussian	0.000000	0.000000
1877	0	  0.024966	  0.028169	     -1.00	    964.57	    458.10	      1.87	      1.87	      3.93	      3.93	-32.57	 8.884e-04	     -0.17	Gaussian	0.000000	0.000000
1878	0	  0.025578	  0.033921	     -1.00	   3012.70	   3103.46	      2.17	      2.05	      4.56	      4.30	77.48	 4.451e-04	     -0.17	Gaussian	0.000000	0.000000
1879	0	  0.025427	  0.019850	     -1.00	    905.44	    861.28	      1.66	      1.56	      3.48	      3.28	80.15	 2.201e-03	     -0.17	Gaussian	0.000000	0.000000
1880	0	  0.025353	  0.024800	     -1.00	   1813.60	    765.42	      1.85	      1.79	      3.88	      3.77	77.92	 1.402e-03	     -0.17	Gaussian	0.000000	0.000000
1881	0	  0.025047	  0.029752	     -1.00	   5760.91	   3752.46	      2.26	      2.23	      4.74	      4.69	36.09	 4.957e-04	     -0.17	Gaussian	0.000000	0.000000
1882	0	  0.025259	  0.023191	     -1.00	   1407.23	   2118.46	      3.63	      3.50	      7.62	      7.35	6.66	 1.681e-03	     -0.17	Gaussian	0.000000	0.000000
1883	0	  0.025308	  0.029752	     -1.00	   1560.09	   1799.39	      2.25	      2.22	      4.73	      4.68	9.05	 4.646e-04	     -0.17	Gaussian	0.000000	0.000000
1884	0	  0.025173	  0.030581	     -1.00	   1429.66	    598.90	      2.33	      2.10	      4.89	      4.42	29.59	 5.637e-04	     -0.17	Gaussian	0.000000	0.000000
1885	0	  0.025389	  0.032597	     -1.00	   1867.73	   2537.42	      2.24	      2.05	      4.70	      4.30	71.21	 4.996e-04	     -0.17	Gaussian	0.000000	0.000000
1886	0	  0.025284	  0.028187	     -1.00	   1256.58	   1108.09	      2.08	      2.05	      4.37	      4.31	-28.02	 7.595e-04	     -0.17	Gaussian	0.000000	0.000000
1887	0	  0.025291	  0.029789	     -1.00	   1285.74	   2993.36	      2.24	      2.24	      4.70	      4.70	-75.28	 5.553e-04	     -0.17	Gaussian	0.000000	0.000000
1888	0	  0.025241	  0.028933	     -1.00	   1600.15	    528.86	      2.38	      2.17	      5.00	      4.55	33.50	 4.723e-04	     -0.17	Gaussian	0.000000	0.000000
1889	0	  0.025330	  0.029187	     -1.00	   2697.81	    138.95	      2.40	      2.13	      5.03	      4.47	44.03	 7.653e-04	     -0.17	Gaussian	0.000000	0.000000
1890	0	  0.025535	  0.026784	     -1.00	   3528.37	   3345.16	      2.84	      2.46	      5.97	      5.18	55.32	 7.999e-04	     -0.17	Gaussian	0.000000	0.000000
1891	0	  0.025473	  0.033273	     -1.00	   3728.81	   3425.85	      2.20	      2.03	      4.62	      4.27	71.81	 4.525e-04	     -0.17	Gaussian	0.000000	0.000000
1892	0	  0.025391	  0.033408	     -1.00	   2670.32	   3472.15	      2.30	      2.14	      4.82	      4.49	80.72	 5.279e-04	     -0.17	Gaussian	0.000000	0.000000
1893	0	  0.025429	  0.031837	     -1.00	   3483.81	    915.54	      2.23	      2.08	      4.69	      4.38	67.28	 4.390e-04	     -0.17	Gaussian	0.000000	0.000000
1894	0	  0.025256	  0.031547	     -1.00	   4531.21	    923.11	      2.31	      2.14	      4.85	      4.50	60.44	 4.901e-04	     -0.17	Gaussian	0.000000	0.000000
1895	0	  0.024839	  0.029616	     -1.00	   6022.03	   1558.40	      2.41	      2.07	      5.07	      4.36	53.46	 4.421e-04	     -0.17	Gaussian	0.000000	0.000000
1896	0	  0.025261	  0.027115	     -1.00	   1259.14	   3170.11	      1.98	      1.79	      4.17	      3.76	82.66	 9.986e-04	     -0.17	Gaussian	0.000000	0.000000
1897	0	  0.025570	  0.030786	     -1.00	   2642.15	   1223.58	      2.19	      2.19	      4.60	      4.60	6.96	 4.595e-04	     -0.17	Gaussian	0.000000	0.000000
1898	0	  0.025558	  0.031043	     -1.00	   1824.27	   4183.84	      2.23	      2.12	      4.69	      4.46	88.46	 6.556e-04	     -0.17	Gaussian	0.000000	0.000000
1899	0	  0.025085	  0.026483	     -1.00	   2174.50	    125.21	      2.72	      2.55	      5.71	      5.35	65.65	 6.843e-04	     -0.17	Gaussian	0.000000	0.000000
1900	0	  0.025380	  0.032344	     -1.00	   4428.86	   3740.64	      2.19	      2.09	      4.59	      4.40	53.44	 4.454e-04	     -0.17	Gaussian	0.000000	0.000000
1901	0	  0.025029	  0.031016	     -1.00	   5136.00	    688.64	      2.27	      2.09	      4.77	      4.40	58.72	 4.560e-04	     -0.17	Gaussian	0.000000	0.000000
1902	0	  0.025108	  0.025400	     -1.00	    750.40	   2563.14	      2.07	      2.04	      4.35	      4.30	34.50	 7.600e-04	     -0.17	Gaussian	0.000000	0.000000
1903	0	  0.025234	  0.025463	     -1.00	   5448.07	   3034.32	      2.79	      2.29	      5.86	      4.82	17.54	 1.008e-03	     -0.17	Gaussian	0.000000	0.000000
1904	0	  0.025344	  0.028648	     -1.00	   2364.83	    355.52	      2.43	      2.10	      5.11	      4.42	50.11	 4.496e-04	     -0.17	Gaussian	0.000000	0.000000
1905	0	  0.025309	  0.030971	     -1.00	   1525.90	   1604.89	      2.24	      2.12	      4.70	      4.45	43.51	 4.845e-04	     -0.17	Gaussian	0.000000	0.000000
1906	0	  0.025180	  0.023338	     -1.00	   4506.55	    387.26	      3.18	      2.98	      6.68	      6.26	83.22	 1.184e-03	     -0.17	Gaussian	0.000000	0.000000
1907	0	  0.025351	  0.029368	     -1.00	   4968.46	   1987.02	      2.38	      2.09	      5.00	      4.38	78.01	 6.248e-04	     -0.17	Gaussian	0.000000	0.000000
1908	0	  0.025610	  0.032214	     -1.00	   3745.92	   2297.30	      2.21	      2.06	      4.64	      4.32	-79.14	 4.777e-04	     -0.17	Gaussian	0.000000	0.000000
1909	0	  0.025488	  0.032779	     -1.00	   4120.08	   1607.73	      2.11	      2.11	      4.43	      4.43	33.76	 4.657e-04	     -0.17	Gaussian	0.000000	0.000000
1910	0	  0.025252	  0.027663	     -1.00	   1359.11	   3312.47	      1.95	      1.87	      4.09	      3.93	63.37	 8.243e-04	     -0.17	Gaussian	0.000000	0.000000
1911	0	  0.025357	  0.031089	     -1.00	   3957.05	   4103.62	      2.28	      2.05	      4.78	      4.31	83.51	 3.967e-04	     -0.17	Gaussian	0.000000	0.000000
1912	0	  0.024938	  0.025736	     -1.00	   5262.42	    127.41	      2.55	      2.21	      5.35	      4.65	50.45	 4.460e-04	     -0.17	Gaussian	0.000000	0.000000
1913	0	  0.025467	  0.025272	     -1.00	   3366.31	   3196.24	      3.08	      2.44	      6.48	      5.13	60.09	 8.698e-04	     -0.17	Gaussian	0.000000	0.000000
1914	0	  0.025738	  0.026909	     -1.00	   3158.47	   3556.84	      1.66	      1.50	      3.48	      3.15	77.83	 1.904e-03	     -0.17	Gaussian	0.000000	0.000000
1915	0	  0.026205	  0.019010	     -1.00	   2235.94	   3564.25	      3.20	      3.18	      6.73	      6.68	77.99	 2.631e-03	     -0.17	Gaussian	0.000000	0.000000
1916	0	  0.025373	  0.030281	     -1.00	   4345.33	   1070.63	      2.31	      2.07	      4.85	      4.35	71.84	 4.902e-04	     -0.17	Gaussian	0.000000	0.000000
1917	0	  0.025512	  0.030009	     -1.00	   2503.46	     30.28	      2.10	      1.97	      4.41	      4.13	53.85	 8.229e-04	     -0.17	Gaussian	0.000000	0.000000
1918	0	  0.025184	  0.028291	     -1.00	   1170.42	   3514.71	      2.26	      2.26	      4.76	      4.74	73.27	 4.441e-04	     -0.17	Gaussian	0.000000	0.000000
1919	0	  0.025942	  0.034627	     -1.00	   2536.57	   2922.92	      2.12	      1.97	      4.46	      4.14	-73.43	 1.432e-03	     -0.17	Gaussian	0.000000	0.000000
1920	0	  0.025666	  0.031097	     -1.00	   2297.84	   1866.36	      2.23	      2.08	      4.69	      4.38	68.90	 9.693e-04	     -0.16	Gaussian	0.000000	0.000000
1921	0	  0.025067	  0.015404	     -1.00	    842.85	   1982.87	      1.71	      1.70	      3.60	      3.58	72.92	 1.664e-03	     -0.16	Gaussian	0.000000	0.000000
1922	0	  0.025486	  0.028987	     -1.00	   1914.88	   4032.43	      2.25	      2.21	      4.74	      4.64	-83.17	 4.400e-04	     -0.16	Gaussian	0.000000	0.000000
1923	0	  0.024999	  0.028975	     -1.00	   4959.53	    523.94	      2.32	      2.15	      4.88	      4.51	53.94	 4.091e-04	     -0.16	Gaussian	0.000000	0.000000
1924	0	  0.025110	  0.018058	     -1.00	   5835.26	   3394.45	      1.68	      1.48	      3.53	      3.11	8.86	 1.956e-03	     -0.16	Gaussian	0.000000	0.000000
1925	0	  0.025344	  0.029455	     -1.00	   1247.99	   2446.56	      2.27	      2.15	      4.77	      4.53	20.21	 4.871e-04	     -0.16	Gaussian	0.000000	0.000000
1926	0	  0.025368	  0.026877	     -1.00	    752.92	   1438.41	      2.31	      2.31	      4.86	      4.86	65.97	 8.000e-04	     -0.16	Gaussian	0.000000	0.000000
1927	0	  0.025537	  0.029355	     -1.00	   3984.07	   2613.68	      2.43	      2.28	      5.11	      4.80	54.60	 5.655e-04	     -0.16	Gaussian	0.000000	0.000000
1928	0	  0.025280	  0.028666	     -1.00	   1515.62	   1547.53	      2.30	      2.18	      4.83	      4.58	33.68	 5.129e-04	     -0.16	Gaussian	0.000000	0.000000
1929	0	  0.025191	  0.027616	     -1.00	   1128.92	   2081.32	      1.98	      1.75	      4.16	      3.68	42.71	 8.856e-04	     -0.16	Gaussian	0.000000	0.000000
1930	0	  0.025516	  0.019425	     -1.00	   3187.83	   1783.74	      1.86	      1.78	      3.91	      3.74	78.23	 1.643e-03	     -0.16	Gaussian	0.000000	0.000000
1931	0	  0.025268	  0.028627	     -1.00	   5029.61	   3334.78	      2.34	      2.13	      4.93	      4.48	60.66	 4.208e-04	     -0.16	Gaussian	0.000000	0.000000
1932	0	  0.025218	  0.025810	     -1.00	   5448.45	   1963.86	      1.70	      1.55	      3.57	      3.26	75.93	 1.788e-03	     -0.16	Gaussian	0.000000	0.000000
1933	0	  0.025181	  0.018126	     -1.00	    747.75	   1603.60	      2.07	      2.05	      4.35	      4.31	80.70	 1.231e-03	     -0.16	Gaussian	0.000000	0.000000
1934	0	  0.024960	  0.029304	     -1.00	   5936.41	   2503.05	      2.35	      2.07	      4.94	      4.35	48.11	 4.437e-04	     -0.16	Gaussian	0.000000	0.000000
1935	0	  0.025177	  0.032121	     -1.00	   5481.63	   1618.27	      1.61	      1.58	      3.38	      3.32	90.00	 1.365e-03	     -0.16	Gaussian	0.000000	0.000000
1936	0	  0.025458	  0.031840	     -1.00	   3867.12	   3684.68	      2.11	      2.11	      4.44	      4.44	9.21	 5.518e-04	     -0.16	Gaussian	0.000000	0.000000
1937	0	  0.025273	  0.032083	     -1.00	   1648.00	   1304.82	      2.11	      2.11	      4.43	      4.43	-50.63	 4.838e-04	     -0.16	Gaussian	0.000000	0.000000
1938	0	  0.025175	  0.027263	     -1.00	   2080.16	    352.47	      1.94	      1.85	      4.07	      3.89	-62.67	 7.820e-04	     -0.16	Gaussian	0.000000	0.000000
1939	0	  0.025010	  0.017852	     -1.00	   5492.27	    269.07	      3.39	      3.38	      7.13	      7.10	11.96	 1.356e-03	     -0.16	Gaussian	0.000000	0.000000
1940	0	  0.025539	  0.019807	     -1.00	   3292.71	   3308.24	      3.10	      3.07	      6.52	      6.46	79.73	 1.040e-03	     -0.16	Gaussian	0.000000	0.000000
1941	0	  0.025310	  0.028942	     -1.00	   1684.30	    891.67	      2.33	      2.10	      4.90	      4.41	32.02	 4.694e-04	     -0.16	Gaussian	0.000000	0.000000
1942	0	  0.025483	  0.025049	     -1.00	   1567.47	   2398.50	      1.75	      1.66	      3.68	      3.48	81.23	 1.488e-03	     -0.16	Gaussian	0.000000	0.000000
1943	0	  0.025168	  0.030876	     -1.00	   5283.94	   3286.19	      2.09	      1.88	      4.39	      3.95	66.08	 5.361e-04	     -0.16	Gaussian	0.000000	0.000000
1944	0	  0.025401	  0.030703	     -1.00	   4178.80	   3716.90	      2.28	      2.02	      4.79	      4.25	75.45	 4.264e-04	     -0.16	Gaussian	0.000000	0.000000
1945	0	  0.025496	  0.019411	     -1.00	   3566.73	   1118.73	      1.76	      1.65	      3.70	      3.47	77.73	 1.641e-03	     -0.16	Gaussian	0.000000	0.000000
1946	0	  0.025482	  0.028886	     -1.00	   4838.91	   2160.89	      2.40	      2.04	      5.05	      4.28	53.72	 1.425e-03	     -0.16	Gaussian	0.000000	0.000000
1947	0	  0.025349	  0.032003	     -1.00	   3164.49	   4072.92	      2.13	      2.08	      4.47	      4.37	52.93	 4.673e-04	     -0.16	Gaussian	0.000000	0.000000
1948	0	  0.025292	  0.030117	     -1.00	   1361.12	   3550.92	      2.18	      2.15	      4.57	      4.52	-89.14	 4.559e-04	     -0.16	Gaussian	0.000000	0.000000
1949	0	  0.025454	  0.029642	     -1.00	   1886.79	   1225.60	      2.33	      2.05	      4.90	      4.31	46.98	 5.049e-04	     -0.16	Gaussian	0.000000	0.000000
1950	0	  0.025135	  0.026540	     -1.00	   1064.12	   2054.41	      1.86	      1.69	      3.92	      3.56	55.01	 1.013e-03	     -0.16	Gaussian	0.000000	0.000000
1951	0	  0.025646	  0.026496	     -1.00	   2972.43	   2018.14	      2.91	      2.64	      6.12	      5.54	72.38	 9.504e-04	     -0.16	Gaussian	0.000000	0.000000
1952	0	  0.025454	  0.030317	     -1.00	   1819.62	   1301.82	      2.15	      2.15	      4.52	      4.52	-15.75	 4.717e-04	     -0.16	Gaussian	0.000000	0.000000
1953	0	  0.025304	  0.028189	     -1.00	   4777.80	   4166.72	      2.32	      2.15	      4.87	      4.51	71.32	 4.436e-04	     -0.16	Gaussian	0.000000	0.000000
1954	0	  0.025432	  0.031875	     -1.00	   4601.07	   1692.71	      2.10	      2.10	      4.41	      4.41	31.90	 5.137e-04	     -0.16	Gaussian	0.000000	0.000000
1955	0	  0.025286	  0.015254	     -1.00	   1858.39	   3304.17	      4.64	      4.60	      9.74	      9.67	85.00	 2.093e-03	     -0.16	Gaussian	0.000000	0.000000
1956	0	  0.025514	  0.023747	     -1.00	   3155.22	   1438.46	      3.72	      3.66	      7.83	      7.68	2.06	 1.926e-03	     -0.16	Gaussian	0.000000	0.000000
1957	0	  0.025647	  0.031383	     -1.00	   3211.97	   2691.84	      2.20	      2.03	      4.62	      4.27	-87.98	 4.556e-04	     -0.16	Gaussian	0.000000	0.000000
1958	0	  0.025286	  0.021805	     -1.00	   4664.56	   3918.81	      1.82	      1.60	      3.82	      3.36	79.72	 1.561e-03	     -0.16	Gaussian	0.000000	0.000000
1959	0	  0.025596	  0.028601	     -1.00	   3551.58	   2408.83	      2.29	      2.14	      4.81	      4.49	-78.16	 3.891e-04	     -0.16	Gaussian	0.000000	0.000000
1960	0	  0.025510	  0.027396	     -1.00	   3679.37	   1233.23	      2.03	      1.68	      4.26	      3.53	58.32	 8.605e-04	     -0.16	Gaussian	0.000000	0.000000
1961	0	  0.025391	  0.030426	     -1.00	   4356.50	   2493.94	      2.21	      2.07	      4.64	      4.35	60.62	 4.325e-04	     -0.16	Gaussian	0.000000	0.000000
1962	0	  0.025459	  0.031564	     -1.00	   3984.81	   1505.53	      2.17	      2.03	      4.57	      4.26	73.30	 4.692e-04	     -0.16	Gaussian	0.000000	0.000000
1963	0	  0.025332	  0.028057	     -1.00	   3847.54	   4205.72	      2.40	      2.08	      5.04	      4.36	72.03	 4.103e-04	     -0.16	Gaussian	0.000000	0.000000
1964	0	  0.025389	  0.028932	     -1.00	   1560.60	   2130.55	      2.23	      2.16	      4.69	      4.54	41.61	 4.530e-04	     -0.16	Gaussian	0.000000	0.000000
1965	0	  0.025378	  0.028206	     -1.00	   2100.72	   1415.49	      2.30	      2.15	      4.84	      4.51	59.33	 4.357e-04	     -0.16	Gaussian	0.000000	0.000000
1966	0	  0.025402	  0.030140	     -1.00	   2870.85	   3843.56	      2.24	      2.05	      4.71	      4.31	72.64	 4.943e-04	     -0.16	Gaussian	0.000000	0.000000
1967	0	  0.025604	  0.027951	     -1.00	   1297.50	   1366.83	      2.33	      2.13	      4.90	      4.48	28.74	 1.128e-03	     -0.16	Gaussian	0.000000	0.000000
1968	0	  0.025436	  0.029241	     -1.00	   3619.93	   1396.53	      2.18	      2.18	      4.58	      4.58	-3.45	 4.513e-04	     -0.16	Gaussian	0.000000	0.000000
1969	0	  0.025466	  0.031675	     -1.00	   3442.02	    735.31	      1.96	      1.95	      4.11	      4.09	33.30	 6.349e-04	     -0.16	Gaussian	0.000000	0.000000
1970	0	  0.025644	  0.029407	     -1.00	   1965.79	   2244.32	      1.91	      1.76	      4.02	      3.69	48.61	 8.089e-04	     -0.16	Gaussian	0.000000	0.000000
1971	0	  0.025914	  0.030824	     -1.00	   1649.06	   1257.80	      2.17	      2.07	      4.57	      4.34	45.03	 1.790e-03	     -0.16	Gaussian	0.000000	0.000000
1972	0	  0.025259	  0.027335	     -1.00	   1288.64	   1434.33	      2.02	      2.01	      4.24	      4.23	-86.10	 6.795e-04	     -0.16	Gaussian	0.000000	0.000000
1973	0	  0.025377	  0.030239	     -1.00	   2107.55	   2937.91	      2.13	      2.13	      4.48	      4.48	37.49	 4.257e-04	     -0.16	Gaussian	0.000000	0.000000
1974	0	  0.025179	  0.028177	     -1.00	   5579.53	   2620.56	      2.36	      2.06	      4.95	      4.33	54.98	 5.071e-04	     -0.16	Gaussian	0.000000	0.000000
1975	0	  0.025508	  0.028765	     -1.00	   3293.71	   3274.87	      2.25	      2.11	      4.72	      4.44	89.30	 4.002e-04	     -0.16	Gaussian	0.000000	0.000000
1976	0	  0.025646	  0.030063	     -1.00	   2731.42	   1038.93	      2.23	      2.03	      4.69	      4.26	68.90	 4.469e-04	     -0.16	Gaussian	0.000000	0.000000
1977	0	  0.025352	  0.029275	     -1.00	   3655.24	    343.40	      2.49	      2.18	      5.23	      4.58	58.95	 5.976e-04	     -0.16	Gaussian	0.000000	0.000000
1978	0	  0.025561	  0.030051	     -1.00	   3335.94	   3478.87	      2.21	      2.04	      4.65	      4.29	77.47	 4.482e-04	     -0.16	Gaussian	0.000000	0.000000
1979	0	  0.025771	  0.029936	     -1.00	   2673.94	   1028.55	      2.20	      2.06	      4.61	      4.34	64.62	 8.623e-04	     -0.16	Gaussian	0.000000	0.000000
1980	0	  0.025455	  0.030020	     -1.00	   4562.38	   2295.83	      2.22	      2.03	      4.66	      4.26	89.01	 5.014e-04	     -0.15	Gaussian	0.000000	0.000000
1981	0	  0.025797	  0.024895	     -1.00	   2047.33	    425.29	      1.94	      1.70	      4.08	      3.58	54.87	 1.555e-03	     -0.15	Gaussian	0.000000	0.000000
1982	0	  0.025508	  0.028220	     -1.00	   3310.66	    904.55	      2.30	      2.07	      4.83	      4.36	63.01	 3.988e-04	     -0.15	Gaussian	0.000000	0.000000
1983	0	  0.025601	  0.030320	     -1.00	   2641.92	   1448.96	      2.16	      2.05	      4.55	      4.30	66.25	 5.003e-04	     -0.15	Gaussian	0.000000	0.000000
1984	0	  0.026012	  0.028702	     -1.00	   2212.52	    724.80	      2.43	      2.41	      5.11	      5.06	-64.65	 2.209e-03	     -0.15	Gaussian	0.000000	0.000000
1985	0	  0.025393	  0.021895	     -1.00	   4557.38	   4200.98	      1.79	      1.52	      3.76	      3.18	79.10	 1.672e-03	     -0.15	Gaussian	0.000000	0.000000
1986	0	  0.025538	  0.029114	     -1.00	   3331.91	   1901.36	      2.22	      2.07	      4.66	      4.36	86.87	 4.234e-04	     -0.15	Gaussian	0.000000	0.000000
1987	0	  0.025910	  0.017644	     -1.00	   3356.39	   2296.94	      3.26	      3.26	      6.85	      6.85	5.65	 1.784e-03	     -0.15	Gaussian	0.000000	0.000000
1988	0	  0.025417	  0.027131	     -1.00	   2922.50	   3595.55	      2.29	      2.13	      4.82	      4.49	84.64	 3.933e-04	     -0.15	Gaussian	0.000000	0.000000
1989	0	  0.025541	  0.028770	     -1.00	   3378.45	   3322.57	      2.25	      2.05	      4.72	      4.31	-85.76	 4.123e-04	     -0.15	Gaussian	0.000000	0.000000
1990	0	  0.025587	  0.029154	     -1.00	   4813.02	   3217.68	      2.12	      2.12	      4.46	      4.46	26.58	 1.304e-03	     -0.15	Gaussian	0.000000	0.000000
1991	0	  0.025098	  0.029436	     -1.00	   5714.05	   3825.37	      1.68	      1.68	      3.54	      3.53	22.86	 9.783e-04	     -0.15	Gaussian	0.000000	0.000000
1992	0	  0.025437	  0.023790	     -1.00	   1963.44	   3716.55	      1.77	      1.63	      3.73	      3.44	81.07	 1.325e-03	     -0.15	Gaussian	0.000000	0.000000
1993	0	  0.025117	  0.027447	     -1.00	   5290.94	    893.35	      2.16	      1.87	      4.55	      3.94	61.96	 8.550e-04	     -0.15	Gaussian	0.000000	0.000000
1994	0	  0.025591	  0.023131	     -1.00	   1512.44	   3900.53	      1.90	      1.76	      4.00	      3.70	84.54	 1.233e-03	     -0.15	Gaussian	0.000000	0.000000
1995	0	  0.025928	  0.029089	     -1.00	   2723.86	    704.74	      2.20	      2.01	      4.62	      4.22	51.22	 1.517e-03	     -0.15	Gaussian	0.000000	0.000000
1996	0	  0.025420	  0.025836	     -1.00	   4603.61	   1925.16	      1.93	      1.55	      4.05	      3.26	63.26	 1.089e-03	     -0.15	Gaussian	0.000000	0.000000
1997	0	  0.026235	  0.028431	     -1.00	   2339.06	    272.15	      2.25	      1.97	      4.73	      4.15	47.10	 4.478e-03	     -0.15	Gaussian	0.000000	0.000000
1998	0	  0.025223	  0.025176	     -1.00	   5286.29	   3094.56	      1.86	      1.71	      3.91	      3.60	76.82	 1.074e-03	     -0.14	Gaussian	0.000000	0.000000
1999	0	  0.025431	  0.030727	     -1.00	   3468.90	    800.44	      1.36	      1.35	      2.86	      2.84	30.99	 1.609e-03	     -0.14	Gaussian	0.000000	0.000000
2000	0	  0.025837	  0.030332	     -1.00	   3617.94	   3275.38	      1.70	      1.51	      3.58	      3.18	15.79	 1.620e-03	     -0.14	Gaussian	0.000000	0.000000
