# 2000 stars found using the following parameters:
# sigma=1.00 roundness=0.50 radius=5 relax=0 profile=0 minbeta=1.5 max_stars=2000 layer=0 minA=0.00 maxA=0.00 maxR=1.00
# star#	layer	B	A	beta	X	Y	FWHMx [px]	FWHMy [px]	FWHMx ["]	FWHMy ["]	angle	RMSE	mag	Profile	RA	Dec
1	0	  0.043137	  1.462412	     -1.00	   2345.80	    228.60	      5.89	      4.96	     12.39	     10.42	42.16	 2.628e-02	     -4.15	Gaussian	0.000000	0.000000
2	0	  0.034788	  1.860225	     -1.00	   3295.47	   2025.44	      3.92	      3.49	      8.25	      7.33	-86.91	 1.352e-02	     -3.50	Gaussian	0.000000	0.000000
3	0	  0.033098	  1.128402	     -1.00	   3325.25	   2371.62	      4.25	      3.73	      8.94	      7.83	84.34	 2.689e-02	     -3.32	Gaussian	0.000000	0.000000
4	0	  0.031872	  1.135076	     -1.00	   3246.05	    917.03	      4.14	      3.80	      8.71	      7.98	83.35	 2.625e-02	     -3.32	Gaussian	0.000000	0.000000
5	0	  0.030297	  1.139501	     -1.00	   3410.97	   2266.12	      4.23	      3.63	      8.89	      7.63	-87.31	 2.545e-02	     -3.30	Gaussian	0.000000	0.000000
6	0	  0.030565	  1.141513	     -1.00	   3210.72	   2099.85	      4.18	      3.63	      8.79	      7.63	-84.73	 2.463e-02	     -3.29	Gaussian	0.000000	0.000000
7	0	  0.034422	  1.129138	     -1.00	   1189.84	   3061.67	      4.05	      3.78	      8.52	      7.95	-35.41	 2.700e-02	     -3.29	Gaussian	0.000000	0.000000
8	0	  0.034042	  1.749273	     -1.00	   3072.40	   1916.74	      3.57	      3.04	      7.50	      6.39	-83.02	 1.173e-02	     -3.21	Gaussian	0.000000	0.000000
9	0	  0.032440	  1.108351	     -1.00	    279.17	   3784.97	      4.19	      3.42	      8.80	      7.20	-38.29	 2.242e-02	     -3.20	Gaussian	0.000000	0.000000
10	0	  0.035084	  1.422362	     -1.00	    186.20	   3043.58	      3.76	      3.12	      7.89	      6.56	-23.73	 1.412e-02	     -3.17	Gaussian	0.000000	0.000000
11	0	  0.032608	  1.109451	     -1.00	   2019.86	   3347.50	      3.45	      3.22	      7.26	      6.77	-82.85	 1.860e-02	     -2.94	Gaussian	0.000000	0.000000
12	0	  0.030148	  1.115655	     -1.00	   2872.64	   2916.95	      3.68	      2.99	      7.74	      6.29	-88.17	 2.004e-02	     -2.94	Gaussian	0.000000	0.000000
13	0	  0.031056	  1.116657	     -1.00	   2059.70	   1580.96	      3.53	      3.02	      7.41	      6.35	-86.34	 2.298e-02	     -2.90	Gaussian	0.000000	0.000000
14	0	  0.030011	  1.110245	     -1.00	   3533.73	   2581.00	      3.64	      2.94	      7.64	      6.18	-86.05	 2.116e-02	     -2.90	Gaussian	0.000000	0.000000
15	0	  0.031822	  1.108561	     -1.00	   2704.07	   3418.65	      3.36	      2.75	      7.06	      5.79	-89.94	 1.746e-02	     -2.75	Gaussian	0.000000	0.000000
16	0	  0.030249	  1.106590	     -1.00	   2883.99	   2078.47	      3.35	      2.74	      7.04	      5.75	-83.12	 1.516e-02	     -2.74	Gaussian	0.000000	0.000000
17	0	  0.029754	  1.026138	     -1.00	   2385.73	   2345.73	      3.53	      2.63	      7.42	      5.52	74.68	 1.605e-02	     -2.68	Gaussian	0.000000	0.000000
18	0	  0.033494	  1.066259	     -1.00	   3543.76	      7.94	      3.24	      2.73	      6.82	      5.73	50.80	 2.016e-02	     -2.67	Gaussian	0.000000	0.000000
19	0	  0.029768	  1.054845	     -1.00	   3365.59	   2022.02	      3.31	      2.65	      6.95	      5.57	-82.79	 1.462e-02	     -2.65	Gaussian	0.000000	0.000000
20	0	  0.029772	  1.070897	     -1.00	   3207.78	   2164.29	      3.17	      2.54	      6.66	      5.35	-83.86	 1.317e-02	     -2.58	Gaussian	0.000000	0.000000
21	0	  0.032509	  1.010010	     -1.00	    349.65	   2898.01	      3.19	      2.61	      6.70	      5.49	-25.47	 1.041e-02	     -2.56	Gaussian	0.000000	0.000000
22	0	  0.030187	  1.066463	     -1.00	   1776.63	   1753.21	      2.94	      2.63	      6.18	      5.53	-83.59	 1.399e-02	     -2.54	Gaussian	0.000000	0.000000
23	0	  0.029845	  1.062698	     -1.00	   2276.83	   2523.95	      3.02	      2.43	      6.35	      5.11	-85.98	 9.691e-03	     -2.48	Gaussian	0.000000	0.000000
24	0	  0.029744	  1.041801	     -1.00	   3428.63	   3274.28	      3.07	      2.44	      6.45	      5.13	87.89	 1.258e-02	     -2.48	Gaussian	0.000000	0.000000
25	0	  0.029686	  1.067219	     -1.00	   1700.26	   2243.70	      2.80	      2.49	      5.88	      5.22	-79.99	 1.353e-02	     -2.43	Gaussian	0.000000	0.000000
26	0	  0.031397	  0.918510	     -1.00	    257.52	   1005.42	      2.83	      2.83	      5.94	      5.94	83.62	 1.803e-02	     -2.42	Gaussian	0.000000	0.000000
27	0	  0.036674	  1.084762	     -1.00	   2249.87	   3526.21	      2.91	      2.31	      6.11	      4.86	-85.79	 3.271e-02	     -2.42	Gaussian	0.000000	0.000000
28	0	  0.030344	  0.702403	     -1.00	   3068.02	   2116.11	      1.99	      1.79	      4.18	      3.75	-89.80	 6.616e-02	     -2.42	Gaussian	0.000000	0.000000
29	0	  0.029797	  1.047972	     -1.00	    972.67	   2198.34	      2.73	      2.53	      5.73	      5.32	-37.02	 1.327e-02	     -2.41	Gaussian	0.000000	0.000000
30	0	  0.029448	  1.047389	     -1.00	   1884.42	   1754.34	      2.75	      2.41	      5.77	      5.07	-82.68	 1.352e-02	     -2.37	Gaussian	0.000000	0.000000
31	0	  0.030763	  1.045545	     -1.00	   5365.88	    897.59	      2.75	      2.25	      5.79	      4.74	54.53	 1.314e-02	     -2.30	Gaussian	0.000000	0.000000
32	0	  0.024196	  0.733278	     -1.00	   2815.31	   3590.11	      3.99	      2.36	      8.39	      4.95	85.48	 2.995e-02	     -2.30	Gaussian	0.000000	0.000000
33	0	  0.029259	  1.029931	     -1.00	   3115.75	   2276.47	      2.81	      2.22	      5.91	      4.66	-84.53	 1.106e-02	     -2.29	Gaussian	0.000000	0.000000
34	0	  0.031337	  0.883426	     -1.00	   2993.32	   2026.12	      3.49	      2.84	      7.33	      5.97	-88.50	 2.501e-02	     -2.28	Gaussian	0.000000	0.000000
35	0	  0.030215	  0.987782	     -1.00	   3349.39	   2131.57	      2.92	      2.20	      6.14	      4.62	-78.25	 1.085e-02	     -2.28	Gaussian	0.000000	0.000000
36	0	  0.029393	  1.034528	     -1.00	   3300.83	   2325.25	      2.74	      2.19	      5.76	      4.60	-86.11	 8.272e-03	     -2.26	Gaussian	0.000000	0.000000
37	0	  0.030195	  0.981074	     -1.00	   2458.54	     99.56	      2.58	      2.29	      5.42	      4.82	59.92	 1.178e-02	     -2.20	Gaussian	0.000000	0.000000
38	0	  0.029192	  0.981231	     -1.00	   3325.90	   2205.50	      2.36	      2.36	      4.96	      4.96	21.59	 1.297e-02	     -2.14	Gaussian	0.000000	0.000000
39	0	  0.028868	  1.007266	     -1.00	   3109.57	   1001.84	      2.51	      2.16	      5.27	      4.54	-83.48	 7.845e-03	     -2.14	Gaussian	0.000000	0.000000
40	0	  0.029332	  0.997953	     -1.00	   3094.51	   2117.97	      2.29	      2.29	      4.82	      4.82	15.98	 1.082e-02	     -2.11	Gaussian	0.000000	0.000000
41	0	  0.030730	  0.880897	     -1.00	   1208.46	    986.13	      2.83	      2.83	      5.95	      5.95	71.05	 2.537e-02	     -2.09	Gaussian	0.000000	0.000000
42	0	  0.029009	  0.949584	     -1.00	   3419.21	   2364.67	      2.28	      2.28	      4.80	      4.80	3.88	 1.097e-02	     -2.05	Gaussian	0.000000	0.000000
43	0	  0.029744	  0.756338	     -1.00	   2249.18	    840.21	      3.36	      3.24	      7.06	      6.81	4.36	 4.389e-02	     -2.05	Gaussian	0.000000	0.000000
44	0	  0.028899	  0.925050	     -1.00	   3335.15	   1974.46	      2.28	      2.28	      4.79	      4.79	-3.72	 1.103e-02	     -2.02	Gaussian	0.000000	0.000000
45	0	  0.030539	  0.902551	     -1.00	   3238.98	   3381.43	      1.73	      1.26	      3.63	      2.65	19.24	 5.222e-02	     -2.02	Gaussian	0.000000	0.000000
46	0	  0.030276	  0.917358	     -1.00	   2360.51	    100.48	      2.41	      2.13	      5.07	      4.49	47.18	 8.062e-03	     -2.01	Gaussian	0.000000	0.000000
47	0	  0.028942	  0.949180	     -1.00	   3352.02	   2253.95	      2.42	      1.97	      5.08	      4.13	-84.62	 6.655e-03	     -1.97	Gaussian	0.000000	0.000000
48	0	  0.035944	  0.933875	     -1.00	   3282.11	   2290.76	      2.42	      1.93	      5.10	      4.07	-85.67	 3.218e-02	     -1.94	Gaussian	0.000000	0.000000
49	0	  0.028640	  0.833020	     -1.00	   3014.27	   1886.59	      2.59	      1.98	      5.45	      4.16	-71.47	 5.588e-03	     -1.92	Gaussian	0.000000	0.000000
50	0	  0.031039	  0.651485	     -1.00	   6319.58	   2326.33	      2.18	      2.01	      4.58	      4.22	70.32	 3.153e-02	     -1.91	Gaussian	0.000000	0.000000
51	0	  0.028994	  0.582285	     -1.00	    422.46	    840.66	      2.61	      2.61	      5.49	      5.49	75.59	 1.090e-02	     -1.85	Gaussian	0.000000	0.000000
52	0	  0.028646	  0.875819	     -1.00	   3111.00	   1932.95	      2.34	      1.92	      4.91	      4.04	-83.96	 6.358e-03	     -1.84	Gaussian	0.000000	0.000000
53	0	  0.028574	  0.857695	     -1.00	   3564.12	   1938.73	      2.37	      1.93	      4.99	      4.06	-84.77	 6.157e-03	     -1.84	Gaussian	0.000000	0.000000
54	0	  0.028424	  0.688250	     -1.00	    836.58	   2206.87	      2.51	      2.21	      5.27	      4.64	-15.63	 5.831e-03	     -1.81	Gaussian	0.000000	0.000000
55	0	  0.028101	  0.501745	     -1.00	   2361.56	   2646.10	      3.77	      3.75	      7.92	      7.88	78.95	 4.400e-02	     -1.81	Gaussian	0.000000	0.000000
56	0	  0.029404	  0.879290	     -1.00	   5086.85	   3257.09	      2.33	      1.80	      4.90	      3.78	64.74	 6.528e-03	     -1.78	Gaussian	0.000000	0.000000
57	0	  0.029203	  0.710362	     -1.00	   5667.05	   3726.39	      2.01	      1.93	      4.23	      4.06	84.27	 1.976e-02	     -1.76	Gaussian	0.000000	0.000000
58	0	  0.028446	  0.504450	     -1.00	    497.48	    502.59	      2.64	      2.64	      5.55	      5.55	71.57	 9.826e-03	     -1.75	Gaussian	0.000000	0.000000
59	0	  0.027657	  0.498136	     -1.00	   3119.47	   2187.03	      3.41	      3.31	      7.16	      6.97	84.25	 2.897e-02	     -1.74	Gaussian	0.000000	0.000000
60	0	  0.029249	  0.775460	     -1.00	   2162.63	   2761.35	      1.88	      1.67	      3.96	      3.51	78.08	 1.873e-02	     -1.73	Gaussian	0.000000	0.000000
61	0	  0.029201	  0.678282	     -1.00	   3255.22	   1834.73	      1.56	      1.56	      3.28	      3.28	-89.64	 4.097e-02	     -1.72	Gaussian	0.000000	0.000000
62	0	  0.029365	  0.747453	     -1.00	   4264.33	   2953.31	      2.15	      1.86	      4.52	      3.91	73.29	 1.030e-02	     -1.70	Gaussian	0.000000	0.000000
63	0	  0.028349	  0.455761	     -1.00	   3020.55	     78.92	      3.31	      3.30	      6.95	      6.93	16.40	 3.373e-02	     -1.70	Gaussian	0.000000	0.000000
64	0	  0.028020	  0.691046	     -1.00	   3386.47	   2337.86	      2.40	      1.98	      5.05	      4.16	-84.43	 4.830e-03	     -1.69	Gaussian	0.000000	0.000000
65	0	  0.030670	  0.719440	     -1.00	   3146.42	   2142.72	      2.34	      1.93	      4.92	      4.05	-84.27	 9.698e-03	     -1.68	Gaussian	0.000000	0.000000
66	0	  0.025509	  0.443561	     -1.00	   5963.83	   2596.32	      3.53	      2.20	      7.42	      4.62	47.28	 1.401e-02	     -1.66	Gaussian	0.000000	0.000000
67	0	  0.030698	  0.615649	     -1.00	   3224.52	   2449.79	      1.84	      1.62	      3.86	      3.40	78.62	 3.613e-02	     -1.66	Gaussian	0.000000	0.000000
68	0	  0.027637	  0.589365	     -1.00	   1718.12	   3939.13	      2.61	      2.03	      5.49	      4.26	-71.12	 4.079e-03	     -1.64	Gaussian	0.000000	0.000000
69	0	  0.027582	  0.516788	     -1.00	   1069.84	   3545.31	      2.70	      2.18	      5.68	      4.59	-54.76	 4.103e-03	     -1.62	Gaussian	0.000000	0.000000
70	0	  0.028481	  0.687824	     -1.00	   1929.96	    455.39	      2.20	      2.00	      4.63	      4.20	38.00	 5.923e-03	     -1.62	Gaussian	0.000000	0.000000
71	0	  0.025963	  0.314071	     -1.00	   2732.71	   2466.97	      4.24	      3.27	      8.92	      6.87	27.74	 2.617e-02	     -1.61	Gaussian	0.000000	0.000000
72	0	  0.028121	  0.609439	     -1.00	   3574.71	   2630.78	      2.43	      1.99	      5.10	      4.18	-89.32	 4.599e-03	     -1.59	Gaussian	0.000000	0.000000
73	0	  0.025606	  0.377947	     -1.00	   6330.10	   1829.75	      3.87	      2.34	      8.13	      4.92	35.83	 1.465e-02	     -1.59	Gaussian	0.000000	0.000000
74	0	  0.027647	  0.582436	     -1.00	   5536.29	   3721.64	      2.70	      1.86	      5.67	      3.91	59.60	 4.865e-03	     -1.59	Gaussian	0.000000	0.000000
75	0	  0.032279	  0.614669	     -1.00	   3051.48	   2068.83	      1.58	      1.41	      3.32	      2.96	78.34	 4.271e-02	     -1.58	Gaussian	0.000000	0.000000
76	0	  0.026950	  0.331003	     -1.00	   4843.03	   2505.28	      3.49	      3.45	      7.34	      7.26	74.57	 2.695e-02	     -1.57	Gaussian	0.000000	0.000000
77	0	  0.028219	  0.675996	     -1.00	   2740.53	   1625.09	      2.23	      1.90	      4.69	      3.99	-84.86	 4.652e-03	     -1.57	Gaussian	0.000000	0.000000
78	0	  0.023671	  0.229730	     -1.00	   3205.75	   2417.13	      5.00	      2.57	     10.50	      5.39	-81.78	 1.991e-02	     -1.55	Gaussian	0.000000	0.000000
79	0	  0.028060	  0.379669	     -1.00	     69.33	   2036.56	      2.72	      2.72	      5.71	      5.71	-81.20	 7.268e-03	     -1.55	Gaussian	0.000000	0.000000
80	0	  0.028180	  0.628427	     -1.00	   2273.71	     83.14	      2.25	      1.98	      4.73	      4.15	39.54	 5.439e-03	     -1.55	Gaussian	0.000000	0.000000
81	0	  0.028524	  0.496804	     -1.00	    835.48	   2876.62	      2.50	      2.22	      5.26	      4.66	-22.56	 4.875e-03	     -1.54	Gaussian	0.000000	0.000000
82	0	  0.028331	  0.671080	     -1.00	   3177.63	   1097.96	      2.03	      2.03	      4.26	      4.26	13.85	 5.804e-03	     -1.54	Gaussian	0.000000	0.000000
83	0	  0.028167	  0.595657	     -1.00	   3130.43	   2001.64	      2.37	      1.95	      4.97	      4.10	-82.48	 4.499e-03	     -1.54	Gaussian	0.000000	0.000000
84	0	  0.026473	  0.401110	     -1.00	   5902.73	    194.18	      3.27	      2.32	      6.87	      4.87	41.73	 8.619e-03	     -1.51	Gaussian	0.000000	0.000000
85	0	  0.028016	  0.592804	     -1.00	   1600.09	   2298.75	      2.22	      2.01	      4.66	      4.23	-79.43	 4.263e-03	     -1.50	Gaussian	0.000000	0.000000
86	0	  0.027715	  0.563253	     -1.00	   4200.21	    747.23	      2.54	      2.12	      5.34	      4.46	70.46	 8.868e-03	     -1.50	Gaussian	0.000000	0.000000
87	0	  0.027866	  0.574860	     -1.00	   2260.51	   2752.59	      2.35	      1.94	      4.93	      4.08	-85.81	 3.901e-03	     -1.50	Gaussian	0.000000	0.000000
88	0	  0.028074	  0.625898	     -1.00	   1799.94	   1332.46	      2.04	      2.04	      4.30	      4.30	35.66	 4.807e-03	     -1.50	Gaussian	0.000000	0.000000
89	0	  0.027932	  0.541649	     -1.00	   2761.32	   2242.53	      2.28	      2.09	      4.80	      4.40	87.73	 3.891e-03	     -1.49	Gaussian	0.000000	0.000000
90	0	  0.024957	  0.294169	     -1.00	   3067.41	   2572.14	      3.91	      2.42	      8.23	      5.09	89.00	 1.302e-02	     -1.48	Gaussian	0.000000	0.000000
91	0	  0.026810	  0.296291	     -1.00	    133.64	   3331.41	      3.34	      2.58	      7.01	      5.43	-33.59	 3.992e-03	     -1.48	Gaussian	0.000000	0.000000
92	0	  0.028209	  0.566762	     -1.00	   3376.92	   2083.59	      2.56	      2.28	      5.38	      4.79	-10.35	 1.467e-02	     -1.47	Gaussian	0.000000	0.000000
93	0	  0.027041	  0.369166	     -1.00	   3628.49	   2131.13	      3.37	      3.30	      7.09	      6.93	0.45	 2.148e-02	     -1.46	Gaussian	0.000000	0.000000
94	0	  0.026275	  0.288785	     -1.00	   3500.98	   3048.43	      4.87	      2.50	     10.23	      5.26	5.25	 2.789e-02	     -1.45	Gaussian	0.000000	0.000000
95	0	  0.027541	  0.389641	     -1.00	   1670.21	   2182.13	      3.77	      3.68	      7.92	      7.73	-0.80	 3.252e-02	     -1.44	Gaussian	0.000000	0.000000
96	0	  0.023671	  0.235107	     -1.00	   2516.00	   3773.70	      4.17	      2.59	      8.76	      5.44	-5.48	 1.683e-02	     -1.44	Gaussian	0.000000	0.000000
97	0	  0.027857	  0.589816	     -1.00	   2688.83	    950.75	      2.15	      1.92	      4.52	      4.03	-89.85	 4.284e-03	     -1.44	Gaussian	0.000000	0.000000
98	0	  0.027066	  0.416121	     -1.00	   1683.72	   4182.57	      2.75	      2.12	      5.79	      4.46	-67.89	 3.372e-03	     -1.44	Gaussian	0.000000	0.000000
99	0	  0.027721	  0.480167	     -1.00	    994.54	   1691.04	      2.25	      2.25	      4.72	      4.72	87.76	 4.902e-03	     -1.43	Gaussian	0.000000	0.000000
100	0	  0.027892	  0.527308	     -1.00	   2980.88	   2169.41	      2.12	      2.12	      4.45	      4.45	-5.02	 6.453e-03	     -1.42	Gaussian	0.000000	0.000000
101	0	  0.026451	  0.363617	     -1.00	   5606.20	   1431.15	      3.05	      2.53	      6.41	      5.32	69.59	 1.251e-02	     -1.41	Gaussian	0.000000	0.000000
102	0	  0.027712	  0.535659	     -1.00	   2843.37	   1558.67	      2.29	      1.91	      4.80	      4.02	-82.34	 3.828e-03	     -1.41	Gaussian	0.000000	0.000000
103	0	  0.027424	  0.508761	     -1.00	   3375.38	   1737.88	      2.35	      1.94	      4.95	      4.08	-83.41	 3.476e-03	     -1.40	Gaussian	0.000000	0.000000
104	0	  0.026912	  0.337500	     -1.00	   1487.19	   3979.17	      3.21	      3.15	      6.74	      6.63	-14.73	 1.274e-02	     -1.40	Gaussian	0.000000	0.000000
105	0	  0.028984	  0.496078	     -1.00	   3341.58	   2120.52	      2.37	      1.95	      4.99	      4.10	-83.49	 5.010e-03	     -1.39	Gaussian	0.000000	0.000000
106	0	  0.027492	  0.519897	     -1.00	   5112.00	   2214.81	      2.32	      1.90	      4.87	      4.00	71.09	 4.191e-03	     -1.39	Gaussian	0.000000	0.000000
107	0	  0.027029	  0.394974	     -1.00	    686.99	   1579.74	      2.60	      2.21	      5.46	      4.65	-1.14	 3.550e-03	     -1.38	Gaussian	0.000000	0.000000
108	0	  0.027294	  0.490523	     -1.00	   3846.97	   2050.99	      2.39	      1.93	      5.03	      4.06	-89.05	 3.511e-03	     -1.38	Gaussian	0.000000	0.000000
109	0	  0.027476	  0.449012	     -1.00	   3812.46	   2060.34	      2.44	      2.03	      5.14	      4.27	-89.23	 3.432e-03	     -1.37	Gaussian	0.000000	0.000000
110	0	  0.027802	  0.468641	     -1.00	   1453.90	    806.78	      2.34	      2.02	      4.92	      4.26	27.01	 4.179e-03	     -1.37	Gaussian	0.000000	0.000000
111	0	  0.027432	  0.362749	     -1.00	   3530.29	   1393.38	      3.22	      2.34	      6.77	      4.91	2.98	 1.812e-02	     -1.36	Gaussian	0.000000	0.000000
112	0	  0.026751	  0.368914	     -1.00	    796.82	   3004.86	      2.66	      2.22	      5.59	      4.67	-39.52	 3.113e-03	     -1.35	Gaussian	0.000000	0.000000
113	0	  0.027635	  0.567211	     -1.00	   4518.90	    801.61	      2.07	      1.85	      4.36	      3.90	71.28	 4.113e-03	     -1.35	Gaussian	0.000000	0.000000
114	0	  0.027404	  0.356686	     -1.00	   4399.12	   1433.38	      3.03	      2.31	      6.36	      4.85	4.13	 1.495e-02	     -1.35	Gaussian	0.000000	0.000000
115	0	  0.026775	  0.308986	     -1.00	    538.65	    312.15	      2.63	      2.63	      5.54	      5.54	74.49	 6.415e-03	     -1.34	Gaussian	0.000000	0.000000
116	0	  0.026298	  0.317621	     -1.00	   3362.73	   3726.31	      4.09	      2.29	      8.60	      4.81	53.80	 1.835e-02	     -1.34	Gaussian	0.000000	0.000000
117	0	  0.026752	  0.390820	     -1.00	    805.02	   1801.33	      2.49	      2.19	      5.24	      4.60	-9.81	 3.278e-03	     -1.33	Gaussian	0.000000	0.000000
118	0	  0.027467	  0.505617	     -1.00	   2030.49	   1328.05	      2.16	      1.95	      4.54	      4.10	-86.51	 3.535e-03	     -1.33	Gaussian	0.000000	0.000000
119	0	  0.028545	  0.496470	     -1.00	   2339.32	    205.64	      2.19	      1.95	      4.61	      4.11	53.63	 3.892e-03	     -1.33	Gaussian	0.000000	0.000000
120	0	  0.027068	  0.448615	     -1.00	   5374.42	   2333.24	      2.54	      2.14	      5.35	      4.50	58.66	 6.001e-03	     -1.33	Gaussian	0.000000	0.000000
121	0	  0.026130	  0.248023	     -1.00	   3762.98	    554.34	      3.64	      3.63	      7.65	      7.62	74.51	 2.166e-02	     -1.33	Gaussian	0.000000	0.000000
122	0	  0.027216	  0.409938	     -1.00	   1272.56	   3147.26	      2.44	      2.12	      5.13	      4.46	-59.19	 3.089e-03	     -1.33	Gaussian	0.000000	0.000000
123	0	  0.027479	  0.464035	     -1.00	   2142.16	     15.02	      2.30	      1.99	      4.84	      4.18	37.49	 4.110e-03	     -1.33	Gaussian	0.000000	0.000000
124	0	  0.027255	  0.428305	     -1.00	   5140.22	   1495.10	      1.87	      1.63	      3.94	      3.43	57.66	 1.337e-02	     -1.31	Gaussian	0.000000	0.000000
125	0	  0.027802	  0.446788	     -1.00	   3261.62	   2042.42	      2.35	      1.94	      4.95	      4.09	-82.71	 3.444e-03	     -1.30	Gaussian	0.000000	0.000000
126	0	  0.026637	  0.343414	     -1.00	    759.54	   2879.92	      2.65	      2.24	      5.58	      4.71	-35.25	 2.881e-03	     -1.30	Gaussian	0.000000	0.000000
127	0	  0.027436	  0.488571	     -1.00	   2481.60	   1579.76	      2.18	      1.92	      4.57	      4.03	-85.90	 3.025e-03	     -1.30	Gaussian	0.000000	0.000000
128	0	  0.026959	  0.393310	     -1.00	   1450.42	    309.01	      2.57	      2.01	      5.39	      4.23	23.74	 3.818e-03	     -1.30	Gaussian	0.000000	0.000000
129	0	  0.030617	  0.228161	     -1.00	   3150.92	   2003.98	      1.82	      1.81	      3.82	      3.80	20.06	 3.183e-02	     -1.28	Gaussian	0.000000	0.000000
130	0	  0.026526	  0.220124	     -1.00	   3572.53	   1922.98	      3.88	      3.85	      8.15	      8.10	54.60	 2.158e-02	     -1.28	Gaussian	0.000000	0.000000
131	0	  0.027289	  0.463016	     -1.00	   5117.14	   1268.49	      2.00	      1.79	      4.21	      3.76	54.84	 6.829e-03	     -1.28	Gaussian	0.000000	0.000000
132	0	  0.027551	  0.365489	     -1.00	   2349.32	   2836.23	      3.23	      2.43	      6.78	      5.11	65.06	 1.489e-02	     -1.27	Gaussian	0.000000	0.000000
133	0	  0.026451	  0.274214	     -1.00	    464.16	    253.67	      3.13	      2.27	      6.59	      4.78	5.10	 3.431e-03	     -1.27	Gaussian	0.000000	0.000000
134	0	  0.027289	  0.441356	     -1.00	   2036.14	    431.96	      2.19	      2.02	      4.60	      4.25	51.63	 3.775e-03	     -1.27	Gaussian	0.000000	0.000000
135	0	  0.027932	  0.381640	     -1.00	    973.80	    902.38	      2.08	      2.07	      4.37	      4.36	-54.50	 7.403e-03	     -1.26	Gaussian	0.000000	0.000000
136	0	  0.026561	  0.329883	     -1.00	    648.45	   1562.94	      2.42	      2.42	      5.09	      5.09	-83.95	 4.163e-03	     -1.26	Gaussian	0.000000	0.000000
137	0	  0.027808	  0.208500	     -1.00	   3093.20	   3014.05	      1.69	      1.69	      3.56	      3.55	28.02	 3.187e-02	     -1.25	Gaussian	0.000000	0.000000
138	0	  0.026571	  0.258329	     -1.00	   1684.53	   3341.97	      3.47	      3.42	      7.29	      7.18	76.32	 1.810e-02	     -1.25	Gaussian	0.000000	0.000000
139	0	  0.026727	  0.200778	     -1.00	   1398.08	   1510.26	      3.88	      3.32	      8.16	      6.98	64.91	 1.845e-02	     -1.25	Gaussian	0.000000	0.000000
140	0	  0.026442	  0.292658	     -1.00	    603.66	    613.82	      2.90	      2.25	      6.09	      4.73	7.97	 3.416e-03	     -1.25	Gaussian	0.000000	0.000000
141	0	  0.027447	  0.420371	     -1.00	   3196.32	   2059.74	      2.35	      1.93	      4.94	      4.06	-84.47	 3.238e-03	     -1.25	Gaussian	0.000000	0.000000
142	0	  0.027190	  0.414531	     -1.00	   3050.63	   3993.50	      2.41	      1.91	      5.06	      4.01	82.64	 2.796e-03	     -1.25	Gaussian	0.000000	0.000000
143	0	  0.026436	  0.278010	     -1.00	    231.56	   1640.95	      2.98	      2.29	      6.27	      4.82	-6.84	 3.260e-03	     -1.25	Gaussian	0.000000	0.000000
144	0	  0.027067	  0.422741	     -1.00	   2206.66	    342.12	      2.22	      2.02	      4.67	      4.25	48.47	 3.241e-03	     -1.25	Gaussian	0.000000	0.000000
145	0	  0.025440	  0.300194	     -1.00	   5496.16	   1551.45	      3.18	      2.08	      6.69	      4.38	47.34	 8.268e-03	     -1.24	Gaussian	0.000000	0.000000
146	0	  0.027436	  0.418633	     -1.00	   3098.88	   2386.38	      2.12	      2.12	      4.46	      4.46	11.13	 5.090e-03	     -1.24	Gaussian	0.000000	0.000000
147	0	  0.027219	  0.426485	     -1.00	   2880.66	   1413.77	      2.28	      1.94	      4.80	      4.07	-83.09	 2.935e-03	     -1.24	Gaussian	0.000000	0.000000
148	0	  0.027188	  0.412401	     -1.00	   3365.06	   1010.50	      2.35	      2.26	      4.94	      4.75	8.18	 7.736e-03	     -1.23	Gaussian	0.000000	0.000000
149	0	  0.026678	  0.348204	     -1.00	   2737.76	   3528.51	      2.55	      2.07	      5.37	      4.35	74.13	 2.408e-03	     -1.22	Gaussian	0.000000	0.000000
150	0	  0.028223	  0.403062	     -1.00	   4477.67	    794.47	      1.73	      1.60	      3.63	      3.37	48.90	 1.638e-02	     -1.22	Gaussian	0.000000	0.000000
151	0	  0.028140	  0.445754	     -1.00	   3240.16	   2081.50	      2.00	      1.99	      4.20	      4.18	-9.10	 5.937e-03	     -1.22	Gaussian	0.000000	0.000000
152	0	  0.026992	  0.442861	     -1.00	   4379.81	     86.83	      2.16	      1.90	      4.54	      4.00	58.20	 3.590e-03	     -1.22	Gaussian	0.000000	0.000000
153	0	  0.027009	  0.163241	     -1.00	    382.76	    480.12	      2.24	      2.21	      4.71	      4.64	83.46	 1.636e-02	     -1.21	Gaussian	0.000000	0.000000
154	0	  0.026953	  0.420354	     -1.00	   5306.71	    958.83	      2.24	      1.90	      4.71	      4.00	52.21	 3.440e-03	     -1.20	Gaussian	0.000000	0.000000
155	0	  0.026977	  0.385008	     -1.00	   4467.69	   3201.70	      2.40	      1.93	      5.05	      4.07	75.65	 2.809e-03	     -1.20	Gaussian	0.000000	0.000000
156	0	  0.027089	  0.378112	     -1.00	   4495.52	   2608.43	      2.36	      1.99	      4.96	      4.19	82.69	 3.000e-03	     -1.20	Gaussian	0.000000	0.000000
157	0	  0.028373	  0.339357	     -1.00	   2649.59	   1927.90	      1.76	      1.56	      3.69	      3.27	76.23	 2.294e-02	     -1.20	Gaussian	0.000000	0.000000
158	0	  0.026408	  0.293163	     -1.00	   4159.65	   3324.89	      2.99	      2.36	      6.29	      4.97	58.18	 7.315e-03	     -1.19	Gaussian	0.000000	0.000000
159	0	  0.027039	  0.413274	     -1.00	   2517.55	   1062.68	      2.18	      1.96	      4.58	      4.12	-89.20	 2.800e-03	     -1.19	Gaussian	0.000000	0.000000
160	0	  0.026972	  0.348915	     -1.00	   2183.49	   2985.21	      2.61	      2.05	      5.48	      4.30	55.68	 6.710e-03	     -1.19	Gaussian	0.000000	0.000000
161	0	  0.026918	  0.377869	     -1.00	   2014.58	    181.83	      2.30	      2.00	      4.84	      4.21	37.45	 3.204e-03	     -1.18	Gaussian	0.000000	0.000000
162	0	  0.027478	  0.389969	     -1.00	   5735.51	   2096.36	      2.52	      2.43	      5.29	      5.12	10.48	 9.458e-03	     -1.18	Gaussian	0.000000	0.000000
163	0	  0.027060	  0.396277	     -1.00	   3783.34	   1223.68	      2.22	      1.95	      4.67	      4.09	-89.36	 2.878e-03	     -1.17	Gaussian	0.000000	0.000000
164	0	  0.026969	  0.277517	     -1.00	   4804.59	    777.31	      3.04	      2.77	      6.39	      5.83	75.96	 1.159e-02	     -1.17	Gaussian	0.000000	0.000000
165	0	  0.027335	  0.390222	     -1.00	   3169.02	   3586.65	      2.76	      2.11	      5.80	      4.42	15.37	 1.200e-02	     -1.17	Gaussian	0.000000	0.000000
166	0	  0.026413	  0.235710	     -1.00	    195.81	   1128.49	      2.67	      2.67	      5.61	      5.61	78.16	 4.639e-03	     -1.16	Gaussian	0.000000	0.000000
167	0	  0.026664	  0.219408	     -1.00	   5434.43	   3675.84	      3.11	      3.11	      6.55	      6.53	17.35	 1.175e-02	     -1.16	Gaussian	0.000000	0.000000
168	0	  0.027204	  0.359683	     -1.00	   3188.92	   2338.51	      2.15	      2.15	      4.52	      4.52	-6.61	 4.530e-03	     -1.15	Gaussian	0.000000	0.000000
169	0	  0.026390	  0.269407	     -1.00	   2461.49	    769.42	      3.16	      2.77	      6.65	      5.82	79.72	 1.284e-02	     -1.15	Gaussian	0.000000	0.000000
170	0	  0.025969	  0.254664	     -1.00	   3664.08	   2718.34	      3.21	      2.71	      6.76	      5.70	19.37	 1.247e-02	     -1.15	Gaussian	0.000000	0.000000
171	0	  0.026698	  0.352215	     -1.00	   4107.59	   1857.95	      2.17	      2.17	      4.55	      4.55	24.87	 3.673e-03	     -1.15	Gaussian	0.000000	0.000000
172	0	  0.026995	  0.382873	     -1.00	   4392.70	   3247.55	      2.30	      1.88	      4.83	      3.95	75.72	 2.635e-03	     -1.15	Gaussian	0.000000	0.000000
173	0	  0.027025	  0.348683	     -1.00	   3450.56	   1887.58	      2.38	      1.99	      5.00	      4.18	-82.21	 2.546e-03	     -1.14	Gaussian	0.000000	0.000000
174	0	  0.026518	  0.321648	     -1.00	   1106.83	   1227.79	      2.42	      2.10	      5.09	      4.42	13.53	 2.710e-03	     -1.14	Gaussian	0.000000	0.000000
175	0	  0.026470	  0.311599	     -1.00	   1900.29	   3960.70	      2.57	      2.03	      5.40	      4.27	-75.12	 2.102e-03	     -1.13	Gaussian	0.000000	0.000000
176	0	  0.024255	  0.146069	     -1.00	   4640.73	   2310.98	      4.52	      2.58	      9.51	      5.42	53.97	 1.057e-02	     -1.13	Gaussian	0.000000	0.000000
177	0	  0.027128	  0.364880	     -1.00	   2537.93	    367.39	      1.63	      1.52	      3.43	      3.20	41.14	 1.542e-02	     -1.13	Gaussian	0.000000	0.000000
178	0	  0.027254	  0.369336	     -1.00	   3200.90	   2136.33	      2.30	      1.90	      4.83	      3.99	-84.39	 2.919e-03	     -1.13	Gaussian	0.000000	0.000000
179	0	  0.026061	  0.218157	     -1.00	    298.20	   2841.56	      3.03	      2.43	      6.37	      5.11	-28.18	 2.445e-03	     -1.13	Gaussian	0.000000	0.000000
180	0	  0.026864	  0.197061	     -1.00	   3676.12	   3078.81	      1.72	      1.66	      3.61	      3.49	71.19	 2.261e-02	     -1.12	Gaussian	0.000000	0.000000
181	0	  0.026902	  0.338908	     -1.00	   3250.57	   2067.81	      2.39	      1.97	      5.02	      4.14	-82.10	 2.255e-03	     -1.12	Gaussian	0.000000	0.000000
182	0	  0.026196	  0.230560	     -1.00	    964.16	   3882.72	      2.96	      2.33	      6.22	      4.89	-50.47	 2.110e-03	     -1.12	Gaussian	0.000000	0.000000
183	0	  0.027708	  0.255126	     -1.00	   3130.76	   2246.38	      1.77	      1.71	      3.71	      3.60	79.93	 1.664e-02	     -1.10	Gaussian	0.000000	0.000000
184	0	  0.027283	  0.347686	     -1.00	   3103.85	   1915.78	      2.32	      1.92	      4.88	      4.04	-86.13	 2.608e-03	     -1.10	Gaussian	0.000000	0.000000
185	0	  0.026227	  0.266488	     -1.00	    724.27	   1170.59	      2.41	      2.41	      5.07	      5.07	75.52	 3.531e-03	     -1.10	Gaussian	0.000000	0.000000
186	0	  0.027142	  0.402536	     -1.00	   2700.24	   3220.97	      2.13	      1.79	      4.49	      3.77	86.64	 2.542e-03	     -1.10	Gaussian	0.000000	0.000000
187	0	  0.025928	  0.201462	     -1.00	    339.50	   3182.71	      3.12	      2.44	      6.56	      5.14	-34.35	 2.185e-03	     -1.09	Gaussian	0.000000	0.000000
188	0	  0.026685	  0.291558	     -1.00	   2784.20	   3382.06	      2.72	      2.16	      5.71	      4.54	73.88	 5.686e-03	     -1.09	Gaussian	0.000000	0.000000
189	0	  0.026461	  0.310941	     -1.00	   5932.75	   2082.58	      2.58	      1.89	      5.42	      3.97	48.35	 2.637e-03	     -1.08	Gaussian	0.000000	0.000000
190	0	  0.026632	  0.360832	     -1.00	   2904.32	    117.75	      2.16	      1.93	      4.54	      4.06	61.65	 2.722e-03	     -1.08	Gaussian	0.000000	0.000000
191	0	  0.026280	  0.222871	     -1.00	    486.78	    680.54	      2.58	      2.58	      5.42	      5.42	68.56	 4.328e-03	     -1.07	Gaussian	0.000000	0.000000
192	0	  0.026763	  0.316679	     -1.00	   1431.45	   1578.60	      2.27	      2.06	      4.78	      4.33	19.60	 2.394e-03	     -1.07	Gaussian	0.000000	0.000000
193	0	  0.026165	  0.199003	     -1.00	    363.26	   3341.36	      2.98	      2.50	      6.26	      5.25	-30.16	 2.660e-03	     -1.07	Gaussian	0.000000	0.000000
194	0	  0.025939	  0.200764	     -1.00	    554.81	   3556.88	      3.07	      2.38	      6.45	      5.01	-43.77	 2.026e-03	     -1.06	Gaussian	0.000000	0.000000
195	0	  0.027787	  0.283356	     -1.00	   3198.68	   2291.11	      1.56	      1.52	      3.28	      3.19	78.00	 1.739e-02	     -1.06	Gaussian	0.000000	0.000000
196	0	  0.026863	  0.352032	     -1.00	   3429.78	   1274.70	      2.17	      1.91	      4.57	      4.01	-87.25	 2.538e-03	     -1.06	Gaussian	0.000000	0.000000
197	0	  0.026971	  0.338281	     -1.00	   2889.95	   2139.76	      2.31	      1.86	      4.86	      3.92	-84.02	 2.625e-03	     -1.06	Gaussian	0.000000	0.000000
198	0	  0.026834	  0.358071	     -1.00	   4843.98	   3217.78	      2.26	      1.80	      4.74	      3.79	69.13	 2.610e-03	     -1.06	Gaussian	0.000000	0.000000
199	0	  0.026465	  0.314348	     -1.00	   5660.90	   2331.99	      2.45	      1.89	      5.16	      3.96	58.06	 2.582e-03	     -1.06	Gaussian	0.000000	0.000000
200	0	  0.026342	  0.240403	     -1.00	   3146.32	     33.25	      2.87	      2.47	      6.03	      5.18	76.75	 8.075e-03	     -1.06	Gaussian	0.000000	0.000000
201	0	  0.026909	  0.310618	     -1.00	   3401.02	   2695.59	      2.40	      2.26	      5.05	      4.74	4.03	 6.095e-03	     -1.05	Gaussian	0.000000	0.000000
202	0	  0.026015	  0.240213	     -1.00	    577.60	   2354.97	      2.45	      2.45	      5.15	      5.15	-85.44	 2.916e-03	     -1.05	Gaussian	0.000000	0.000000
203	0	  0.026588	  0.260846	     -1.00	   1409.29	   1465.02	      2.73	      2.27	      5.75	      4.77	89.69	 5.823e-03	     -1.05	Gaussian	0.000000	0.000000
204	0	  0.025996	  0.206442	     -1.00	    595.58	   3258.61	      2.91	      2.38	      6.12	      5.01	-36.75	 2.126e-03	     -1.05	Gaussian	0.000000	0.000000
205	0	  0.026744	  0.315023	     -1.00	   1615.69	   3248.49	      2.24	      2.03	      4.70	      4.27	-68.11	 2.298e-03	     -1.05	Gaussian	0.000000	0.000000
206	0	  0.026587	  0.338659	     -1.00	   2935.71	    301.79	      2.16	      1.93	      4.55	      4.06	57.84	 2.468e-03	     -1.04	Gaussian	0.000000	0.000000
207	0	  0.026319	  0.259506	     -1.00	   1636.59	   3904.71	      2.52	      2.13	      5.30	      4.48	-65.90	 2.102e-03	     -1.03	Gaussian	0.000000	0.000000
208	0	  0.026111	  0.237695	     -1.00	   5655.28	    611.28	      3.21	      2.59	      6.75	      5.44	19.14	 8.852e-03	     -1.03	Gaussian	0.000000	0.000000
209	0	  0.025674	  0.206375	     -1.00	   3690.44	    390.15	      3.17	      2.61	      6.67	      5.49	82.53	 9.372e-03	     -1.02	Gaussian	0.000000	0.000000
210	0	  0.026224	  0.205721	     -1.00	   1235.50	   3647.68	      1.94	      1.80	      4.07	      3.78	-87.37	 1.192e-02	     -1.02	Gaussian	0.000000	0.000000
211	0	  0.026164	  0.179768	     -1.00	   3168.18	    948.21	      3.66	      3.66	      7.69	      7.69	85.20	 1.641e-02	     -1.02	Gaussian	0.000000	0.000000
212	0	  0.026066	  0.165159	     -1.00	   3784.39	   1013.02	      3.87	      3.82	      8.13	      8.03	81.17	 1.670e-02	     -1.01	Gaussian	0.000000	0.000000
213	0	  0.026633	  0.309011	     -1.00	   2871.60	   1516.57	      2.25	      1.94	      4.73	      4.07	-86.33	 2.067e-03	     -1.01	Gaussian	0.000000	0.000000
214	0	  0.026530	  0.293596	     -1.00	   4989.57	   2001.10	      2.33	      1.96	      4.90	      4.13	70.99	 2.293e-03	     -1.00	Gaussian	0.000000	0.000000
215	0	  0.026091	  0.242805	     -1.00	   1027.72	   3168.93	      2.55	      2.17	      5.36	      4.56	-49.94	 1.873e-03	     -1.00	Gaussian	0.000000	0.000000
216	0	  0.026275	  0.247457	     -1.00	   5332.28	   3251.69	      2.26	      2.08	      4.75	      4.38	67.85	 3.919e-03	     -1.00	Gaussian	0.000000	0.000000
217	0	  0.026857	  0.330927	     -1.00	   2139.97	   3181.74	      2.13	      1.89	      4.49	      3.98	86.87	 2.157e-03	     -1.00	Gaussian	0.000000	0.000000
218	0	  0.027094	  0.242350	     -1.00	   2516.56	   4076.54	      1.99	      1.79	      4.19	      3.75	79.32	 1.112e-02	     -1.00	Gaussian	0.000000	0.000000
219	0	  0.026809	  0.291301	     -1.00	   3375.64	   1773.62	      2.33	      1.96	      4.90	      4.12	-83.90	 2.116e-03	     -1.00	Gaussian	0.000000	0.000000
220	0	  0.026574	  0.284905	     -1.00	   2369.63	    178.48	      1.92	      1.70	      4.04	      3.57	57.77	 7.063e-03	     -1.00	Gaussian	0.000000	0.000000
221	0	  0.026853	  0.294017	     -1.00	   4511.99	   1252.28	      1.90	      1.84	      4.00	      3.87	85.81	 6.495e-03	     -0.99	Gaussian	0.000000	0.000000
222	0	  0.025410	  0.188542	     -1.00	   5843.61	   3956.03	      3.48	      2.21	      7.31	      4.64	57.75	 3.275e-03	     -0.99	Gaussian	0.000000	0.000000
223	0	  0.026654	  0.310779	     -1.00	   1978.29	   1610.56	      2.17	      1.93	      4.55	      4.06	-89.81	 2.244e-03	     -0.98	Gaussian	0.000000	0.000000
224	0	  0.026790	  0.281523	     -1.00	   3155.85	   2366.56	      2.15	      2.15	      4.51	      4.51	31.79	 3.503e-03	     -0.98	Gaussian	0.000000	0.000000
225	0	  0.026488	  0.295885	     -1.00	   2302.08	    184.95	      2.21	      1.98	      4.66	      4.16	48.94	 2.475e-03	     -0.98	Gaussian	0.000000	0.000000
226	0	  0.027085	  0.197899	     -1.00	   3269.66	   2024.48	      3.43	      3.33	      7.21	      6.99	5.24	 1.394e-02	     -0.98	Gaussian	0.000000	0.000000
227	0	  0.025558	  0.143879	     -1.00	   3856.99	    574.27	      3.94	      3.92	      8.28	      8.23	78.00	 1.426e-02	     -0.98	Gaussian	0.000000	0.000000
228	0	  0.026422	  0.282816	     -1.00	   5386.07	   2903.53	      2.17	      1.92	      4.55	      4.04	60.27	 3.552e-03	     -0.97	Gaussian	0.000000	0.000000
229	0	  0.026207	  0.270343	     -1.00	   5936.21	   1609.93	      2.50	      1.87	      5.26	      3.94	47.98	 2.454e-03	     -0.97	Gaussian	0.000000	0.000000
230	0	  0.025537	  0.214802	     -1.00	   6258.75	    460.58	      2.89	      2.03	      6.07	      4.27	39.53	 2.472e-03	     -0.96	Gaussian	0.000000	0.000000
231	0	  0.026314	  0.232531	     -1.00	   4634.14	   3251.57	      1.19	      1.19	      2.50	      2.50	75.57	 1.630e-02	     -0.96	Gaussian	0.000000	0.000000
232	0	  0.026442	  0.272729	     -1.00	   2184.75	     17.69	      2.36	      1.93	      4.96	      4.07	34.77	 2.451e-03	     -0.96	Gaussian	0.000000	0.000000
233	0	  0.026662	  0.312535	     -1.00	   2901.91	   3394.65	      2.19	      1.81	      4.61	      3.81	86.22	 1.948e-03	     -0.95	Gaussian	0.000000	0.000000
234	0	  0.026691	  0.142870	     -1.00	   3751.50	   2380.23	      4.01	      3.80	      8.42	      7.99	10.46	 1.510e-02	     -0.95	Gaussian	0.000000	0.000000
235	0	  0.025599	  0.145990	     -1.00	    305.87	   3586.63	      3.26	      2.59	      6.86	      5.44	-39.73	 1.968e-03	     -0.95	Gaussian	0.000000	0.000000
236	0	  0.026043	  0.222148	     -1.00	   1293.52	   3100.33	      2.59	      2.15	      5.44	      4.51	-69.75	 1.631e-03	     -0.95	Gaussian	0.000000	0.000000
237	0	  0.025657	  0.170588	     -1.00	    193.69	   2286.36	      2.68	      2.68	      5.64	      5.64	-76.27	 2.969e-03	     -0.95	Gaussian	0.000000	0.000000
238	0	  0.026442	  0.292827	     -1.00	   2944.76	    137.71	      2.15	      1.94	      4.53	      4.07	54.55	 2.361e-03	     -0.94	Gaussian	0.000000	0.000000
239	0	  0.026493	  0.196352	     -1.00	   2831.48	   3485.07	      3.27	      3.05	      6.88	      6.42	78.12	 9.418e-03	     -0.94	Gaussian	0.000000	0.000000
240	0	  0.027090	  0.275756	     -1.00	   2238.61	   3178.28	      1.73	      1.59	      3.63	      3.34	67.35	 9.776e-03	     -0.94	Gaussian	0.000000	0.000000
241	0	  0.027020	  0.263079	     -1.00	   3285.63	   2125.49	      2.36	      1.96	      4.96	      4.12	-80.79	 2.242e-03	     -0.94	Gaussian	0.000000	0.000000
242	0	  0.026743	  0.248455	     -1.00	   2904.24	   3471.04	      1.77	      1.59	      3.71	      3.34	68.91	 9.827e-03	     -0.94	Gaussian	0.000000	0.000000
243	0	  0.026064	  0.181260	     -1.00	   1003.29	   1618.69	      2.06	      1.92	      4.33	      4.04	6.71	 8.341e-03	     -0.94	Gaussian	0.000000	0.000000
244	0	  0.025990	  0.131701	     -1.00	     26.60	   3816.80	      3.25	      2.83	      6.83	      5.95	-27.09	 2.484e-03	     -0.94	Gaussian	0.000000	0.000000
245	0	  0.025364	  0.131253	     -1.00	   3763.42	   2209.12	      3.73	      3.44	      7.84	      7.24	0.84	 8.784e-03	     -0.94	Gaussian	0.000000	0.000000
246	0	  0.026570	  0.200738	     -1.00	    953.16	   1448.93	      1.85	      1.74	      3.89	      3.65	85.11	 1.187e-02	     -0.94	Gaussian	0.000000	0.000000
247	0	  0.026454	  0.217933	     -1.00	   1358.41	    740.24	      1.94	      1.84	      4.07	      3.87	41.57	 8.111e-03	     -0.93	Gaussian	0.000000	0.000000
248	0	  0.026862	  0.128998	     -1.00	   1800.84	   3015.07	      1.84	      1.84	      3.87	      3.87	18.55	 1.754e-02	     -0.93	Gaussian	0.000000	0.000000
249	0	  0.026762	  0.216603	     -1.00	   4070.10	   3487.32	      3.55	      2.20	      7.46	      4.63	9.49	 1.162e-02	     -0.93	Gaussian	0.000000	0.000000
250	0	  0.025854	  0.186179	     -1.00	   1275.68	   4100.80	      2.87	      2.24	      6.04	      4.71	-60.02	 1.656e-03	     -0.93	Gaussian	0.000000	0.000000
251	0	  0.026876	  0.246972	     -1.00	   2428.87	   4128.22	      2.50	      1.92	      5.25	      4.04	-85.44	 2.519e-03	     -0.93	Gaussian	0.000000	0.000000
252	0	  0.026199	  0.286346	     -1.00	   4238.03	     60.05	      2.19	      1.89	      4.60	      3.97	60.94	 2.420e-03	     -0.92	Gaussian	0.000000	0.000000
253	0	  0.025809	  0.165039	     -1.00	    133.75	   2463.23	      2.67	      2.67	      5.62	      5.62	89.48	 2.920e-03	     -0.92	Gaussian	0.000000	0.000000
254	0	  0.026293	  0.262898	     -1.00	   3690.97	   3670.23	      2.40	      1.85	      5.05	      3.89	81.80	 1.886e-03	     -0.92	Gaussian	0.000000	0.000000
255	0	  0.025574	  0.114424	     -1.00	     17.23	   3216.31	      2.45	      2.24	      5.14	      4.70	-82.13	 7.030e-03	     -0.92	Gaussian	0.000000	0.000000
256	0	  0.026641	  0.246742	     -1.00	   3516.74	   2344.63	      2.39	      1.97	      5.03	      4.14	-87.20	 1.933e-03	     -0.91	Gaussian	0.000000	0.000000
257	0	  0.026707	  0.299461	     -1.00	   2709.18	   2006.04	      1.97	      1.97	      4.14	      4.14	-1.74	 2.912e-03	     -0.91	Gaussian	0.000000	0.000000
258	0	  0.026593	  0.267430	     -1.00	   3114.92	   3241.78	      2.32	      1.87	      4.87	      3.93	88.90	 2.027e-03	     -0.91	Gaussian	0.000000	0.000000
259	0	  0.026372	  0.194756	     -1.00	   4226.26	   2975.30	      3.21	      2.27	      6.74	      4.78	68.68	 6.106e-03	     -0.91	Gaussian	0.000000	0.000000
260	0	  0.025538	  0.141327	     -1.00	    518.35	   3826.91	      3.22	      2.54	      6.78	      5.33	-42.87	 1.692e-03	     -0.91	Gaussian	0.000000	0.000000
261	0	  0.026632	  0.251723	     -1.00	   2952.59	   2024.75	      2.34	      1.95	      4.93	      4.10	-83.49	 1.845e-03	     -0.91	Gaussian	0.000000	0.000000
262	0	  0.026370	  0.252286	     -1.00	   4750.54	   2978.90	      2.36	      1.93	      4.97	      4.06	69.41	 1.881e-03	     -0.91	Gaussian	0.000000	0.000000
263	0	  0.026386	  0.257421	     -1.00	   4210.48	   1223.56	      2.26	      1.97	      4.75	      4.15	84.13	 1.815e-03	     -0.91	Gaussian	0.000000	0.000000
264	0	  0.026451	  0.251682	     -1.00	   3448.81	   2155.74	      2.34	      1.95	      4.93	      4.09	-85.58	 1.848e-03	     -0.91	Gaussian	0.000000	0.000000
265	0	  0.026586	  0.254816	     -1.00	   3865.88	   2317.30	      2.33	      1.93	      4.89	      4.06	-88.89	 2.027e-03	     -0.90	Gaussian	0.000000	0.000000
266	0	  0.026558	  0.223361	     -1.00	   1845.96	   3130.76	      1.64	      1.58	      3.44	      3.31	34.73	 1.319e-02	     -0.90	Gaussian	0.000000	0.000000
267	0	  0.026505	  0.248637	     -1.00	   3283.68	   3564.60	      2.40	      1.91	      5.04	      4.01	86.49	 1.913e-03	     -0.90	Gaussian	0.000000	0.000000
268	0	  0.024615	  0.074258	     -1.00	   3226.26	   2510.04	      5.14	      3.04	     10.81	      6.40	-3.16	 8.557e-03	     -0.90	Gaussian	0.000000	0.000000
269	0	  0.025692	  0.212504	     -1.00	   6209.78	   2512.93	      2.77	      1.91	      5.83	      4.02	49.85	 1.841e-03	     -0.89	Gaussian	0.000000	0.000000
270	0	  0.025986	  0.192426	     -1.00	    960.63	   3145.70	      2.55	      2.29	      5.36	      4.82	-39.76	 1.819e-03	     -0.89	Gaussian	0.000000	0.000000
271	0	  0.027268	  0.264241	     -1.00	   3511.05	    923.86	      1.37	      1.28	      2.89	      2.70	21.45	 1.658e-02	     -0.89	Gaussian	0.000000	0.000000
272	0	  0.026092	  0.109194	     -1.00	    125.66	   1890.36	      1.88	      1.88	      3.96	      3.96	87.69	 1.102e-02	     -0.89	Gaussian	0.000000	0.000000
273	0	  0.025809	  0.176572	     -1.00	    574.24	    781.94	      2.52	      2.52	      5.30	      5.30	69.52	 2.999e-03	     -0.89	Gaussian	0.000000	0.000000
274	0	  0.026254	  0.230762	     -1.00	   1429.94	   2937.71	      2.33	      2.06	      4.90	      4.32	-67.97	 1.798e-03	     -0.88	Gaussian	0.000000	0.000000
275	0	  0.026413	  0.231978	     -1.00	   3317.54	   2183.78	      2.40	      1.97	      5.05	      4.14	-85.17	 1.571e-03	     -0.88	Gaussian	0.000000	0.000000
276	0	  0.026705	  0.146317	     -1.00	   4056.89	   1627.16	      1.71	      1.39	      3.60	      2.91	84.82	 1.617e-02	     -0.88	Gaussian	0.000000	0.000000
277	0	  0.026714	  0.187775	     -1.00	   2491.47	     19.40	      3.57	      3.40	      7.51	      7.14	78.39	 1.402e-02	     -0.87	Gaussian	0.000000	0.000000
278	0	  0.026285	  0.255618	     -1.00	   2270.73	    802.75	      2.15	      1.99	      4.51	      4.17	76.07	 1.910e-03	     -0.87	Gaussian	0.000000	0.000000
279	0	  0.026376	  0.243039	     -1.00	   1511.97	   2093.46	      2.10	      2.10	      4.41	      4.41	-5.45	 1.870e-03	     -0.86	Gaussian	0.000000	0.000000
280	0	  0.026056	  0.167303	     -1.00	   2717.60	   1386.30	      3.08	      2.78	      6.48	      5.84	84.18	 7.462e-03	     -0.86	Gaussian	0.000000	0.000000
281	0	  0.025949	  0.192602	     -1.00	   5361.57	   2386.25	      3.15	      2.07	      6.62	      4.34	-63.59	 6.969e-03	     -0.86	Gaussian	0.000000	0.000000
282	0	  0.025800	  0.130537	     -1.00	   3102.02	    135.27	      3.29	      3.29	      6.91	      6.91	75.65	 9.062e-03	     -0.86	Gaussian	0.000000	0.000000
283	0	  0.026707	  0.251716	     -1.00	   2883.80	   2054.90	      2.25	      1.87	      4.73	      3.93	-87.79	 1.702e-03	     -0.86	Gaussian	0.000000	0.000000
284	0	  0.026198	  0.235819	     -1.00	   2941.28	   3508.79	      2.38	      1.86	      4.99	      3.91	88.42	 1.639e-03	     -0.85	Gaussian	0.000000	0.000000
285	0	  0.025215	  0.155363	     -1.00	   4648.17	   1293.37	      3.14	      2.47	      6.61	      5.18	37.53	 5.882e-03	     -0.84	Gaussian	0.000000	0.000000
286	0	  0.025490	  0.193068	     -1.00	   6190.74	   1060.76	      2.73	      1.97	      5.74	      4.13	41.79	 1.899e-03	     -0.84	Gaussian	0.000000	0.000000
287	0	  0.026462	  0.228972	     -1.00	   2102.10	   3681.30	      1.68	      1.66	      3.53	      3.49	-84.58	 8.066e-03	     -0.84	Gaussian	0.000000	0.000000
288	0	  0.025796	  0.185843	     -1.00	    809.14	   2025.63	      2.35	      2.35	      4.94	      4.94	-63.46	 1.860e-03	     -0.84	Gaussian	0.000000	0.000000
289	0	  0.025924	  0.152571	     -1.00	   5149.72	   2621.14	      3.00	      2.86	      6.30	      6.01	77.73	 6.386e-03	     -0.84	Gaussian	0.000000	0.000000
290	0	  0.026152	  0.202503	     -1.00	   1388.46	    523.42	      2.23	      2.07	      4.68	      4.35	4.79	 2.822e-03	     -0.84	Gaussian	0.000000	0.000000
291	0	  0.026711	  0.229163	     -1.00	   3276.93	   2083.65	      2.13	      2.09	      4.48	      4.40	-78.06	 2.531e-03	     -0.84	Gaussian	0.000000	0.000000
292	0	  0.026557	  0.217601	     -1.00	   3268.61	   2254.61	      2.40	      1.96	      5.05	      4.11	-82.37	 1.679e-03	     -0.84	Gaussian	0.000000	0.000000
293	0	  0.026537	  0.235261	     -1.00	   3785.92	   2570.39	      2.08	      2.08	      4.37	      4.37	6.01	 2.811e-03	     -0.83	Gaussian	0.000000	0.000000
294	0	  0.026536	  0.226345	     -1.00	   3202.91	   2670.70	      2.12	      2.12	      4.46	      4.46	38.42	 2.844e-03	     -0.83	Gaussian	0.000000	0.000000
295	0	  0.026030	  0.202705	     -1.00	   1098.90	   2221.78	      2.32	      2.16	      4.88	      4.53	-37.51	 1.638e-03	     -0.83	Gaussian	0.000000	0.000000
296	0	  0.025634	  0.142163	     -1.00	   1023.68	   4146.23	      3.04	      2.34	      6.38	      4.93	-55.03	 1.388e-03	     -0.83	Gaussian	0.000000	0.000000
297	0	  0.025980	  0.209227	     -1.00	   4667.06	   4075.44	      2.55	      1.83	      5.35	      3.86	69.39	 1.697e-03	     -0.83	Gaussian	0.000000	0.000000
298	0	  0.026801	  0.199743	     -1.00	   2285.42	   1189.79	      2.64	      2.64	      5.55	      5.54	34.43	 7.535e-03	     -0.83	Gaussian	0.000000	0.000000
299	0	  0.026082	  0.183826	     -1.00	   1808.06	   1152.36	      2.75	      2.41	      5.78	      5.06	8.33	 5.030e-03	     -0.82	Gaussian	0.000000	0.000000
300	0	  0.026265	  0.217844	     -1.00	   3338.61	   1337.67	      2.32	      1.97	      4.87	      4.14	-86.50	 1.492e-03	     -0.82	Gaussian	0.000000	0.000000
301	0	  0.026531	  0.211923	     -1.00	   3717.66	    516.29	      3.31	      2.39	      6.97	      5.02	-76.38	 9.142e-03	     -0.81	Gaussian	0.000000	0.000000
302	0	  0.026108	  0.227764	     -1.00	   2289.10	    358.83	      2.17	      1.98	      4.55	      4.15	56.83	 1.778e-03	     -0.81	Gaussian	0.000000	0.000000
303	0	  0.026284	  0.166197	     -1.00	   3291.99	   1158.43	      2.81	      2.40	      5.90	      5.04	0.90	 6.160e-03	     -0.81	Gaussian	0.000000	0.000000
304	0	  0.025400	  0.150188	     -1.00	   4897.11	   3728.30	      3.21	      2.20	      6.75	      4.63	63.94	 3.231e-03	     -0.80	Gaussian	0.000000	0.000000
305	0	  0.025991	  0.207421	     -1.00	   5449.69	   2429.69	      2.42	      1.92	      5.08	      4.04	61.52	 1.532e-03	     -0.80	Gaussian	0.000000	0.000000
306	0	  0.026433	  0.182738	     -1.00	   4398.12	   1887.31	      2.56	      2.43	      5.37	      5.11	28.04	 4.905e-03	     -0.80	Gaussian	0.000000	0.000000
307	0	  0.027829	  0.195508	     -1.00	   3377.52	   1751.91	      1.63	      1.45	      3.43	      3.05	78.33	 1.369e-02	     -0.80	Gaussian	0.000000	0.000000
308	0	  0.026143	  0.212854	     -1.00	   1499.90	   1639.93	      2.14	      2.08	      4.50	      4.38	-86.92	 1.694e-03	     -0.79	Gaussian	0.000000	0.000000
309	0	  0.026155	  0.185707	     -1.00	   2718.58	    938.28	      2.86	      1.99	      6.01	      4.19	3.42	 5.744e-03	     -0.79	Gaussian	0.000000	0.000000
310	0	  0.026671	  0.152858	     -1.00	   2820.04	   3490.32	      3.16	      2.27	      6.64	      4.78	1.95	 7.572e-03	     -0.79	Gaussian	0.000000	0.000000
311	0	  0.026249	  0.244770	     -1.00	   3027.07	    742.03	      2.07	      1.86	      4.36	      3.90	79.57	 1.694e-03	     -0.79	Gaussian	0.000000	0.000000
312	0	  0.026403	  0.211690	     -1.00	   3349.00	   2618.13	      2.01	      1.78	      4.23	      3.75	-89.31	 3.283e-03	     -0.78	Gaussian	0.000000	0.000000
313	0	  0.026231	  0.205840	     -1.00	   2320.86	   4023.58	      2.12	      2.12	      4.46	      4.46	31.89	 2.235e-03	     -0.78	Gaussian	0.000000	0.000000
314	0	  0.026302	  0.106076	     -1.00	   3371.55	   3558.25	      4.02	      3.76	      8.45	      7.89	13.02	 1.041e-02	     -0.78	Gaussian	0.000000	0.000000
315	0	  0.026946	  0.163256	     -1.00	   3821.73	   1504.77	      1.45	      1.35	      3.05	      2.85	72.24	 1.396e-02	     -0.78	Gaussian	0.000000	0.000000
316	0	  0.026361	  0.126890	     -1.00	   3487.03	   2806.04	      1.69	      1.60	      3.56	      3.37	70.87	 1.327e-02	     -0.78	Gaussian	0.000000	0.000000
317	0	  0.026530	  0.197964	     -1.00	   2963.37	   3678.34	      1.80	      1.64	      3.79	      3.46	83.56	 6.499e-03	     -0.78	Gaussian	0.000000	0.000000
318	0	  0.026122	  0.201141	     -1.00	   3386.87	   3869.65	      2.45	      1.86	      5.14	      3.92	83.00	 1.421e-03	     -0.77	Gaussian	0.000000	0.000000
319	0	  0.025900	  0.096081	     -1.00	   2116.29	   1828.36	      4.30	      3.81	      9.03	      8.01	8.63	 1.143e-02	     -0.77	Gaussian	0.000000	0.000000
320	0	  0.026149	  0.204688	     -1.00	   3282.87	   3401.83	      2.38	      1.87	      5.01	      3.93	87.25	 1.463e-03	     -0.77	Gaussian	0.000000	0.000000
321	0	  0.025261	  0.121985	     -1.00	     76.48	   1917.12	      2.72	      2.72	      5.72	      5.72	-77.12	 2.291e-03	     -0.77	Gaussian	0.000000	0.000000
322	0	  0.026208	  0.214075	     -1.00	   4462.88	   3608.46	      2.31	      1.82	      4.86	      3.82	71.40	 1.442e-03	     -0.76	Gaussian	0.000000	0.000000
323	0	  0.025652	  0.160672	     -1.00	   1011.57	   3183.05	      2.57	      2.18	      5.40	      4.58	-48.73	 1.280e-03	     -0.76	Gaussian	0.000000	0.000000
324	0	  0.025402	  0.135328	     -1.00	   3808.09	   3247.53	      3.00	      2.50	      6.31	      5.25	32.65	 4.849e-03	     -0.76	Gaussian	0.000000	0.000000
325	0	  0.026135	  0.220461	     -1.00	   4957.26	   1739.89	      2.16	      1.88	      4.55	      3.96	66.05	 1.654e-03	     -0.76	Gaussian	0.000000	0.000000
326	0	  0.025949	  0.182862	     -1.00	   5759.37	   2531.81	      2.59	      1.87	      5.45	      3.94	54.56	 1.698e-03	     -0.76	Gaussian	0.000000	0.000000
327	0	  0.026329	  0.148569	     -1.00	   4427.66	   2320.70	      3.01	      1.99	      6.32	      4.17	70.01	 2.703e-03	     -0.76	Gaussian	0.000000	0.000000
328	0	  0.024930	  0.079226	     -1.00	   2962.09	   1938.69	      4.23	      2.74	      8.88	      5.75	1.24	 6.225e-03	     -0.75	Gaussian	0.000000	0.000000
329	0	  0.026358	  0.198707	     -1.00	   2668.77	   2229.38	      2.28	      1.93	      4.78	      4.05	-85.48	 1.563e-03	     -0.75	Gaussian	0.000000	0.000000
330	0	  0.026220	  0.201365	     -1.00	   2503.64	   1284.06	      2.08	      2.08	      4.37	      4.37	17.01	 1.827e-03	     -0.74	Gaussian	0.000000	0.000000
331	0	  0.026074	  0.113832	     -1.00	   3243.03	    356.79	      1.81	      1.77	      3.79	      3.72	69.77	 1.141e-02	     -0.74	Gaussian	0.000000	0.000000
332	0	  0.025777	  0.117448	     -1.00	   4074.29	   2574.14	      3.45	      3.28	      7.25	      6.89	1.76	 6.515e-03	     -0.74	Gaussian	0.000000	0.000000
333	0	  0.025844	  0.141386	     -1.00	    619.20	   2658.76	      2.70	      2.27	      5.67	      4.77	-27.38	 1.764e-03	     -0.74	Gaussian	0.000000	0.000000
334	0	  0.026359	  0.203944	     -1.00	   1751.33	   1817.99	      1.70	      1.61	      3.57	      3.39	60.68	 5.995e-03	     -0.74	Gaussian	0.000000	0.000000
335	0	  0.027856	  0.117974	     -1.00	    637.65	   4083.63	      2.94	      2.49	      6.17	      5.22	-40.56	 7.521e-03	     -0.74	Gaussian	0.000000	0.000000
336	0	  0.026004	  0.177425	     -1.00	   2249.65	   3990.31	      2.45	      1.98	      5.14	      4.17	-84.76	 1.252e-03	     -0.74	Gaussian	0.000000	0.000000
337	0	  0.026342	  0.216594	     -1.00	   4262.20	    191.55	      1.86	      1.65	      3.90	      3.47	57.70	 4.434e-03	     -0.74	Gaussian	0.000000	0.000000
338	0	  0.026015	  0.208653	     -1.00	   4154.98	    522.45	      2.62	      2.61	      5.51	      5.48	30.83	 7.792e-03	     -0.74	Gaussian	0.000000	0.000000
339	0	  0.025869	  0.179738	     -1.00	   1556.73	    581.56	      2.34	      2.04	      4.92	      4.28	24.94	 1.617e-03	     -0.74	Gaussian	0.000000	0.000000
340	0	  0.026716	  0.160724	     -1.00	   1739.28	   3336.36	      1.57	      1.48	      3.30	      3.11	1.87	 1.099e-02	     -0.74	Gaussian	0.000000	0.000000
341	0	  0.025989	  0.207379	     -1.00	   2762.01	    173.61	      2.12	      1.93	      4.46	      4.06	59.97	 1.665e-03	     -0.73	Gaussian	0.000000	0.000000
342	0	  0.026056	  0.096284	     -1.00	   3016.80	    527.02	      1.82	      1.80	      3.82	      3.79	22.40	 1.198e-02	     -0.73	Gaussian	0.000000	0.000000
343	0	  0.026097	  0.189194	     -1.00	   4930.73	   2169.90	      2.32	      1.94	      4.87	      4.07	77.79	 1.457e-03	     -0.73	Gaussian	0.000000	0.000000
344	0	  0.026551	  0.172096	     -1.00	   3503.24	   2407.78	      1.53	      1.53	      3.22	      3.22	88.70	 1.086e-02	     -0.73	Gaussian	0.000000	0.000000
345	0	  0.026203	  0.101560	     -1.00	   3260.25	   2090.73	      3.64	      3.31	      7.65	      6.95	20.36	 8.604e-03	     -0.73	Gaussian	0.000000	0.000000
346	0	  0.025711	  0.170552	     -1.00	   5704.77	    259.83	      2.54	      1.96	      5.33	      4.11	40.72	 1.903e-03	     -0.73	Gaussian	0.000000	0.000000
347	0	  0.032384	  0.201475	     -1.00	   3137.54	   2149.79	      2.24	      1.87	      4.71	      3.92	-83.27	 3.043e-02	     -0.73	Gaussian	0.000000	0.000000
348	0	  0.025622	  0.118699	     -1.00	   6101.75	    698.09	      3.03	      2.99	      6.37	      6.28	73.35	 5.147e-03	     -0.73	Gaussian	0.000000	0.000000
349	0	  0.026190	  0.191275	     -1.00	   3035.11	   3698.09	      2.05	      1.97	      4.30	      4.13	88.30	 2.606e-03	     -0.73	Gaussian	0.000000	0.000000
350	0	  0.025031	  0.099055	     -1.00	   2078.06	   2340.61	      3.59	      2.43	      7.55	      5.11	22.44	 5.277e-03	     -0.73	Gaussian	0.000000	0.000000
351	0	  0.025657	  0.153727	     -1.00	    795.98	   1846.83	      2.51	      2.17	      5.28	      4.56	-1.26	 1.542e-03	     -0.72	Gaussian	0.000000	0.000000
352	0	  0.026124	  0.139840	     -1.00	   3470.11	    979.39	      3.05	      2.30	      6.42	      4.83	1.83	 6.055e-03	     -0.72	Gaussian	0.000000	0.000000
353	0	  0.026374	  0.188909	     -1.00	   2996.36	   2209.78	      2.32	      1.90	      4.87	      4.00	-86.52	 1.412e-03	     -0.72	Gaussian	0.000000	0.000000
354	0	  0.025748	  0.174931	     -1.00	   4531.08	   3986.77	      2.56	      1.86	      5.38	      3.91	72.34	 1.344e-03	     -0.72	Gaussian	0.000000	0.000000
355	0	  0.026651	  0.164766	     -1.00	   1055.02	   1504.19	      2.34	      2.16	      4.92	      4.54	2.01	 3.050e-03	     -0.72	Gaussian	0.000000	0.000000
356	0	  0.025813	  0.121849	     -1.00	    922.43	   2057.49	      3.15	      3.06	      6.61	      6.43	86.39	 5.880e-03	     -0.72	Gaussian	0.000000	0.000000
357	0	  0.026372	  0.120019	     -1.00	   3483.63	   2143.70	      3.36	      3.32	      7.07	      6.98	8.17	 8.412e-03	     -0.72	Gaussian	0.000000	0.000000
358	0	  0.026355	  0.193191	     -1.00	   2205.58	   2685.32	      2.72	      2.52	      5.72	      5.29	52.86	 6.480e-03	     -0.72	Gaussian	0.000000	0.000000
359	0	  0.025383	  0.118870	     -1.00	    336.40	    720.99	      2.63	      2.63	      5.53	      5.53	48.64	 2.280e-03	     -0.71	Gaussian	0.000000	0.000000
360	0	  0.026202	  0.188253	     -1.00	   3317.76	   3110.39	      2.29	      1.90	      4.82	      3.99	85.37	 1.370e-03	     -0.71	Gaussian	0.000000	0.000000
361	0	  0.026024	  0.183940	     -1.00	   1525.14	   1460.60	      2.11	      2.11	      4.44	      4.43	11.09	 1.522e-03	     -0.71	Gaussian	0.000000	0.000000
362	0	  0.025781	  0.090327	     -1.00	   5345.32	   2170.35	      4.15	      3.81	      8.72	      8.02	15.18	 1.010e-02	     -0.71	Gaussian	0.000000	0.000000
363	0	  0.026238	  0.186967	     -1.00	   3347.42	   3143.69	      2.28	      1.91	      4.78	      4.01	83.35	 1.254e-03	     -0.71	Gaussian	0.000000	0.000000
364	0	  0.025976	  0.195201	     -1.00	   4869.88	    985.75	      2.17	      1.90	      4.57	      4.00	67.33	 1.780e-03	     -0.71	Gaussian	0.000000	0.000000
365	0	  0.025868	  0.150369	     -1.00	   1048.70	   3011.38	      2.43	      2.20	      5.11	      4.63	-40.87	 1.402e-03	     -0.70	Gaussian	0.000000	0.000000
366	0	  0.026154	  0.168652	     -1.00	   2567.46	   1712.26	      2.51	      2.09	      5.28	      4.39	75.33	 2.317e-03	     -0.70	Gaussian	0.000000	0.000000
367	0	  0.025273	  0.112380	     -1.00	    140.28	   1697.96	      3.04	      2.34	      6.39	      4.93	-9.83	 1.365e-03	     -0.70	Gaussian	0.000000	0.000000
368	0	  0.025655	  0.101637	     -1.00	   4543.63	   2820.09	      4.36	      2.79	      9.16	      5.86	25.83	 7.933e-03	     -0.70	Gaussian	0.000000	0.000000
369	0	  0.026132	  0.204150	     -1.00	   2871.48	    682.77	      2.05	      1.91	      4.30	      4.02	72.45	 1.370e-03	     -0.70	Gaussian	0.000000	0.000000
370	0	  0.025911	  0.195960	     -1.00	   4267.88	    430.28	      2.15	      1.90	      4.51	      3.98	66.00	 1.442e-03	     -0.70	Gaussian	0.000000	0.000000
371	0	  0.025306	  0.100759	     -1.00	    211.72	   3289.39	      3.11	      2.54	      6.54	      5.34	-29.32	 1.438e-03	     -0.70	Gaussian	0.000000	0.000000
372	0	  0.026083	  0.176990	     -1.00	   3383.30	   3595.85	      2.39	      1.88	      5.02	      3.96	85.34	 1.299e-03	     -0.70	Gaussian	0.000000	0.000000
373	0	  0.025360	  0.092648	     -1.00	    810.55	   2702.03	      3.74	      2.30	      7.85	      4.83	-19.38	 1.158e-03	     -0.70	Gaussian	0.000000	0.000000
374	0	  0.026090	  0.206159	     -1.00	   3592.28	    649.68	      2.05	      1.86	      4.31	      3.90	65.27	 1.487e-03	     -0.69	Gaussian	0.000000	0.000000
375	0	  0.029778	  0.163747	     -1.00	   2358.60	    212.19	      3.32	      2.23	      6.97	      4.70	-82.64	 8.420e-03	     -0.69	Gaussian	0.000000	0.000000
376	0	  0.026467	  0.174755	     -1.00	   3057.40	   1830.70	      2.33	      1.90	      4.90	      4.00	-84.61	 1.599e-03	     -0.68	Gaussian	0.000000	0.000000
377	0	  0.025170	  0.090688	     -1.00	    497.30	   3946.64	      3.30	      2.58	      6.94	      5.43	-44.98	 1.168e-03	     -0.68	Gaussian	0.000000	0.000000
378	0	  0.026268	  0.171740	     -1.00	   3788.98	   2630.20	      1.94	      1.87	      4.07	      3.94	-89.00	 3.471e-03	     -0.68	Gaussian	0.000000	0.000000
379	0	  0.025461	  0.064320	     -1.00	     77.80	   1100.15	      2.01	      1.97	      4.23	      4.14	86.48	 7.818e-03	     -0.68	Gaussian	0.000000	0.000000
380	0	  0.025626	  0.126701	     -1.00	    556.38	   1805.65	      2.46	      2.46	      5.18	      5.18	-77.62	 1.959e-03	     -0.68	Gaussian	0.000000	0.000000
381	0	  0.025541	  0.131926	     -1.00	    671.17	   1416.58	      2.41	      2.41	      5.06	      5.06	77.81	 1.890e-03	     -0.68	Gaussian	0.000000	0.000000
382	0	  0.026152	  0.162550	     -1.00	   3275.57	   2421.82	      2.39	      1.96	      5.02	      4.12	-85.22	 1.108e-03	     -0.68	Gaussian	0.000000	0.000000
383	0	  0.026295	  0.192722	     -1.00	   4900.12	    992.04	      2.13	      1.85	      4.48	      3.89	60.99	 2.635e-03	     -0.67	Gaussian	0.000000	0.000000
384	0	  0.025458	  0.104097	     -1.00	    354.14	   2109.30	      3.33	      3.33	      7.00	      7.00	-83.95	 4.252e-03	     -0.67	Gaussian	0.000000	0.000000
385	0	  0.025925	  0.164627	     -1.00	   4702.44	   3769.82	      2.46	      1.87	      5.16	      3.93	66.66	 1.228e-03	     -0.67	Gaussian	0.000000	0.000000
386	0	  0.025645	  0.160145	     -1.00	   5017.94	   3788.17	      2.59	      1.82	      5.45	      3.83	65.80	 1.251e-03	     -0.67	Gaussian	0.000000	0.000000
387	0	  0.025213	  0.117165	     -1.00	   5940.24	     33.08	      3.54	      3.50	      7.44	      7.36	71.52	 6.578e-03	     -0.67	Gaussian	0.000000	0.000000
388	0	  0.025301	  0.108495	     -1.00	    427.86	   2968.89	      2.63	      2.63	      5.53	      5.53	-82.33	 1.680e-03	     -0.67	Gaussian	0.000000	0.000000
389	0	  0.026080	  0.187547	     -1.00	   4051.97	   1037.63	      2.14	      1.87	      4.50	      3.92	82.77	 1.380e-03	     -0.67	Gaussian	0.000000	0.000000
390	0	  0.025337	  0.125603	     -1.00	    929.02	    333.85	      2.78	      2.15	      5.84	      4.52	11.68	 1.337e-03	     -0.67	Gaussian	0.000000	0.000000
391	0	  0.025321	  0.145684	     -1.00	   6365.59	   2485.02	      2.73	      1.89	      5.74	      3.96	50.20	 1.398e-03	     -0.67	Gaussian	0.000000	0.000000
392	0	  0.026144	  0.170658	     -1.00	   4661.61	   1082.43	      2.04	      1.80	      4.28	      3.79	47.97	 3.197e-03	     -0.66	Gaussian	0.000000	0.000000
393	0	  0.025991	  0.133527	     -1.00	   2908.24	   3441.61	      2.46	      2.37	      5.16	      4.99	37.21	 2.954e-03	     -0.66	Gaussian	0.000000	0.000000
394	0	  0.025557	  0.160970	     -1.00	   5406.21	    360.80	      2.41	      1.91	      5.07	      4.02	43.98	 1.579e-03	     -0.66	Gaussian	0.000000	0.000000
395	0	  0.025827	  0.152817	     -1.00	   1168.68	   1329.91	      2.31	      2.10	      4.86	      4.42	12.34	 1.330e-03	     -0.66	Gaussian	0.000000	0.000000
396	0	  0.025740	  0.142544	     -1.00	   1949.62	   3956.88	      2.56	      2.03	      5.37	      4.27	-74.92	 1.063e-03	     -0.66	Gaussian	0.000000	0.000000
397	0	  0.025246	  0.106467	     -1.00	    228.32	   1964.45	      2.65	      2.62	      5.57	      5.51	-39.31	 1.769e-03	     -0.66	Gaussian	0.000000	0.000000
398	0	  0.026081	  0.093090	     -1.00	   5028.36	   2171.28	      3.95	      3.81	      8.31	      8.01	10.80	 9.670e-03	     -0.66	Gaussian	0.000000	0.000000
399	0	  0.026011	  0.132782	     -1.00	   4045.70	   1116.70	      2.78	      2.74	      5.83	      5.76	-30.13	 4.234e-03	     -0.66	Gaussian	0.000000	0.000000
400	0	  0.026289	  0.135440	     -1.00	   2257.09	   1325.40	      2.65	      2.39	      5.56	      5.03	8.33	 3.986e-03	     -0.66	Gaussian	0.000000	0.000000
401	0	  0.026145	  0.178392	     -1.00	   3765.04	   1477.78	      2.22	      1.85	      4.66	      3.89	-89.38	 1.375e-03	     -0.66	Gaussian	0.000000	0.000000
402	0	  0.025338	  0.142600	     -1.00	   6045.50	   1143.82	      2.64	      1.94	      5.55	      4.08	43.25	 1.456e-03	     -0.65	Gaussian	0.000000	0.000000
403	0	  0.025658	  0.106738	     -1.00	   5400.65	    458.94	      1.62	      1.47	      3.40	      3.08	69.62	 9.527e-03	     -0.65	Gaussian	0.000000	0.000000
404	0	  0.026134	  0.167932	     -1.00	   3001.02	   3123.53	      2.55	      2.54	      5.35	      5.34	4.21	 5.230e-03	     -0.65	Gaussian	0.000000	0.000000
405	0	  0.025390	  0.133298	     -1.00	   5218.44	   4125.18	      2.89	      1.89	      6.07	      3.96	64.22	 1.083e-03	     -0.65	Gaussian	0.000000	0.000000
406	0	  0.025502	  0.122608	     -1.00	   1232.32	   3581.04	      2.24	      1.90	      4.70	      3.99	-38.76	 2.931e-03	     -0.65	Gaussian	0.000000	0.000000
407	0	  0.025998	  0.138719	     -1.00	   2173.34	   2234.52	      2.50	      2.26	      5.25	      4.76	26.31	 3.267e-03	     -0.65	Gaussian	0.000000	0.000000
408	0	  0.025208	  0.082704	     -1.00	   5724.96	    426.04	      3.52	      3.44	      7.40	      7.24	76.55	 5.593e-03	     -0.65	Gaussian	0.000000	0.000000
409	0	  0.026153	  0.085072	     -1.00	   2341.12	   2587.80	      1.70	      1.65	      3.56	      3.48	72.43	 1.026e-02	     -0.65	Gaussian	0.000000	0.000000
410	0	  0.026032	  0.120664	     -1.00	   4570.59	    886.81	      3.64	      3.60	      7.65	      7.56	12.38	 1.086e-02	     -0.65	Gaussian	0.000000	0.000000
411	0	  0.024343	  0.051900	     -1.00	    974.07	    327.09	      5.16	      2.82	     10.85	      5.92	70.53	 4.091e-03	     -0.65	Gaussian	0.000000	0.000000
412	0	  0.026153	  0.092122	     -1.00	   4288.44	   2710.09	      3.61	      3.57	      7.58	      7.51	8.69	 7.084e-03	     -0.65	Gaussian	0.000000	0.000000
413	0	  0.025703	  0.130390	     -1.00	   3698.35	    554.05	      2.74	      2.41	      5.76	      5.06	7.44	 3.865e-03	     -0.64	Gaussian	0.000000	0.000000
414	0	  0.025679	  0.133634	     -1.00	   1009.97	   2867.60	      2.47	      2.16	      5.18	      4.54	-41.73	 1.156e-03	     -0.64	Gaussian	0.000000	0.000000
415	0	  0.025574	  0.137630	     -1.00	   4797.34	    425.26	      2.97	      2.49	      6.23	      5.24	60.23	 4.303e-03	     -0.64	Gaussian	0.000000	0.000000
416	0	  0.026216	  0.143022	     -1.00	   5393.42	   3455.67	      1.77	      1.52	      3.72	      3.19	69.07	 7.711e-03	     -0.64	Gaussian	0.000000	0.000000
417	0	  0.025815	  0.138818	     -1.00	   4118.26	   4083.61	      2.06	      1.94	      4.32	      4.07	-85.51	 3.230e-03	     -0.63	Gaussian	0.000000	0.000000
418	0	  0.026304	  0.157885	     -1.00	   2933.65	   3528.23	      2.47	      2.36	      5.20	      4.95	49.83	 3.550e-03	     -0.63	Gaussian	0.000000	0.000000
419	0	  0.025257	  0.061102	     -1.00	   1851.08	   2638.20	      4.31	      3.58	      9.06	      7.53	74.61	 6.597e-03	     -0.63	Gaussian	0.000000	0.000000
420	0	  0.025401	  0.100258	     -1.00	    799.10	   2098.61	      3.37	      3.21	      7.08	      6.75	5.51	 4.890e-03	     -0.63	Gaussian	0.000000	0.000000
421	0	  0.026579	  0.123345	     -1.00	   3013.79	   2376.78	      2.48	      2.26	      5.22	      4.75	55.70	 3.914e-03	     -0.63	Gaussian	0.000000	0.000000
422	0	  0.025889	  0.160258	     -1.00	   1772.34	   1392.82	      2.14	      2.01	      4.51	      4.23	86.98	 1.155e-03	     -0.63	Gaussian	0.000000	0.000000
423	0	  0.024774	  0.067377	     -1.00	   4503.28	    905.28	      4.53	      2.36	      9.52	      4.96	72.07	 4.844e-03	     -0.62	Gaussian	0.000000	0.000000
424	0	  0.025662	  0.150297	     -1.00	   5629.96	   1847.41	      2.07	      1.78	      4.34	      3.75	66.71	 2.580e-03	     -0.62	Gaussian	0.000000	0.000000
425	0	  0.026089	  0.147560	     -1.00	   1314.93	   2687.39	      2.24	      2.07	      4.71	      4.35	-61.15	 1.646e-03	     -0.62	Gaussian	0.000000	0.000000
426	0	  0.025528	  0.147554	     -1.00	   5484.93	    341.53	      2.39	      1.93	      5.02	      4.07	45.70	 1.497e-03	     -0.62	Gaussian	0.000000	0.000000
427	0	  0.026102	  0.128587	     -1.00	   3795.36	   1850.16	      2.81	      2.25	      5.91	      4.72	65.18	 2.921e-03	     -0.62	Gaussian	0.000000	0.000000
428	0	  0.025122	  0.112972	     -1.00	   2826.16	    223.42	      2.99	      2.16	      6.29	      4.54	54.83	 3.140e-03	     -0.62	Gaussian	0.000000	0.000000
429	0	  0.025604	  0.136924	     -1.00	   4975.36	    941.24	      2.62	      2.14	      5.51	      4.49	44.44	 2.260e-03	     -0.62	Gaussian	0.000000	0.000000
430	0	  0.025632	  0.131927	     -1.00	   2110.78	   4134.57	      2.53	      2.03	      5.31	      4.26	-79.65	 1.085e-03	     -0.62	Gaussian	0.000000	0.000000
431	0	  0.025526	  0.134854	     -1.00	   5649.27	   3184.57	      2.63	      1.90	      5.53	      3.98	55.21	 1.250e-03	     -0.62	Gaussian	0.000000	0.000000
432	0	  0.025855	  0.146318	     -1.00	   5417.10	   3351.41	      1.98	      1.91	      4.16	      4.01	80.30	 3.408e-03	     -0.61	Gaussian	0.000000	0.000000
433	0	  0.026010	  0.146604	     -1.00	   4970.65	   2730.39	      1.92	      1.62	      4.04	      3.40	67.69	 4.030e-03	     -0.61	Gaussian	0.000000	0.000000
434	0	  0.025215	  0.096793	     -1.00	    777.56	   3609.76	      2.93	      2.35	      6.17	      4.95	-46.63	 9.460e-04	     -0.61	Gaussian	0.000000	0.000000
435	0	  0.025735	  0.147055	     -1.00	   3992.26	    286.50	      2.49	      2.15	      5.24	      4.53	43.17	 2.632e-03	     -0.61	Gaussian	0.000000	0.000000
436	0	  0.025947	  0.135329	     -1.00	   3931.50	   2568.78	      2.44	      2.02	      5.12	      4.25	-89.16	 9.436e-04	     -0.61	Gaussian	0.000000	0.000000
437	0	  0.026122	  0.130119	     -1.00	   3707.00	   2772.40	      2.56	      2.51	      5.39	      5.28	0.96	 3.183e-03	     -0.61	Gaussian	0.000000	0.000000
438	0	  0.025813	  0.096917	     -1.00	   4080.76	   1538.33	      3.08	      2.96	      6.48	      6.23	78.89	 5.057e-03	     -0.61	Gaussian	0.000000	0.000000
439	0	  0.025923	  0.129162	     -1.00	   3239.40	   3539.16	      2.76	      2.12	      5.80	      4.46	64.63	 2.171e-03	     -0.61	Gaussian	0.000000	0.000000
440	0	  0.026190	  0.143263	     -1.00	   3835.86	   1980.51	      2.16	      2.16	      4.53	      4.53	29.18	 1.778e-03	     -0.61	Gaussian	0.000000	0.000000
441	0	  0.026003	  0.170788	     -1.00	   2097.90	   1499.38	      2.06	      1.89	      4.33	      3.96	83.94	 1.276e-03	     -0.61	Gaussian	0.000000	0.000000
442	0	  0.025001	  0.080011	     -1.00	    585.84	   3980.07	      3.27	      2.54	      6.87	      5.33	-48.04	 9.633e-04	     -0.61	Gaussian	0.000000	0.000000
443	0	  0.025855	  0.110688	     -1.00	   3394.01	   2819.32	      2.97	      2.80	      6.24	      5.89	13.01	 4.757e-03	     -0.61	Gaussian	0.000000	0.000000
444	0	  0.025144	  0.086635	     -1.00	    414.40	   3352.78	      3.13	      2.44	      6.57	      5.13	-38.23	 9.877e-04	     -0.61	Gaussian	0.000000	0.000000
445	0	  0.025470	  0.080446	     -1.00	   1711.11	   1180.47	      3.71	      3.69	      7.80	      7.75	17.83	 7.137e-03	     -0.61	Gaussian	0.000000	0.000000
446	0	  0.025338	  0.116310	     -1.00	   6328.42	   3299.27	      2.21	      1.96	      4.64	      4.13	64.43	 3.300e-03	     -0.60	Gaussian	0.000000	0.000000
447	0	  0.025074	  0.085698	     -1.00	     94.61	    907.58	      2.77	      2.77	      5.82	      5.82	79.18	 1.903e-03	     -0.60	Gaussian	0.000000	0.000000
448	0	  0.025664	  0.129299	     -1.00	   1186.14	   2990.98	      2.41	      2.11	      5.06	      4.43	-58.50	 1.089e-03	     -0.60	Gaussian	0.000000	0.000000
449	0	  0.025610	  0.137451	     -1.00	   5201.24	   1063.12	      2.64	      2.28	      5.55	      4.79	39.19	 3.245e-03	     -0.60	Gaussian	0.000000	0.000000
450	0	  0.025326	  0.113875	     -1.00	   1198.24	    100.15	      2.68	      2.15	      5.64	      4.51	17.36	 1.274e-03	     -0.60	Gaussian	0.000000	0.000000
451	0	  0.025120	  0.063714	     -1.00	   3183.32	   3609.18	      4.52	      2.31	      9.50	      4.86	77.24	 3.678e-03	     -0.60	Gaussian	0.000000	0.000000
452	0	  0.025999	  0.085038	     -1.00	   3840.55	   1880.80	      3.26	      3.24	      6.84	      6.81	10.44	 5.610e-03	     -0.60	Gaussian	0.000000	0.000000
453	0	  0.025274	  0.129593	     -1.00	   5978.45	   1218.41	      2.58	      1.95	      5.42	      4.09	44.93	 1.297e-03	     -0.60	Gaussian	0.000000	0.000000
454	0	  0.026207	  0.148951	     -1.00	   3005.78	   2000.47	      2.29	      1.90	      4.81	      4.00	-83.66	 1.141e-03	     -0.60	Gaussian	0.000000	0.000000
455	0	  0.025774	  0.153179	     -1.00	   3030.91	      9.40	      2.17	      1.95	      4.56	      4.09	60.86	 1.291e-03	     -0.60	Gaussian	0.000000	0.000000
456	0	  0.025518	  0.077652	     -1.00	   3604.36	    249.97	      3.35	      3.23	      7.03	      6.80	20.64	 6.029e-03	     -0.60	Gaussian	0.000000	0.000000
457	0	  0.025925	  0.154378	     -1.00	   4728.93	   2022.12	      2.23	      1.86	      4.68	      3.92	80.36	 1.221e-03	     -0.59	Gaussian	0.000000	0.000000
458	0	  0.025751	  0.119803	     -1.00	   3759.32	    699.13	      2.86	      2.49	      6.01	      5.22	75.45	 3.930e-03	     -0.59	Gaussian	0.000000	0.000000
459	0	  0.025791	  0.144378	     -1.00	   4177.54	    945.59	      2.22	      2.00	      4.66	      4.20	75.90	 1.009e-03	     -0.59	Gaussian	0.000000	0.000000
460	0	  0.026135	  0.110920	     -1.00	   3083.09	   2979.40	      2.65	      2.42	      5.58	      5.08	3.61	 3.553e-03	     -0.59	Gaussian	0.000000	0.000000
461	0	  0.025154	  0.097255	     -1.00	    301.22	   1886.93	      2.87	      2.28	      6.02	      4.80	-10.63	 1.085e-03	     -0.59	Gaussian	0.000000	0.000000
462	0	  0.026076	  0.147429	     -1.00	   2846.76	   1671.92	      2.26	      1.91	      4.75	      4.01	-86.23	 1.134e-03	     -0.59	Gaussian	0.000000	0.000000
463	0	  0.025846	  0.156029	     -1.00	   4703.05	   1276.11	      2.18	      1.87	      4.58	      3.93	71.15	 1.237e-03	     -0.59	Gaussian	0.000000	0.000000
464	0	  0.026455	  0.150200	     -1.00	   3475.71	   2447.91	      2.22	      1.90	      4.66	      4.00	88.19	 1.448e-03	     -0.59	Gaussian	0.000000	0.000000
465	0	  0.025736	  0.136730	     -1.00	   2611.28	    165.76	      2.30	      2.01	      4.83	      4.23	53.78	 1.243e-03	     -0.59	Gaussian	0.000000	0.000000
466	0	  0.026061	  0.130085	     -1.00	   2496.03	   2901.46	      2.49	      2.45	      5.24	      5.15	0.23	 3.134e-03	     -0.58	Gaussian	0.000000	0.000000
467	0	  0.024852	  0.064282	     -1.00	    215.34	    212.43	      1.84	      1.84	      3.87	      3.87	87.07	 5.174e-03	     -0.58	Gaussian	0.000000	0.000000
468	0	  0.025769	  0.092495	     -1.00	   3515.75	   1087.34	      3.10	      2.98	      6.52	      6.26	78.45	 5.033e-03	     -0.58	Gaussian	0.000000	0.000000
469	0	  0.025596	  0.117971	     -1.00	   4294.63	   3970.08	      2.55	      2.48	      5.35	      5.22	-14.71	 2.593e-03	     -0.58	Gaussian	0.000000	0.000000
470	0	  0.025311	  0.115810	     -1.00	   1061.67	    757.94	      2.56	      2.12	      5.37	      4.45	13.25	 1.161e-03	     -0.58	Gaussian	0.000000	0.000000
471	0	  0.026258	  0.119619	     -1.00	   2381.72	   2242.33	      1.82	      1.79	      3.83	      3.77	64.18	 4.362e-03	     -0.58	Gaussian	0.000000	0.000000
472	0	  0.026131	  0.138909	     -1.00	   3635.70	   2033.55	      2.31	      1.94	      4.86	      4.08	-85.20	 1.099e-03	     -0.58	Gaussian	0.000000	0.000000
473	0	  0.025935	  0.128358	     -1.00	   1818.00	   2745.57	      2.52	      2.27	      5.29	      4.77	6.11	 2.838e-03	     -0.58	Gaussian	0.000000	0.000000
474	0	  0.026114	  0.135782	     -1.00	   3312.90	   3595.48	      2.14	      2.14	      4.49	      4.49	0.14	 1.850e-03	     -0.58	Gaussian	0.000000	0.000000
475	0	  0.025394	  0.092488	     -1.00	   1149.33	   1138.60	      3.32	      3.23	      6.99	      6.78	84.37	 4.904e-03	     -0.58	Gaussian	0.000000	0.000000
476	0	  0.025626	  0.111257	     -1.00	   4770.48	   3707.20	      2.03	      1.71	      4.26	      3.60	58.56	 3.739e-03	     -0.58	Gaussian	0.000000	0.000000
477	0	  0.025771	  0.129476	     -1.00	   3569.44	   3749.76	      2.49	      1.89	      5.22	      3.98	81.79	 9.374e-04	     -0.57	Gaussian	0.000000	0.000000
478	0	  0.024349	  0.064988	     -1.00	   6210.30	    287.07	      4.11	      2.38	      8.65	      5.01	42.10	 2.176e-03	     -0.57	Gaussian	0.000000	0.000000
479	0	  0.025173	  0.108507	     -1.00	   6148.31	   1571.33	      2.86	      2.03	      6.01	      4.26	43.86	 1.389e-03	     -0.57	Gaussian	0.000000	0.000000
480	0	  0.025930	  0.134967	     -1.00	   1812.13	    807.87	      2.18	      2.06	      4.58	      4.33	53.61	 1.258e-03	     -0.57	Gaussian	0.000000	0.000000
481	0	  0.026047	  0.071182	     -1.00	   2969.28	   1416.70	      1.76	      1.37	      3.70	      2.88	26.14	 8.612e-03	     -0.57	Gaussian	0.000000	0.000000
482	0	  0.025682	  0.106292	     -1.00	    881.34	   1000.59	      2.71	      2.09	      5.70	      4.40	10.58	 1.444e-03	     -0.57	Gaussian	0.000000	0.000000
483	0	  0.025631	  0.149294	     -1.00	   4430.72	    391.96	      2.13	      1.90	      4.48	      3.99	57.60	 1.117e-03	     -0.57	Gaussian	0.000000	0.000000
484	0	  0.025323	  0.084407	     -1.00	    901.49	   3928.22	      3.04	      2.35	      6.38	      4.94	-52.55	 9.653e-04	     -0.57	Gaussian	0.000000	0.000000
485	0	  0.025612	  0.140797	     -1.00	   3602.62	     94.75	      2.20	      1.95	      4.62	      4.10	61.61	 1.064e-03	     -0.57	Gaussian	0.000000	0.000000
486	0	  0.026881	  0.130944	     -1.00	   3325.81	   1669.34	      1.71	      1.54	      3.60	      3.25	79.45	 5.693e-03	     -0.56	Gaussian	0.000000	0.000000
487	0	  0.025706	  0.133383	     -1.00	   5231.72	   1987.76	      2.33	      1.92	      4.90	      4.04	64.11	 1.070e-03	     -0.56	Gaussian	0.000000	0.000000
488	0	  0.025286	  0.096088	     -1.00	   5367.01	   3817.11	      3.50	      2.23	      7.36	      4.69	63.05	 2.254e-03	     -0.56	Gaussian	0.000000	0.000000
489	0	  0.026394	  0.088271	     -1.00	   3656.87	   2054.34	      1.56	      1.56	      3.28	      3.27	76.47	 8.171e-03	     -0.56	Gaussian	0.000000	0.000000
490	0	  0.025924	  0.112783	     -1.00	   2791.36	   3175.29	      2.92	      2.06	      6.13	      4.33	68.60	 2.839e-03	     -0.56	Gaussian	0.000000	0.000000
491	0	  0.025459	  0.087922	     -1.00	   1117.26	   2966.35	      3.08	      2.89	      6.48	      6.07	-2.12	 3.136e-03	     -0.56	Gaussian	0.000000	0.000000
492	0	  0.025983	  0.138486	     -1.00	   3727.58	   3099.53	      2.25	      1.89	      4.73	      3.98	82.61	 8.994e-04	     -0.56	Gaussian	0.000000	0.000000
493	0	  0.024727	  0.063872	     -1.00	    134.16	    481.22	      3.04	      3.04	      6.38	      6.38	82.93	 1.457e-03	     -0.56	Gaussian	0.000000	0.000000
494	0	  0.025526	  0.118082	     -1.00	    958.74	   1548.50	      2.24	      2.23	      4.70	      4.69	43.59	 1.390e-03	     -0.55	Gaussian	0.000000	0.000000
495	0	  0.025978	  0.114483	     -1.00	   2304.37	   2551.22	      3.01	      2.28	      6.33	      4.78	56.24	 3.932e-03	     -0.55	Gaussian	0.000000	0.000000
496	0	  0.025622	  0.132927	     -1.00	   2329.60	    336.71	      2.20	      2.00	      4.63	      4.20	59.50	 1.060e-03	     -0.55	Gaussian	0.000000	0.000000
497	0	  0.025239	  0.087627	     -1.00	    978.57	   3794.63	      2.87	      2.32	      6.04	      4.88	-51.62	 8.857e-04	     -0.55	Gaussian	0.000000	0.000000
498	0	  0.025480	  0.106656	     -1.00	   3284.09	    863.17	      2.96	      2.19	      6.22	      4.60	82.60	 2.847e-03	     -0.55	Gaussian	0.000000	0.000000
499	0	  0.026410	  0.145236	     -1.00	   4760.90	   2138.55	      1.48	      1.47	      3.11	      3.09	18.42	 7.553e-03	     -0.55	Gaussian	0.000000	0.000000
500	0	  0.025595	  0.125191	     -1.00	   5590.12	   2262.64	      2.42	      1.91	      5.09	      4.02	56.83	 1.139e-03	     -0.55	Gaussian	0.000000	0.000000
501	0	  0.025983	  0.124407	     -1.00	   2691.57	   2905.69	      2.42	      1.93	      5.08	      4.05	-89.32	 9.396e-04	     -0.55	Gaussian	0.000000	0.000000
502	0	  0.025711	  0.130325	     -1.00	   5044.83	   2779.50	      2.35	      1.89	      4.94	      3.97	67.59	 1.019e-03	     -0.55	Gaussian	0.000000	0.000000
503	0	  0.025780	  0.105725	     -1.00	   2590.28	    671.31	      3.14	      2.30	      6.60	      4.84	65.74	 3.751e-03	     -0.55	Gaussian	0.000000	0.000000
504	0	  0.025473	  0.129247	     -1.00	   5032.43	    412.99	      2.28	      1.95	      4.80	      4.09	50.88	 1.118e-03	     -0.54	Gaussian	0.000000	0.000000
505	0	  0.025316	  0.093373	     -1.00	   1147.76	   3888.76	      2.79	      2.21	      5.86	      4.63	-57.04	 8.620e-04	     -0.54	Gaussian	0.000000	0.000000
506	0	  0.025936	  0.130370	     -1.00	   4723.92	   2613.51	      2.10	      2.10	      4.41	      4.41	19.93	 1.537e-03	     -0.54	Gaussian	0.000000	0.000000
507	0	  0.025617	  0.128818	     -1.00	   4835.34	    438.56	      1.93	      1.72	      4.06	      3.61	60.99	 3.069e-03	     -0.54	Gaussian	0.000000	0.000000
508	0	  0.025654	  0.089763	     -1.00	   3379.18	   4159.26	      3.07	      2.42	      6.45	      5.09	14.70	 3.478e-03	     -0.54	Gaussian	0.000000	0.000000
509	0	  0.025426	  0.074521	     -1.00	   4253.81	    511.10	      3.31	      3.27	      6.96	      6.87	88.65	 4.544e-03	     -0.54	Gaussian	0.000000	0.000000
510	0	  0.025874	  0.128576	     -1.00	   4151.02	   3637.81	      2.38	      1.85	      5.00	      3.89	77.67	 9.022e-04	     -0.54	Gaussian	0.000000	0.000000
511	0	  0.026112	  0.073419	     -1.00	   2194.95	   2064.99	      1.80	      1.79	      3.79	      3.76	22.02	 8.440e-03	     -0.54	Gaussian	0.000000	0.000000
512	0	  0.025529	  0.121345	     -1.00	   5609.53	   2182.53	      2.44	      1.90	      5.14	      4.00	53.63	 1.031e-03	     -0.54	Gaussian	0.000000	0.000000
513	0	  0.024950	  0.081377	     -1.00	    460.67	    457.70	      2.63	      2.63	      5.54	      5.54	75.87	 1.626e-03	     -0.54	Gaussian	0.000000	0.000000
514	0	  0.025365	  0.131473	     -1.00	   4739.90	     12.45	      2.25	      1.90	      4.74	      3.98	50.34	 1.216e-03	     -0.53	Gaussian	0.000000	0.000000
515	0	  0.026079	  0.130094	     -1.00	   2917.99	   2511.26	      2.08	      2.08	      4.36	      4.36	32.78	 1.554e-03	     -0.53	Gaussian	0.000000	0.000000
516	0	  0.025284	  0.070087	     -1.00	    666.91	   1599.08	      3.12	      3.02	      6.55	      6.34	79.67	 2.429e-03	     -0.53	Gaussian	0.000000	0.000000
517	0	  0.026014	  0.127161	     -1.00	   2769.59	   1651.94	      2.09	      2.09	      4.40	      4.40	18.98	 1.391e-03	     -0.53	Gaussian	0.000000	0.000000
518	0	  0.025138	  0.083893	     -1.00	    467.43	   2805.10	      2.86	      2.32	      6.00	      4.88	-29.74	 8.781e-04	     -0.53	Gaussian	0.000000	0.000000
519	0	  0.024993	  0.065152	     -1.00	   2652.30	    862.30	      3.91	      2.45	      8.21	      5.14	70.86	 3.699e-03	     -0.53	Gaussian	0.000000	0.000000
520	0	  0.025841	  0.068098	     -1.00	   3509.92	   2079.20	      3.33	      3.33	      7.00	      7.00	85.56	 4.579e-03	     -0.53	Gaussian	0.000000	0.000000
521	0	  0.027128	  0.130371	     -1.00	   4367.24	   1885.93	      2.25	      1.89	      4.72	      3.98	86.37	 6.757e-03	     -0.53	Gaussian	0.000000	0.000000
522	0	  0.025509	  0.100269	     -1.00	   5155.58	    835.23	      3.70	      2.38	      7.77	      5.00	47.28	 4.790e-03	     -0.53	Gaussian	0.000000	0.000000
523	0	  0.025445	  0.074078	     -1.00	   2974.35	   3941.15	      3.50	      3.32	      7.35	      6.99	4.37	 4.589e-03	     -0.53	Gaussian	0.000000	0.000000
524	0	  0.025064	  0.095944	     -1.00	   6181.33	    264.79	      2.89	      1.98	      6.07	      4.17	40.18	 1.419e-03	     -0.53	Gaussian	0.000000	0.000000
525	0	  0.026016	  0.124964	     -1.00	   2582.50	   1633.85	      2.29	      1.92	      4.81	      4.04	-87.04	 1.283e-03	     -0.53	Gaussian	0.000000	0.000000
526	0	  0.025515	  0.094400	     -1.00	   1966.28	   2809.98	      2.86	      2.31	      6.02	      4.87	-89.35	 2.404e-03	     -0.52	Gaussian	0.000000	0.000000
527	0	  0.025096	  0.047355	     -1.00	   1957.01	   3232.10	      4.37	      4.12	      9.19	      8.66	88.49	 5.430e-03	     -0.52	Gaussian	0.000000	0.000000
528	0	  0.025541	  0.110529	     -1.00	   3310.64	   4159.50	      2.53	      1.94	      5.32	      4.08	83.34	 7.950e-04	     -0.52	Gaussian	0.000000	0.000000
529	0	  0.025875	  0.105814	     -1.00	   4149.35	   2754.51	      2.48	      2.37	      5.20	      4.99	39.86	 2.382e-03	     -0.52	Gaussian	0.000000	0.000000
530	0	  0.025734	  0.116471	     -1.00	   4490.40	   2977.67	      2.37	      1.96	      4.99	      4.12	80.08	 9.370e-04	     -0.52	Gaussian	0.000000	0.000000
531	0	  0.025691	  0.078650	     -1.00	   5465.42	   2185.94	      3.41	      3.41	      7.18	      7.16	13.66	 5.901e-03	     -0.52	Gaussian	0.000000	0.000000
532	0	  0.025757	  0.102556	     -1.00	   2439.00	   1473.39	      2.72	      2.60	      5.72	      5.47	14.96	 3.700e-03	     -0.52	Gaussian	0.000000	0.000000
533	0	  0.025156	  0.091028	     -1.00	    900.27	    770.99	      2.71	      2.17	      5.70	      4.57	12.52	 9.745e-04	     -0.52	Gaussian	0.000000	0.000000
534	0	  0.025588	  0.125357	     -1.00	   4897.94	   1458.26	      2.26	      1.90	      4.74	      3.99	70.16	 9.983e-04	     -0.52	Gaussian	0.000000	0.000000
535	0	  0.025655	  0.128221	     -1.00	   5309.92	   1675.29	      2.23	      1.87	      4.69	      3.93	60.68	 1.067e-03	     -0.51	Gaussian	0.000000	0.000000
536	0	  0.025823	  0.138695	     -1.00	   4030.23	    893.80	      2.08	      1.85	      4.38	      3.88	72.44	 1.010e-03	     -0.51	Gaussian	0.000000	0.000000
537	0	  0.025209	  0.089530	     -1.00	    626.02	   2059.57	      2.63	      2.26	      5.53	      4.75	-14.96	 8.901e-04	     -0.51	Gaussian	0.000000	0.000000
538	0	  0.025291	  0.111859	     -1.00	   5945.87	   2844.56	      2.59	      1.83	      5.44	      3.85	51.98	 1.072e-03	     -0.51	Gaussian	0.000000	0.000000
539	0	  0.025920	  0.121298	     -1.00	   3068.91	   3690.43	      2.09	      2.09	      4.40	      4.40	0.41	 1.598e-03	     -0.51	Gaussian	0.000000	0.000000
540	0	  0.025244	  0.115348	     -1.00	   5046.18	     12.04	      2.36	      1.95	      4.96	      4.09	45.50	 1.166e-03	     -0.51	Gaussian	0.000000	0.000000
541	0	  0.024831	  0.087034	     -1.00	   5267.24	     21.08	      2.96	      2.18	      6.22	      4.57	50.16	 1.754e-03	     -0.51	Gaussian	0.000000	0.000000
542	0	  0.025790	  0.112081	     -1.00	   3770.03	   4020.48	      2.27	      1.93	      4.78	      4.06	77.26	 1.176e-03	     -0.51	Gaussian	0.000000	0.000000
543	0	  0.025575	  0.106735	     -1.00	   1021.76	   2119.51	      2.23	      2.22	      4.68	      4.68	76.59	 1.176e-03	     -0.51	Gaussian	0.000000	0.000000
544	0	  0.025855	  0.119590	     -1.00	   3712.08	   3301.81	      2.34	      1.87	      4.93	      3.94	83.72	 9.227e-04	     -0.51	Gaussian	0.000000	0.000000
545	0	  0.024918	  0.078224	     -1.00	    757.13	    233.62	      2.98	      2.25	      6.27	      4.73	8.67	 1.027e-03	     -0.51	Gaussian	0.000000	0.000000
546	0	  0.025054	  0.072887	     -1.00	    110.75	   1485.92	      3.11	      2.32	      6.53	      4.87	-7.41	 1.072e-03	     -0.51	Gaussian	0.000000	0.000000
547	0	  0.025891	  0.123340	     -1.00	   1826.53	   2263.92	      2.06	      2.06	      4.33	      4.32	24.36	 1.092e-03	     -0.51	Gaussian	0.000000	0.000000
548	0	  0.026105	  0.117171	     -1.00	   4477.43	   2385.26	      2.02	      1.79	      4.26	      3.76	76.08	 2.126e-03	     -0.50	Gaussian	0.000000	0.000000
549	0	  0.025218	  0.077348	     -1.00	   6294.18	   2910.61	      3.37	      3.35	      7.09	      7.04	18.48	 4.060e-03	     -0.50	Gaussian	0.000000	0.000000
550	0	  0.025613	  0.124345	     -1.00	   2198.96	    368.64	      2.15	      1.95	      4.52	      4.09	43.39	 1.074e-03	     -0.50	Gaussian	0.000000	0.000000
551	0	  0.025162	  0.083523	     -1.00	    469.86	   2349.46	      2.49	      2.49	      5.24	      5.24	-89.62	 1.201e-03	     -0.50	Gaussian	0.000000	0.000000
552	0	  0.025855	  0.107908	     -1.00	   5122.37	    776.69	      1.84	      1.64	      3.87	      3.44	69.11	 4.786e-03	     -0.50	Gaussian	0.000000	0.000000
553	0	  0.025808	  0.089205	     -1.00	   2774.96	   2672.34	      2.98	      2.90	      6.26	      6.11	12.33	 4.399e-03	     -0.50	Gaussian	0.000000	0.000000
554	0	  0.025655	  0.121891	     -1.00	   2252.88	    522.45	      2.13	      1.99	      4.48	      4.18	57.86	 9.986e-04	     -0.50	Gaussian	0.000000	0.000000
555	0	  0.026196	  0.118855	     -1.00	   3308.92	   3442.83	      2.34	      1.85	      4.93	      3.88	85.47	 1.615e-03	     -0.50	Gaussian	0.000000	0.000000
556	0	  0.024730	  0.068255	     -1.00	   6013.04	     36.12	      4.10	      2.10	      8.61	      4.42	28.18	 2.300e-03	     -0.50	Gaussian	0.000000	0.000000
557	0	  0.026214	  0.121054	     -1.00	   2338.90	    263.40	      2.18	      1.95	      4.57	      4.10	47.69	 2.417e-03	     -0.50	Gaussian	0.000000	0.000000
558	0	  0.025620	  0.102894	     -1.00	   1269.01	   2970.65	      2.36	      2.10	      4.96	      4.42	-57.38	 8.557e-04	     -0.50	Gaussian	0.000000	0.000000
559	0	  0.026059	  0.085690	     -1.00	   2717.37	   2948.33	      1.90	      1.28	      4.00	      2.68	65.30	 5.528e-03	     -0.50	Gaussian	0.000000	0.000000
560	0	  0.024920	  0.063374	     -1.00	    380.13	    654.20	      3.15	      3.15	      6.62	      6.62	87.36	 1.960e-03	     -0.50	Gaussian	0.000000	0.000000
561	0	  0.026707	  0.114594	     -1.00	   3091.60	   1919.49	      2.30	      1.93	      4.84	      4.06	-83.18	 9.357e-04	     -0.50	Gaussian	0.000000	0.000000
562	0	  0.026041	  0.093061	     -1.00	   2671.14	    973.40	      3.43	      2.28	      7.21	      4.80	4.16	 4.678e-03	     -0.50	Gaussian	0.000000	0.000000
563	0	  0.026050	  0.117848	     -1.00	   3165.24	   2245.91	      2.28	      1.89	      4.80	      3.96	-85.30	 9.895e-04	     -0.49	Gaussian	0.000000	0.000000
564	0	  0.025763	  0.125856	     -1.00	   3221.82	    645.68	      2.12	      1.89	      4.46	      3.98	79.79	 9.949e-04	     -0.49	Gaussian	0.000000	0.000000
565	0	  0.025230	  0.051642	     -1.00	   5541.14	   2211.99	      3.91	      3.71	      8.22	      7.80	79.12	 4.968e-03	     -0.49	Gaussian	0.000000	0.000000
566	0	  0.025273	  0.090622	     -1.00	    600.63	   2145.83	      2.57	      2.17	      5.40	      4.55	-2.31	 9.996e-04	     -0.49	Gaussian	0.000000	0.000000
567	0	  0.024466	  0.052185	     -1.00	   5925.18	   1146.31	      4.32	      2.31	      9.09	      4.85	37.80	 2.784e-03	     -0.49	Gaussian	0.000000	0.000000
568	0	  0.025406	  0.107367	     -1.00	   5749.81	   2175.50	      2.47	      1.90	      5.18	      3.99	53.70	 9.159e-04	     -0.49	Gaussian	0.000000	0.000000
569	0	  0.025709	  0.114472	     -1.00	   2744.26	    385.51	      1.65	      1.48	      3.47	      3.11	35.26	 4.333e-03	     -0.49	Gaussian	0.000000	0.000000
570	0	  0.024943	  0.059503	     -1.00	    423.79	   3742.61	      2.91	      2.91	      6.11	      6.11	20.16	 1.158e-03	     -0.49	Gaussian	0.000000	0.000000
571	0	  0.026047	  0.084034	     -1.00	   2696.07	   2614.31	      3.11	      2.26	      6.54	      4.76	-0.51	 3.833e-03	     -0.49	Gaussian	0.000000	0.000000
572	0	  0.025137	  0.082329	     -1.00	   6029.21	   3757.81	      1.90	      1.61	      3.99	      3.39	69.72	 4.585e-03	     -0.49	Gaussian	0.000000	0.000000
573	0	  0.025067	  0.058058	     -1.00	    302.68	   3759.92	      3.34	      2.59	      7.01	      5.44	-41.69	 1.002e-03	     -0.49	Gaussian	0.000000	0.000000
574	0	  0.025963	  0.121009	     -1.00	   2508.88	   3185.62	      2.03	      2.03	      4.27	      4.27	41.68	 1.352e-03	     -0.49	Gaussian	0.000000	0.000000
575	0	  0.025641	  0.076535	     -1.00	   1512.54	   2234.38	      3.14	      2.87	      6.59	      6.04	83.79	 3.598e-03	     -0.49	Gaussian	0.000000	0.000000
576	0	  0.025951	  0.094725	     -1.00	   4746.52	   1143.88	      1.85	      1.61	      3.89	      3.38	72.22	 5.654e-03	     -0.49	Gaussian	0.000000	0.000000
577	0	  0.024855	  0.080300	     -1.00	   6145.87	   3869.59	      3.15	      1.98	      6.62	      4.16	57.51	 8.571e-04	     -0.49	Gaussian	0.000000	0.000000
578	0	  0.025219	  0.093292	     -1.00	   5549.67	   3458.16	      3.01	      2.07	      6.32	      4.34	63.14	 1.349e-03	     -0.49	Gaussian	0.000000	0.000000
579	0	  0.025952	  0.071766	     -1.00	   3144.74	   2434.63	      3.53	      3.48	      7.42	      7.32	9.27	 5.667e-03	     -0.48	Gaussian	0.000000	0.000000
580	0	  0.024882	  0.072784	     -1.00	   5829.49	   3558.09	      3.46	      2.17	      7.28	      4.56	56.46	 1.562e-03	     -0.48	Gaussian	0.000000	0.000000
581	0	  0.025291	  0.054736	     -1.00	   1341.95	   1061.11	      3.81	      3.55	      8.01	      7.46	78.27	 4.237e-03	     -0.48	Gaussian	0.000000	0.000000
582	0	  0.025855	  0.121984	     -1.00	   2034.98	   2648.57	      2.01	      2.01	      4.23	      4.23	-19.28	 1.133e-03	     -0.48	Gaussian	0.000000	0.000000
583	0	  0.025923	  0.105465	     -1.00	   3576.74	   2802.67	      2.39	      1.96	      5.02	      4.12	88.11	 8.129e-04	     -0.48	Gaussian	0.000000	0.000000
584	0	  0.025842	  0.113049	     -1.00	   3495.72	   3774.71	      2.34	      1.86	      4.92	      3.92	83.05	 7.950e-04	     -0.48	Gaussian	0.000000	0.000000
585	0	  0.025513	  0.085683	     -1.00	   4524.45	   3798.11	      2.88	      2.35	      6.05	      4.95	6.36	 2.682e-03	     -0.48	Gaussian	0.000000	0.000000
586	0	  0.026328	  0.106667	     -1.00	   2327.39	   3201.06	      1.86	      1.38	      3.91	      2.90	-75.44	 5.513e-03	     -0.48	Gaussian	0.000000	0.000000
587	0	  0.025833	  0.087536	     -1.00	   4662.13	   2001.41	      3.30	      2.32	      6.93	      4.87	4.75	 4.274e-03	     -0.48	Gaussian	0.000000	0.000000
588	0	  0.025459	  0.094500	     -1.00	   1487.88	   3639.42	      2.52	      2.06	      5.30	      4.33	-67.14	 7.813e-04	     -0.48	Gaussian	0.000000	0.000000
589	0	  0.025023	  0.065140	     -1.00	   5477.67	   2816.30	      3.53	      2.54	      7.42	      5.33	58.73	 2.858e-03	     -0.48	Gaussian	0.000000	0.000000
590	0	  0.025664	  0.104304	     -1.00	   3359.74	   3961.65	      2.47	      1.90	      5.20	      3.98	82.62	 7.608e-04	     -0.48	Gaussian	0.000000	0.000000
591	0	  0.025875	  0.093862	     -1.00	   3324.79	   2595.26	      2.68	      2.42	      5.64	      5.08	59.91	 2.365e-03	     -0.48	Gaussian	0.000000	0.000000
592	0	  0.025054	  0.056423	     -1.00	   2763.19	   1152.52	      3.64	      2.43	      7.66	      5.10	39.98	 3.100e-03	     -0.48	Gaussian	0.000000	0.000000
593	0	  0.025831	  0.102694	     -1.00	   4305.73	   3336.30	      2.85	      2.78	      5.99	      5.83	26.46	 4.196e-03	     -0.48	Gaussian	0.000000	0.000000
594	0	  0.025652	  0.074784	     -1.00	   1865.53	   2072.04	      3.57	      2.48	      7.50	      5.21	15.80	 4.173e-03	     -0.48	Gaussian	0.000000	0.000000
595	0	  0.024964	  0.068285	     -1.00	    174.54	   1529.64	      2.67	      2.67	      5.61	      5.61	88.35	 1.354e-03	     -0.48	Gaussian	0.000000	0.000000
596	0	  0.025499	  0.056092	     -1.00	   1431.00	   1381.20	      3.39	      3.09	      7.12	      6.49	73.07	 3.749e-03	     -0.48	Gaussian	0.000000	0.000000
597	0	  0.025970	  0.114087	     -1.00	   2372.13	    198.03	      2.19	      1.94	      4.60	      4.08	55.26	 1.309e-03	     -0.48	Gaussian	0.000000	0.000000
598	0	  0.024891	  0.064035	     -1.00	   5905.74	   2572.26	      3.68	      2.22	      7.74	      4.67	53.06	 2.203e-03	     -0.48	Gaussian	0.000000	0.000000
599	0	  0.025285	  0.105644	     -1.00	   5508.65	    631.90	      2.37	      1.93	      4.99	      4.05	42.87	 1.054e-03	     -0.47	Gaussian	0.000000	0.000000
600	0	  0.025895	  0.087912	     -1.00	   3019.51	   1823.05	      2.71	      2.48	      5.69	      5.21	-13.47	 2.269e-03	     -0.47	Gaussian	0.000000	0.000000
601	0	  0.025051	  0.071679	     -1.00	    501.40	    484.97	      2.96	      2.28	      6.21	      4.80	2.71	 9.344e-04	     -0.47	Gaussian	0.000000	0.000000
602	0	  0.025662	  0.075975	     -1.00	   2596.16	   1453.39	      3.13	      2.11	      6.59	      4.44	-55.00	 8.329e-04	     -0.47	Gaussian	0.000000	0.000000
603	0	  0.024953	  0.083524	     -1.00	   6050.55	   3629.43	      3.00	      1.93	      6.30	      4.05	56.51	 8.328e-04	     -0.47	Gaussian	0.000000	0.000000
604	0	  0.025413	  0.074498	     -1.00	   2098.17	   1045.18	      3.46	      2.71	      7.27	      5.70	75.35	 3.878e-03	     -0.47	Gaussian	0.000000	0.000000
605	0	  0.025341	  0.075205	     -1.00	   2505.33	    263.20	      3.52	      2.74	      7.39	      5.76	32.10	 3.855e-03	     -0.47	Gaussian	0.000000	0.000000
606	0	  0.025269	  0.075235	     -1.00	   5426.22	   1596.35	      3.62	      2.60	      7.61	      5.47	62.22	 3.647e-03	     -0.47	Gaussian	0.000000	0.000000
607	0	  0.025426	  0.086845	     -1.00	   1593.45	    511.24	      2.96	      2.79	      6.22	      5.86	56.59	 3.307e-03	     -0.47	Gaussian	0.000000	0.000000
608	0	  0.024781	  0.065317	     -1.00	    620.36	     39.61	      2.71	      2.71	      5.70	      5.70	69.85	 1.458e-03	     -0.47	Gaussian	0.000000	0.000000
609	0	  0.025755	  0.103071	     -1.00	   2013.13	   3006.46	      2.37	      2.37	      4.99	      4.98	-3.24	 1.874e-03	     -0.47	Gaussian	0.000000	0.000000
610	0	  0.025404	  0.042054	     -1.00	   3671.23	    767.03	      4.11	      3.64	      8.65	      7.64	81.88	 5.032e-03	     -0.47	Gaussian	0.000000	0.000000
611	0	  0.026324	  0.064648	     -1.00	   1374.82	   1437.01	      1.76	      1.70	      3.71	      3.58	71.38	 6.995e-03	     -0.47	Gaussian	0.000000	0.000000
612	0	  0.025984	  0.090469	     -1.00	   2650.23	   2478.65	      2.76	      2.36	      5.80	      4.97	21.99	 2.872e-03	     -0.47	Gaussian	0.000000	0.000000
613	0	  0.025790	  0.113560	     -1.00	   4527.88	   1589.25	      2.23	      1.89	      4.69	      3.97	77.87	 9.020e-04	     -0.47	Gaussian	0.000000	0.000000
614	0	  0.025860	  0.109185	     -1.00	   3930.70	   1676.54	      2.27	      1.93	      4.77	      4.05	87.99	 8.450e-04	     -0.47	Gaussian	0.000000	0.000000
615	0	  0.024544	  0.053602	     -1.00	    332.01	    199.53	      3.68	      2.42	      7.74	      5.09	10.41	 1.083e-03	     -0.47	Gaussian	0.000000	0.000000
616	0	  0.025771	  0.127150	     -1.00	   3195.95	    763.50	      2.07	      1.81	      4.35	      3.81	75.58	 9.023e-04	     -0.47	Gaussian	0.000000	0.000000
617	0	  0.025680	  0.062000	     -1.00	   2486.02	   3729.69	      1.66	      1.57	      3.48	      3.30	77.09	 6.267e-03	     -0.47	Gaussian	0.000000	0.000000
618	0	  0.025711	  0.078635	     -1.00	   4284.32	   3442.40	      2.90	      2.38	      6.10	      5.00	19.75	 3.083e-03	     -0.47	Gaussian	0.000000	0.000000
619	0	  0.025486	  0.099312	     -1.00	   1416.57	   1016.03	      2.18	      2.18	      4.59	      4.59	75.70	 9.521e-04	     -0.47	Gaussian	0.000000	0.000000
620	0	  0.025750	  0.070874	     -1.00	   4136.25	   2301.03	      3.76	      3.72	      7.90	      7.82	1.99	 5.246e-03	     -0.47	Gaussian	0.000000	0.000000
621	0	  0.025686	  0.059946	     -1.00	    183.86	   3335.69	      3.03	      2.60	      6.38	      5.46	-29.71	 2.587e-03	     -0.47	Gaussian	0.000000	0.000000
622	0	  0.025740	  0.080557	     -1.00	   1174.54	   3616.53	      2.68	      2.18	      5.64	      4.58	-57.70	 1.747e-03	     -0.46	Gaussian	0.000000	0.000000
623	0	  0.025798	  0.108975	     -1.00	   4364.68	   1482.95	      2.25	      1.92	      4.73	      4.03	86.33	 8.931e-04	     -0.46	Gaussian	0.000000	0.000000
624	0	  0.024952	  0.068837	     -1.00	    537.30	    551.92	      2.61	      2.61	      5.50	      5.48	46.65	 1.338e-03	     -0.46	Gaussian	0.000000	0.000000
625	0	  0.025483	  0.073420	     -1.00	   2506.51	    582.45	      3.30	      2.95	      6.94	      6.19	77.42	 4.191e-03	     -0.46	Gaussian	0.000000	0.000000
626	0	  0.026584	  0.093571	     -1.00	   4914.97	   2547.61	      2.70	      2.65	      5.68	      5.56	32.23	 5.471e-03	     -0.46	Gaussian	0.000000	0.000000
627	0	  0.026163	  0.103337	     -1.00	   3229.73	   2215.80	      2.33	      1.94	      4.89	      4.08	-83.34	 9.091e-04	     -0.46	Gaussian	0.000000	0.000000
628	0	  0.025641	  0.111622	     -1.00	   5152.76	   1928.61	      2.24	      1.86	      4.71	      3.92	65.13	 8.761e-04	     -0.46	Gaussian	0.000000	0.000000
629	0	  0.025196	  0.083180	     -1.00	    795.69	   1100.71	      2.37	      2.37	      4.97	      4.97	68.66	 1.217e-03	     -0.46	Gaussian	0.000000	0.000000
630	0	  0.025358	  0.083395	     -1.00	    906.71	   1000.68	      2.57	      2.17	      5.40	      4.56	7.87	 8.798e-04	     -0.46	Gaussian	0.000000	0.000000
631	0	  0.025300	  0.043562	     -1.00	   2824.13	   2781.69	      4.50	      2.38	      9.45	      5.00	49.87	 3.343e-03	     -0.46	Gaussian	0.000000	0.000000
632	0	  0.025672	  0.088656	     -1.00	   2580.34	   1039.19	      3.15	      2.56	      6.63	      5.37	68.64	 3.613e-03	     -0.46	Gaussian	0.000000	0.000000
633	0	  0.025695	  0.067935	     -1.00	   2070.43	   1760.01	      3.52	      3.41	      7.39	      7.17	85.78	 5.275e-03	     -0.46	Gaussian	0.000000	0.000000
634	0	  0.025546	  0.091798	     -1.00	   3471.12	   4143.14	      1.26	      1.26	      2.65	      2.65	82.96	 5.189e-03	     -0.46	Gaussian	0.000000	0.000000
635	0	  0.025369	  0.086937	     -1.00	    920.41	   1951.76	      2.31	      2.31	      4.85	      4.85	-81.17	 9.726e-04	     -0.46	Gaussian	0.000000	0.000000
636	0	  0.024931	  0.091392	     -1.00	   5512.94	     44.00	      2.56	      1.98	      5.39	      4.15	39.84	 9.869e-04	     -0.46	Gaussian	0.000000	0.000000
637	0	  0.026015	  0.082702	     -1.00	   3781.04	   2129.14	      2.94	      2.32	      6.17	      4.87	72.42	 2.560e-03	     -0.46	Gaussian	0.000000	0.000000
638	0	  0.025432	  0.071307	     -1.00	    900.48	   1102.62	      1.84	      1.81	      3.88	      3.81	77.89	 4.074e-03	     -0.46	Gaussian	0.000000	0.000000
639	0	  0.025393	  0.049315	     -1.00	   3101.41	   2488.11	      3.81	      3.54	      8.02	      7.45	0.32	 3.599e-03	     -0.46	Gaussian	0.000000	0.000000
640	0	  0.025561	  0.058979	     -1.00	   2375.81	   1734.02	      3.35	      3.31	      7.05	      6.96	80.21	 3.879e-03	     -0.46	Gaussian	0.000000	0.000000
641	0	  0.025429	  0.101583	     -1.00	   5086.07	   3676.09	      2.48	      1.80	      5.21	      3.78	63.63	 8.242e-04	     -0.45	Gaussian	0.000000	0.000000
642	0	  0.025308	  0.040066	     -1.00	    657.22	   2117.13	      4.21	      4.21	      8.85	      8.85	88.14	 3.713e-03	     -0.45	Gaussian	0.000000	0.000000
643	0	  0.025953	  0.118418	     -1.00	   3129.09	   2960.99	      1.97	      1.97	      4.13	      4.13	23.71	 1.228e-03	     -0.45	Gaussian	0.000000	0.000000
644	0	  0.025534	  0.068969	     -1.00	   5798.50	    436.85	      1.70	      1.53	      3.58	      3.22	70.91	 5.539e-03	     -0.45	Gaussian	0.000000	0.000000
645	0	  0.026022	  0.100284	     -1.00	   3022.69	   2514.64	      2.34	      1.94	      4.91	      4.08	-88.01	 7.956e-04	     -0.45	Gaussian	0.000000	0.000000
646	0	  0.025854	  0.103529	     -1.00	   3003.50	   3422.73	      2.30	      1.90	      4.82	      4.00	83.97	 7.306e-04	     -0.45	Gaussian	0.000000	0.000000
647	0	  0.025991	  0.074978	     -1.00	   3786.19	   4227.34	      2.87	      2.43	      6.04	      5.10	18.61	 2.955e-03	     -0.45	Gaussian	0.000000	0.000000
648	0	  0.025490	  0.092971	     -1.00	    955.74	   1122.24	      1.86	      1.51	      3.91	      3.18	47.79	 3.714e-03	     -0.45	Gaussian	0.000000	0.000000
649	0	  0.026061	  0.090459	     -1.00	   3116.29	   3427.23	      1.72	      1.49	      3.63	      3.13	79.79	 4.499e-03	     -0.45	Gaussian	0.000000	0.000000
650	0	  0.025976	  0.093956	     -1.00	   3507.66	   1856.42	      2.36	      2.03	      4.97	      4.26	-77.17	 8.096e-04	     -0.45	Gaussian	0.000000	0.000000
651	0	  0.025869	  0.099546	     -1.00	   3875.86	   2083.98	      2.35	      1.92	      4.94	      4.05	88.88	 7.310e-04	     -0.45	Gaussian	0.000000	0.000000
652	0	  0.025762	  0.113971	     -1.00	   3187.89	    902.70	      2.12	      1.86	      4.46	      3.91	87.53	 8.522e-04	     -0.45	Gaussian	0.000000	0.000000
653	0	  0.025090	  0.074953	     -1.00	    575.80	   1366.90	      2.45	      2.45	      5.15	      5.15	-59.86	 1.161e-03	     -0.45	Gaussian	0.000000	0.000000
654	0	  0.025779	  0.102765	     -1.00	   1910.97	   2302.45	      2.57	      2.55	      5.40	      5.37	9.07	 3.393e-03	     -0.45	Gaussian	0.000000	0.000000
655	0	  0.025943	  0.102642	     -1.00	   2995.94	   2445.86	      2.32	      1.88	      4.88	      3.95	-83.01	 8.250e-04	     -0.45	Gaussian	0.000000	0.000000
656	0	  0.025441	  0.063146	     -1.00	   1290.45	   3884.20	      3.28	      3.23	      6.90	      6.79	-8.23	 2.950e-03	     -0.44	Gaussian	0.000000	0.000000
657	0	  0.025151	  0.088903	     -1.00	   6212.14	   1788.87	      2.70	      1.86	      5.67	      3.92	45.17	 9.910e-04	     -0.44	Gaussian	0.000000	0.000000
658	0	  0.025054	  0.066013	     -1.00	    599.23	   2611.28	      3.28	      2.23	      6.90	      4.69	8.25	 1.524e-03	     -0.44	Gaussian	0.000000	0.000000
659	0	  0.026230	  0.117281	     -1.00	   3796.18	    859.58	      2.83	      2.48	      5.95	      5.22	29.04	 4.388e-03	     -0.44	Gaussian	0.000000	0.000000
660	0	  0.025874	  0.103132	     -1.00	   2565.38	   1994.62	      2.28	      1.89	      4.78	      3.98	-82.94	 7.774e-04	     -0.44	Gaussian	0.000000	0.000000
661	0	  0.025410	  0.086425	     -1.00	   1422.70	   3442.81	      2.49	      2.06	      5.24	      4.32	-63.37	 7.133e-04	     -0.44	Gaussian	0.000000	0.000000
662	0	  0.026164	  0.104157	     -1.00	   2266.58	   2094.82	      2.22	      1.91	      4.67	      4.02	-82.23	 1.533e-03	     -0.44	Gaussian	0.000000	0.000000
663	0	  0.025774	  0.075962	     -1.00	   1154.46	   1662.88	      1.54	      1.45	      3.24	      3.05	78.07	 6.155e-03	     -0.44	Gaussian	0.000000	0.000000
664	0	  0.025305	  0.042275	     -1.00	   3685.40	   2165.15	      4.41	      2.46	      9.26	      5.17	85.51	 2.888e-03	     -0.44	Gaussian	0.000000	0.000000
665	0	  0.026038	  0.081425	     -1.00	   3215.08	   2317.42	      2.59	      2.39	      5.45	      5.03	2.98	 2.393e-03	     -0.44	Gaussian	0.000000	0.000000
666	0	  0.026537	  0.113352	     -1.00	   2830.29	   3323.82	      2.17	      1.79	      4.57	      3.76	86.06	 3.697e-03	     -0.44	Gaussian	0.000000	0.000000
667	0	  0.025112	  0.072947	     -1.00	    562.88	   1526.65	      2.46	      2.46	      5.17	      5.17	70.06	 9.829e-04	     -0.44	Gaussian	0.000000	0.000000
668	0	  0.024707	  0.064328	     -1.00	   6020.73	    469.20	      2.99	      2.82	      6.27	      5.93	74.90	 1.833e-03	     -0.44	Gaussian	0.000000	0.000000
669	0	  0.025637	  0.071709	     -1.00	   4375.71	   1658.14	      3.15	      2.18	      6.62	      4.59	55.12	 2.494e-03	     -0.44	Gaussian	0.000000	0.000000
670	0	  0.024734	  0.049807	     -1.00	     56.50	   3245.23	      3.37	      2.62	      7.08	      5.50	-30.30	 7.152e-04	     -0.44	Gaussian	0.000000	0.000000
671	0	  0.024701	  0.042265	     -1.00	   1174.90	    710.30	      4.04	      2.64	      8.50	      5.55	-24.13	 2.108e-03	     -0.44	Gaussian	0.000000	0.000000
672	0	  0.025698	  0.104652	     -1.00	   1932.02	    946.11	      2.10	      1.99	      4.42	      4.19	58.52	 9.250e-04	     -0.44	Gaussian	0.000000	0.000000
673	0	  0.025859	  0.075749	     -1.00	   2600.46	   2308.07	      3.29	      2.89	      6.91	      6.06	-18.89	 4.141e-03	     -0.44	Gaussian	0.000000	0.000000
674	0	  0.025855	  0.099251	     -1.00	   3094.89	   3624.36	      2.10	      2.10	      4.41	      4.41	22.90	 1.401e-03	     -0.44	Gaussian	0.000000	0.000000
675	0	  0.025661	  0.092636	     -1.00	   2599.02	    945.45	      2.39	      2.27	      5.02	      4.78	2.63	 1.811e-03	     -0.44	Gaussian	0.000000	0.000000
676	0	  0.025054	  0.066667	     -1.00	    517.37	   1087.68	      2.56	      2.56	      5.37	      5.37	77.64	 1.270e-03	     -0.44	Gaussian	0.000000	0.000000
677	0	  0.025896	  0.098830	     -1.00	   1640.13	   3140.35	      1.75	      1.70	      3.67	      3.58	-87.44	 3.572e-03	     -0.43	Gaussian	0.000000	0.000000
678	0	  0.025370	  0.043829	     -1.00	   5071.10	   2709.06	      3.61	      3.38	      7.59	      7.10	79.84	 3.732e-03	     -0.43	Gaussian	0.000000	0.000000
679	0	  0.025643	  0.065304	     -1.00	   2105.45	   1217.20	      1.85	      1.40	      3.89	      2.93	5.09	 5.041e-03	     -0.43	Gaussian	0.000000	0.000000
680	0	  0.025107	  0.048869	     -1.00	   2731.01	   3307.63	      3.65	      2.54	      7.68	      5.34	2.21	 2.814e-03	     -0.43	Gaussian	0.000000	0.000000
681	0	  0.025015	  0.064536	     -1.00	    417.62	   2418.77	      2.77	      2.40	      5.82	      5.05	-19.20	 7.790e-04	     -0.43	Gaussian	0.000000	0.000000
682	0	  0.025120	  0.075498	     -1.00	    594.36	   1994.05	      2.38	      2.38	      5.01	      5.01	-86.85	 1.052e-03	     -0.43	Gaussian	0.000000	0.000000
683	0	  0.025589	  0.108299	     -1.00	   3541.97	    452.01	      2.10	      1.88	      4.42	      3.95	75.44	 8.554e-04	     -0.43	Gaussian	0.000000	0.000000
684	0	  0.025493	  0.097427	     -1.00	   2215.58	    395.63	      2.20	      2.00	      4.62	      4.20	46.46	 7.870e-04	     -0.43	Gaussian	0.000000	0.000000
685	0	  0.025026	  0.064700	     -1.00	    801.62	    611.58	      2.87	      2.30	      6.02	      4.84	18.46	 1.109e-03	     -0.43	Gaussian	0.000000	0.000000
686	0	  0.025308	  0.069520	     -1.00	   6127.25	   4026.83	      2.82	      1.85	      5.93	      3.89	60.91	 2.468e-03	     -0.43	Gaussian	0.000000	0.000000
687	0	  0.025638	  0.099024	     -1.00	   1668.13	   1302.88	      2.13	      2.02	      4.47	      4.25	76.25	 8.065e-04	     -0.43	Gaussian	0.000000	0.000000
688	0	  0.025747	  0.053435	     -1.00	   3317.10	   3805.73	      1.54	      1.47	      3.24	      3.09	74.17	 6.134e-03	     -0.43	Gaussian	0.000000	0.000000
689	0	  0.025703	  0.068529	     -1.00	   4199.28	   1598.29	      3.57	      2.63	      7.50	      5.53	68.80	 3.432e-03	     -0.43	Gaussian	0.000000	0.000000
690	0	  0.025149	  0.061260	     -1.00	    546.26	   3468.61	      2.83	      2.45	      5.95	      5.16	-28.40	 8.507e-04	     -0.43	Gaussian	0.000000	0.000000
691	0	  0.025675	  0.066569	     -1.00	   3752.50	   3270.05	      3.26	      3.14	      6.85	      6.60	81.13	 3.237e-03	     -0.43	Gaussian	0.000000	0.000000
692	0	  0.025460	  0.091961	     -1.00	   1954.76	    153.78	      2.37	      1.95	      4.97	      4.11	32.60	 1.121e-03	     -0.43	Gaussian	0.000000	0.000000
693	0	  0.025939	  0.094220	     -1.00	   3564.72	   1799.53	      2.32	      1.93	      4.88	      4.06	-81.24	 8.039e-04	     -0.42	Gaussian	0.000000	0.000000
694	0	  0.025155	  0.069166	     -1.00	    613.44	   2500.57	      2.67	      2.28	      5.62	      4.79	-18.07	 7.091e-04	     -0.42	Gaussian	0.000000	0.000000
695	0	  0.025175	  0.083281	     -1.00	   1431.88	    564.80	      2.43	      2.08	      5.11	      4.36	23.61	 7.399e-04	     -0.42	Gaussian	0.000000	0.000000
696	0	  0.025864	  0.079951	     -1.00	   2656.47	   2142.21	      2.80	      2.22	      5.89	      4.66	56.71	 2.097e-03	     -0.42	Gaussian	0.000000	0.000000
697	0	  0.025887	  0.082152	     -1.00	   2803.96	   1420.38	      1.64	      1.45	      3.44	      3.05	15.19	 4.525e-03	     -0.42	Gaussian	0.000000	0.000000
698	0	  0.025858	  0.079723	     -1.00	   2813.23	   1311.36	      3.69	      2.26	      7.75	      4.74	5.27	 4.632e-03	     -0.42	Gaussian	0.000000	0.000000
699	0	  0.025562	  0.070804	     -1.00	   3560.20	    812.73	      2.87	      2.41	      6.03	      5.07	19.50	 2.701e-03	     -0.42	Gaussian	0.000000	0.000000
700	0	  0.024904	  0.058034	     -1.00	    105.69	   1889.72	      3.05	      2.36	      6.40	      4.96	-10.11	 7.841e-04	     -0.42	Gaussian	0.000000	0.000000
701	0	  0.025786	  0.069597	     -1.00	   2714.22	   3713.39	      2.99	      2.41	      6.29	      5.07	4.93	 3.289e-03	     -0.42	Gaussian	0.000000	0.000000
702	0	  0.025336	  0.082191	     -1.00	   5065.54	   3576.68	      2.62	      1.93	      5.50	      4.06	65.91	 6.282e-04	     -0.42	Gaussian	0.000000	0.000000
703	0	  0.025236	  0.063736	     -1.00	   5810.48	    590.96	      1.85	      1.66	      3.90	      3.49	69.48	 4.641e-03	     -0.42	Gaussian	0.000000	0.000000
704	0	  0.025832	  0.079543	     -1.00	   3670.25	   3244.61	      1.89	      1.89	      3.97	      3.97	14.57	 2.636e-03	     -0.42	Gaussian	0.000000	0.000000
705	0	  0.025264	  0.083912	     -1.00	   1643.57	    323.76	      2.40	      2.06	      5.05	      4.33	27.93	 8.107e-04	     -0.42	Gaussian	0.000000	0.000000
706	0	  0.025411	  0.075109	     -1.00	   1480.31	   3719.55	      2.57	      2.15	      5.40	      4.51	-64.24	 7.077e-04	     -0.42	Gaussian	0.000000	0.000000
707	0	  0.024915	  0.063103	     -1.00	    309.88	   1854.70	      2.90	      2.27	      6.09	      4.77	-11.02	 7.767e-04	     -0.42	Gaussian	0.000000	0.000000
708	0	  0.025726	  0.099808	     -1.00	   4484.96	   1265.67	      2.20	      1.89	      4.62	      3.97	79.91	 8.554e-04	     -0.42	Gaussian	0.000000	0.000000
709	0	  0.024920	  0.061793	     -1.00	    337.32	   2436.81	      2.91	      2.31	      6.11	      4.85	-23.80	 6.851e-04	     -0.42	Gaussian	0.000000	0.000000
710	0	  0.024719	  0.061327	     -1.00	   5864.12	   1204.06	      3.28	      2.23	      6.89	      4.68	43.48	 1.546e-03	     -0.42	Gaussian	0.000000	0.000000
711	0	  0.024715	  0.037577	     -1.00	    197.86	   4234.01	      3.79	      2.90	      7.96	      6.09	-47.15	 9.166e-04	     -0.42	Gaussian	0.000000	0.000000
712	0	  0.025850	  0.099965	     -1.00	   2183.91	   3015.57	      2.03	      2.03	      4.26	      4.26	-9.31	 1.017e-03	     -0.42	Gaussian	0.000000	0.000000
713	0	  0.025697	  0.096376	     -1.00	   1897.30	   2169.85	      2.21	      1.93	      4.64	      4.06	-87.89	 7.239e-04	     -0.42	Gaussian	0.000000	0.000000
714	0	  0.025434	  0.037307	     -1.00	   3715.11	   3582.16	      4.35	      4.20	      9.14	      8.84	84.10	 4.035e-03	     -0.42	Gaussian	0.000000	0.000000
715	0	  0.025835	  0.086406	     -1.00	   3496.63	   2677.78	      2.39	      1.99	      5.02	      4.18	-89.87	 6.305e-04	     -0.41	Gaussian	0.000000	0.000000
716	0	  0.024949	  0.070093	     -1.00	   5729.05	   4092.37	      3.07	      1.90	      6.45	      4.00	60.80	 6.979e-04	     -0.41	Gaussian	0.000000	0.000000
717	0	  0.024777	  0.050953	     -1.00	     75.89	    940.83	      3.35	      2.39	      7.04	      5.03	-2.34	 9.583e-04	     -0.41	Gaussian	0.000000	0.000000
718	0	  0.025131	  0.052484	     -1.00	    114.78	    401.76	      3.22	      2.41	      6.77	      5.06	-0.75	 1.864e-03	     -0.41	Gaussian	0.000000	0.000000
719	0	  0.024907	  0.066942	     -1.00	    785.72	    369.89	      2.47	      2.47	      5.19	      5.19	-70.34	 1.169e-03	     -0.41	Gaussian	0.000000	0.000000
720	0	  0.025768	  0.096287	     -1.00	   3646.08	   3334.85	      2.32	      1.83	      4.87	      3.84	83.52	 7.454e-04	     -0.41	Gaussian	0.000000	0.000000
721	0	  0.025193	  0.093607	     -1.00	   5102.92	    224.85	      2.30	      1.89	      4.83	      3.96	45.66	 8.871e-04	     -0.41	Gaussian	0.000000	0.000000
722	0	  0.025668	  0.076543	     -1.00	   3684.79	   2933.24	      2.76	      2.21	      5.79	      4.65	73.81	 1.530e-03	     -0.41	Gaussian	0.000000	0.000000
723	0	  0.025632	  0.075967	     -1.00	   3212.26	   3642.51	      2.76	      2.08	      5.81	      4.37	-80.55	 1.307e-03	     -0.41	Gaussian	0.000000	0.000000
724	0	  0.024948	  0.074465	     -1.00	   6237.99	   2755.63	      2.84	      1.92	      5.97	      4.03	51.71	 6.951e-04	     -0.41	Gaussian	0.000000	0.000000
725	0	  0.025592	  0.085077	     -1.00	   2423.30	   4066.23	      1.89	      1.89	      3.98	      3.96	8.91	 2.011e-03	     -0.41	Gaussian	0.000000	0.000000
726	0	  0.024948	  0.069537	     -1.00	   5580.41	   4230.91	      3.04	      1.92	      6.39	      4.03	61.85	 6.671e-04	     -0.41	Gaussian	0.000000	0.000000
727	0	  0.025834	  0.088033	     -1.00	   3406.66	   3406.45	      2.39	      1.92	      5.03	      4.03	86.10	 7.140e-04	     -0.41	Gaussian	0.000000	0.000000
728	0	  0.025613	  0.096569	     -1.00	   1820.39	    934.93	      2.14	      1.95	      4.49	      4.10	42.19	 8.275e-04	     -0.41	Gaussian	0.000000	0.000000
729	0	  0.025717	  0.047375	     -1.00	   2458.97	   2472.08	      3.63	      3.23	      7.63	      6.79	81.05	 3.621e-03	     -0.41	Gaussian	0.000000	0.000000
730	0	  0.025535	  0.098666	     -1.00	   5276.83	   1237.72	      2.20	      1.85	      4.62	      3.89	55.66	 1.260e-03	     -0.41	Gaussian	0.000000	0.000000
731	0	  0.025464	  0.085431	     -1.00	   4680.56	   3630.01	      2.47	      1.90	      5.19	      4.00	69.48	 6.689e-04	     -0.41	Gaussian	0.000000	0.000000
732	0	  0.026007	  0.091397	     -1.00	   2504.41	   1472.52	      1.69	      1.52	      3.54	      3.19	72.12	 3.933e-03	     -0.41	Gaussian	0.000000	0.000000
733	0	  0.024679	  0.066759	     -1.00	   6342.83	    597.09	      2.91	      2.05	      6.12	      4.31	39.01	 9.326e-04	     -0.41	Gaussian	0.000000	0.000000
734	0	  0.025505	  0.093935	     -1.00	   4292.75	    396.03	      1.52	      1.42	      3.19	      2.99	53.40	 3.723e-03	     -0.41	Gaussian	0.000000	0.000000
735	0	  0.024597	  0.047936	     -1.00	     99.30	    111.69	      3.41	      2.44	      7.16	      5.13	-0.60	 1.378e-03	     -0.40	Gaussian	0.000000	0.000000
736	0	  0.025659	  0.101931	     -1.00	   3470.37	    668.01	      2.08	      1.87	      4.38	      3.92	77.55	 7.893e-04	     -0.40	Gaussian	0.000000	0.000000
737	0	  0.025547	  0.093454	     -1.00	   2177.49	    491.62	      2.18	      1.94	      4.59	      4.09	42.84	 7.120e-04	     -0.40	Gaussian	0.000000	0.000000
738	0	  0.026331	  0.096333	     -1.00	   4454.90	   2138.60	      2.20	      1.87	      4.62	      3.93	83.80	 2.576e-03	     -0.40	Gaussian	0.000000	0.000000
739	0	  0.025655	  0.092002	     -1.00	   4888.37	   2387.74	      2.24	      1.91	      4.71	      4.01	70.01	 7.312e-04	     -0.40	Gaussian	0.000000	0.000000
740	0	  0.025276	  0.043162	     -1.00	   5178.07	   1099.57	      3.77	      3.58	      7.92	      7.53	21.42	 2.852e-03	     -0.40	Gaussian	0.000000	0.000000
741	0	  0.025683	  0.089554	     -1.00	   4914.82	   2160.00	      2.30	      1.91	      4.83	      4.02	77.84	 7.227e-04	     -0.40	Gaussian	0.000000	0.000000
742	0	  0.024525	  0.050939	     -1.00	    157.77	    351.38	      2.77	      2.77	      5.83	      5.83	63.71	 1.155e-03	     -0.40	Gaussian	0.000000	0.000000
743	0	  0.025761	  0.068466	     -1.00	   2433.06	   3393.37	      2.82	      2.56	      5.93	      5.38	0.75	 2.459e-03	     -0.40	Gaussian	0.000000	0.000000
744	0	  0.025709	  0.089462	     -1.00	   2027.58	   1609.35	      2.42	      2.21	      5.09	      4.64	60.60	 1.448e-03	     -0.40	Gaussian	0.000000	0.000000
745	0	  0.024715	  0.033867	     -1.00	   4506.36	    387.17	      4.76	      2.47	     10.01	      5.20	73.45	 2.751e-03	     -0.40	Gaussian	0.000000	0.000000
746	0	  0.025008	  0.070247	     -1.00	   1259.30	    467.58	      2.62	      2.11	      5.50	      4.44	18.06	 7.732e-04	     -0.40	Gaussian	0.000000	0.000000
747	0	  0.024946	  0.055556	     -1.00	    231.25	   1947.80	      2.65	      2.64	      5.57	      5.55	44.39	 9.634e-04	     -0.40	Gaussian	0.000000	0.000000
748	0	  0.025577	  0.052638	     -1.00	   4525.53	   2189.09	      3.45	      3.42	      7.24	      7.20	74.86	 3.827e-03	     -0.40	Gaussian	0.000000	0.000000
749	0	  0.024975	  0.079199	     -1.00	   5851.50	    674.84	      2.54	      1.93	      5.34	      4.05	42.12	 8.545e-04	     -0.40	Gaussian	0.000000	0.000000
750	0	  0.024986	  0.054703	     -1.00	    456.04	   3118.38	      2.95	      2.40	      6.21	      5.04	-31.97	 6.580e-04	     -0.40	Gaussian	0.000000	0.000000
751	0	  0.025657	  0.098646	     -1.00	   3228.06	    701.84	      2.11	      1.85	      4.44	      3.90	80.91	 7.923e-04	     -0.39	Gaussian	0.000000	0.000000
752	0	  0.025166	  0.073147	     -1.00	   1198.73	    597.56	      2.52	      2.09	      5.30	      4.40	14.50	 8.364e-04	     -0.39	Gaussian	0.000000	0.000000
753	0	  0.025498	  0.096518	     -1.00	   2856.83	    421.71	      2.07	      1.93	      4.35	      4.06	70.05	 7.770e-04	     -0.39	Gaussian	0.000000	0.000000
754	0	  0.025622	  0.082252	     -1.00	   3380.73	   3884.73	      2.46	      1.90	      5.18	      3.99	82.31	 6.327e-04	     -0.39	Gaussian	0.000000	0.000000
755	0	  0.025052	  0.038805	     -1.00	   5198.97	    930.06	      4.06	      3.76	      8.53	      7.90	82.37	 3.041e-03	     -0.39	Gaussian	0.000000	0.000000
756	0	  0.025376	  0.088750	     -1.00	   5456.75	   1564.89	      2.31	      1.87	      4.86	      3.92	59.45	 7.657e-04	     -0.39	Gaussian	0.000000	0.000000
757	0	  0.025368	  0.075600	     -1.00	   1561.03	   3651.82	      2.48	      2.03	      5.20	      4.28	-67.65	 7.310e-04	     -0.39	Gaussian	0.000000	0.000000
758	0	  0.025263	  0.042011	     -1.00	   4077.75	   2743.15	      3.87	      2.86	      8.14	      6.01	57.10	 2.637e-03	     -0.39	Gaussian	0.000000	0.000000
759	0	  0.024970	  0.054537	     -1.00	    535.97	   3313.75	      2.98	      2.34	      6.26	      4.93	-41.05	 6.291e-04	     -0.39	Gaussian	0.000000	0.000000
760	0	  0.025790	  0.094572	     -1.00	   3812.86	   3128.77	      2.17	      1.85	      4.57	      3.89	83.61	 6.566e-04	     -0.39	Gaussian	0.000000	0.000000
761	0	  0.025605	  0.087276	     -1.00	   4109.08	   3872.80	      2.40	      1.82	      5.04	      3.82	75.29	 7.399e-04	     -0.39	Gaussian	0.000000	0.000000
762	0	  0.025643	  0.066591	     -1.00	   1732.11	   1773.41	      3.08	      2.28	      6.48	      4.79	3.73	 2.750e-03	     -0.39	Gaussian	0.000000	0.000000
763	0	  0.025131	  0.071280	     -1.00	   1003.14	   1200.75	      2.31	      2.30	      4.85	      4.84	46.40	 8.916e-04	     -0.39	Gaussian	0.000000	0.000000
764	0	  0.025636	  0.087900	     -1.00	   4276.53	    663.41	      1.75	      1.56	      3.67	      3.28	55.45	 2.817e-03	     -0.39	Gaussian	0.000000	0.000000
765	0	  0.025693	  0.064000	     -1.00	   1561.56	    800.89	      1.60	      1.52	      3.36	      3.20	70.82	 5.085e-03	     -0.39	Gaussian	0.000000	0.000000
766	0	  0.025927	  0.083290	     -1.00	   3171.37	   3151.43	      2.07	      1.76	      4.35	      3.71	81.82	 1.718e-03	     -0.39	Gaussian	0.000000	0.000000
767	0	  0.025298	  0.087863	     -1.00	   5233.18	    980.53	      2.43	      1.92	      5.11	      4.03	34.44	 1.152e-03	     -0.39	Gaussian	0.000000	0.000000
768	0	  0.025912	  0.070083	     -1.00	   3057.05	   2146.23	      2.71	      2.66	      5.70	      5.59	12.98	 2.546e-03	     -0.39	Gaussian	0.000000	0.000000
769	0	  0.025098	  0.069732	     -1.00	   1094.70	    748.07	      2.56	      2.11	      5.38	      4.43	15.50	 7.480e-04	     -0.39	Gaussian	0.000000	0.000000
770	0	  0.024556	  0.036258	     -1.00	    201.07	   4175.91	      3.64	      2.85	      7.65	      5.99	-43.15	 6.148e-04	     -0.39	Gaussian	0.000000	0.000000
771	0	  0.024911	  0.064849	     -1.00	   6259.83	   3435.07	      3.00	      1.94	      6.30	      4.07	58.04	 7.647e-04	     -0.39	Gaussian	0.000000	0.000000
772	0	  0.025783	  0.088411	     -1.00	   4251.61	   2562.54	      2.24	      1.90	      4.70	      3.99	81.10	 6.572e-04	     -0.39	Gaussian	0.000000	0.000000
773	0	  0.025230	  0.058389	     -1.00	   5755.65	   3082.55	      1.69	      1.50	      3.55	      3.14	70.15	 4.393e-03	     -0.39	Gaussian	0.000000	0.000000
774	0	  0.025625	  0.045684	     -1.00	   4320.45	   3692.14	      3.65	      3.56	      7.67	      7.49	15.60	 3.728e-03	     -0.38	Gaussian	0.000000	0.000000
775	0	  0.025091	  0.072024	     -1.00	   1267.61	    525.86	      2.49	      2.09	      5.24	      4.39	17.74	 7.426e-04	     -0.38	Gaussian	0.000000	0.000000
776	0	  0.025484	  0.090242	     -1.00	   4112.47	    685.81	      2.16	      1.92	      4.54	      4.03	78.84	 7.458e-04	     -0.38	Gaussian	0.000000	0.000000
777	0	  0.025500	  0.047013	     -1.00	   2721.85	   3340.03	      3.57	      3.52	      7.50	      7.39	-89.68	 3.627e-03	     -0.38	Gaussian	0.000000	0.000000
778	0	  0.025087	  0.063136	     -1.00	    592.59	   2273.10	      2.43	      2.43	      5.10	      5.10	-85.35	 8.888e-04	     -0.38	Gaussian	0.000000	0.000000
779	0	  0.025707	  0.086715	     -1.00	   4421.86	   2797.32	      2.27	      1.89	      4.77	      3.97	80.53	 7.692e-04	     -0.38	Gaussian	0.000000	0.000000
780	0	  0.025759	  0.059114	     -1.00	   2861.41	   3026.32	      3.45	      2.44	      7.25	      5.14	10.63	 3.376e-03	     -0.38	Gaussian	0.000000	0.000000
781	0	  0.025440	  0.043607	     -1.00	    147.00	   3609.06	      3.25	      2.62	      6.83	      5.50	-33.49	 2.547e-03	     -0.38	Gaussian	0.000000	0.000000
782	0	  0.025702	  0.074394	     -1.00	   5005.23	   2817.32	      1.84	      1.54	      3.87	      3.24	72.02	 3.290e-03	     -0.38	Gaussian	0.000000	0.000000
783	0	  0.025537	  0.050641	     -1.00	   5119.77	   2932.06	      1.68	      1.46	      3.54	      3.07	77.59	 4.888e-03	     -0.38	Gaussian	0.000000	0.000000
784	0	  0.025717	  0.087890	     -1.00	   4791.66	   1810.95	      2.16	      1.94	      4.55	      4.07	73.75	 9.566e-04	     -0.38	Gaussian	0.000000	0.000000
785	0	  0.025837	  0.087061	     -1.00	   3090.02	   3377.55	      2.75	      2.18	      5.79	      4.58	9.55	 2.833e-03	     -0.38	Gaussian	0.000000	0.000000
786	0	  0.025154	  0.065292	     -1.00	    759.80	   2682.96	      2.53	      2.22	      5.32	      4.67	-23.19	 7.041e-04	     -0.38	Gaussian	0.000000	0.000000
787	0	  0.024941	  0.060532	     -1.00	    693.82	    737.24	      2.73	      2.70	      5.73	      5.67	51.19	 1.276e-03	     -0.38	Gaussian	0.000000	0.000000
788	0	  0.025626	  0.085402	     -1.00	   1683.29	   1954.25	      1.81	      1.68	      3.81	      3.52	80.41	 2.075e-03	     -0.38	Gaussian	0.000000	0.000000
789	0	  0.025426	  0.087218	     -1.00	   2418.11	     83.79	      2.15	      1.95	      4.53	      4.09	47.46	 9.427e-04	     -0.38	Gaussian	0.000000	0.000000
790	0	  0.025369	  0.044717	     -1.00	   2822.92	    814.29	      3.57	      3.57	      7.51	      7.51	79.06	 3.671e-03	     -0.38	Gaussian	0.000000	0.000000
791	0	  0.025474	  0.093414	     -1.00	   2960.14	    160.70	      1.66	      1.63	      3.49	      3.43	48.14	 2.332e-03	     -0.38	Gaussian	0.000000	0.000000
792	0	  0.025511	  0.039329	     -1.00	   3801.43	   2294.10	      3.99	      2.48	      8.38	      5.22	-89.33	 1.942e-03	     -0.38	Gaussian	0.000000	0.000000
793	0	  0.024841	  0.056353	     -1.00	    662.74	    441.09	      2.54	      2.54	      5.34	      5.34	66.89	 1.099e-03	     -0.37	Gaussian	0.000000	0.000000
794	0	  0.025386	  0.089428	     -1.00	   2898.19	    199.41	      2.01	      1.80	      4.22	      3.78	60.46	 1.016e-03	     -0.37	Gaussian	0.000000	0.000000
795	0	  0.025338	  0.066807	     -1.00	   6070.34	    882.94	      1.80	      1.68	      3.78	      3.54	67.83	 4.249e-03	     -0.37	Gaussian	0.000000	0.000000
796	0	  0.025928	  0.079270	     -1.00	   3276.31	   2227.93	      2.33	      1.97	      4.90	      4.13	-88.62	 8.316e-04	     -0.37	Gaussian	0.000000	0.000000
797	0	  0.025682	  0.081524	     -1.00	   2139.94	   3259.59	      2.12	      2.10	      4.46	      4.40	64.74	 8.826e-04	     -0.37	Gaussian	0.000000	0.000000
798	0	  0.025919	  0.083908	     -1.00	   2788.76	   2191.71	      2.28	      1.90	      4.79	      3.99	-87.63	 6.965e-04	     -0.37	Gaussian	0.000000	0.000000
799	0	  0.024845	  0.068405	     -1.00	   5953.77	    588.33	      2.34	      1.93	      4.92	      4.05	55.24	 1.207e-03	     -0.37	Gaussian	0.000000	0.000000
800	0	  0.025945	  0.072143	     -1.00	   2536.44	   1702.95	      1.76	      1.40	      3.69	      2.94	-65.05	 4.171e-03	     -0.37	Gaussian	0.000000	0.000000
801	0	  0.025087	  0.066151	     -1.00	   1090.96	    648.89	      2.57	      2.13	      5.39	      4.47	10.05	 7.060e-04	     -0.37	Gaussian	0.000000	0.000000
802	0	  0.024908	  0.052741	     -1.00	   6122.38	   2288.22	      2.06	      1.64	      4.33	      3.44	26.04	 2.706e-03	     -0.37	Gaussian	0.000000	0.000000
803	0	  0.025651	  0.041200	     -1.00	   4236.42	   1536.27	      4.00	      3.78	      8.41	      7.94	10.23	 4.451e-03	     -0.37	Gaussian	0.000000	0.000000
804	0	  0.025535	  0.068502	     -1.00	   5012.11	   2531.37	      2.55	      2.39	      5.36	      5.02	18.38	 1.528e-03	     -0.37	Gaussian	0.000000	0.000000
805	0	  0.025465	  0.069947	     -1.00	   1902.75	   3644.32	      2.56	      2.01	      5.37	      4.23	-80.92	 5.971e-04	     -0.37	Gaussian	0.000000	0.000000
806	0	  0.026073	  0.038658	     -1.00	   3298.89	   2076.03	      1.79	      1.79	      3.76	      3.75	18.49	 4.754e-03	     -0.37	Gaussian	0.000000	0.000000
807	0	  0.025442	  0.090260	     -1.00	   3413.93	    133.61	      2.11	      1.88	      4.44	      3.96	56.00	 7.599e-04	     -0.37	Gaussian	0.000000	0.000000
808	0	  0.025400	  0.050200	     -1.00	   3245.90	   3727.16	      3.41	      2.73	      7.16	      5.73	64.49	 2.408e-03	     -0.37	Gaussian	0.000000	0.000000
809	0	  0.025741	  0.089420	     -1.00	   2844.71	   1231.00	      2.00	      2.00	      4.21	      4.21	36.83	 8.463e-04	     -0.37	Gaussian	0.000000	0.000000
810	0	  0.024693	  0.052328	     -1.00	    525.63	    412.05	      2.61	      2.61	      5.49	      5.49	74.75	 1.060e-03	     -0.37	Gaussian	0.000000	0.000000
811	0	  0.024807	  0.030945	     -1.00	   1584.15	    835.31	      4.59	      2.59	      9.66	      5.45	61.54	 2.355e-03	     -0.37	Gaussian	0.000000	0.000000
812	0	  0.025797	  0.081055	     -1.00	   3963.99	   1638.83	      2.31	      1.90	      4.86	      3.99	-83.78	 6.834e-04	     -0.37	Gaussian	0.000000	0.000000
813	0	  0.025426	  0.073469	     -1.00	   1369.72	   2916.60	      2.27	      2.13	      4.77	      4.48	-60.21	 6.561e-04	     -0.37	Gaussian	0.000000	0.000000
814	0	  0.025446	  0.042689	     -1.00	   2108.94	   1594.24	      3.31	      3.30	      6.96	      6.93	81.66	 3.003e-03	     -0.37	Gaussian	0.000000	0.000000
815	0	  0.025091	  0.051055	     -1.00	    198.32	   1113.56	      2.63	      2.63	      5.53	      5.53	87.11	 1.094e-03	     -0.37	Gaussian	0.000000	0.000000
816	0	  0.025815	  0.077006	     -1.00	   3240.40	   3338.64	      2.39	      1.92	      5.02	      4.04	87.44	 6.505e-04	     -0.37	Gaussian	0.000000	0.000000
817	0	  0.024751	  0.048930	     -1.00	    114.43	   2118.82	      3.06	      2.37	      6.43	      4.98	-17.08	 6.608e-04	     -0.37	Gaussian	0.000000	0.000000
818	0	  0.025424	  0.070638	     -1.00	   2150.95	   4143.59	      2.24	      2.24	      4.71	      4.71	-3.96	 9.286e-04	     -0.37	Gaussian	0.000000	0.000000
819	0	  0.025052	  0.073750	     -1.00	   5770.23	    782.89	      2.47	      1.94	      5.20	      4.08	42.33	 7.537e-04	     -0.37	Gaussian	0.000000	0.000000
820	0	  0.025297	  0.045362	     -1.00	   1293.15	   1884.81	      3.34	      3.34	      7.02	      7.02	8.95	 2.663e-03	     -0.37	Gaussian	0.000000	0.000000
821	0	  0.025559	  0.070202	     -1.00	   3861.67	   4049.10	      2.03	      2.03	      4.26	      4.26	66.53	 1.610e-03	     -0.37	Gaussian	0.000000	0.000000
822	0	  0.024149	  0.039010	     -1.00	     10.78	     18.64	      3.56	      2.52	      7.49	      5.31	-2.32	 7.604e-04	     -0.36	Gaussian	0.000000	0.000000
823	0	  0.025307	  0.077416	     -1.00	   1870.54	    398.61	      2.33	      1.95	      4.89	      4.10	34.74	 7.183e-04	     -0.36	Gaussian	0.000000	0.000000
824	0	  0.025388	  0.077256	     -1.00	   5493.46	   2697.28	      2.12	      1.89	      4.46	      3.98	51.39	 1.184e-03	     -0.36	Gaussian	0.000000	0.000000
825	0	  0.025265	  0.056610	     -1.00	    443.86	   1034.55	      2.49	      2.49	      5.23	      5.23	73.49	 1.465e-03	     -0.36	Gaussian	0.000000	0.000000
826	0	  0.024963	  0.069370	     -1.00	   5751.09	    472.72	      2.55	      1.97	      5.37	      4.15	41.80	 7.885e-04	     -0.36	Gaussian	0.000000	0.000000
827	0	  0.025191	  0.035413	     -1.00	   2634.82	    155.10	      3.64	      3.62	      7.65	      7.60	82.03	 3.422e-03	     -0.36	Gaussian	0.000000	0.000000
828	0	  0.024813	  0.048117	     -1.00	    209.37	   1803.59	      2.69	      2.69	      5.65	      5.65	-71.34	 8.930e-04	     -0.36	Gaussian	0.000000	0.000000
829	0	  0.025736	  0.060383	     -1.00	   4096.14	   2001.38	      2.69	      2.43	      5.66	      5.11	8.31	 1.882e-03	     -0.36	Gaussian	0.000000	0.000000
830	0	  0.025430	  0.036213	     -1.00	   4769.14	   2169.14	      3.58	      3.44	      7.53	      7.22	78.94	 3.227e-03	     -0.36	Gaussian	0.000000	0.000000
831	0	  0.025561	  0.065933	     -1.00	    969.23	   2181.62	      2.34	      2.25	      4.92	      4.72	-39.83	 6.856e-04	     -0.36	Gaussian	0.000000	0.000000
832	0	  0.025772	  0.048094	     -1.00	   2014.59	    946.68	      1.68	      1.40	      3.53	      2.95	13.51	 5.261e-03	     -0.36	Gaussian	0.000000	0.000000
833	0	  0.025613	  0.077719	     -1.00	   1984.90	   3732.58	      2.11	      2.11	      4.43	      4.43	-19.03	 8.616e-04	     -0.36	Gaussian	0.000000	0.000000
834	0	  0.025743	  0.081096	     -1.00	   3818.86	   3406.39	      2.22	      1.92	      4.67	      4.04	74.31	 7.797e-04	     -0.36	Gaussian	0.000000	0.000000
835	0	  0.025774	  0.076066	     -1.00	   3821.50	   1798.97	      2.13	      2.13	      4.49	      4.47	50.39	 8.369e-04	     -0.36	Gaussian	0.000000	0.000000
836	0	  0.024716	  0.036979	     -1.00	    519.39	    216.79	      1.94	      1.94	      4.08	      4.07	79.54	 3.142e-03	     -0.36	Gaussian	0.000000	0.000000
837	0	  0.025806	  0.081341	     -1.00	   2609.21	   2038.88	      2.26	      1.87	      4.75	      3.94	-85.04	 6.444e-04	     -0.36	Gaussian	0.000000	0.000000
838	0	  0.024965	  0.054716	     -1.00	    414.71	   1982.56	      2.51	      2.51	      5.28	      5.28	86.40	 8.956e-04	     -0.36	Gaussian	0.000000	0.000000
839	0	  0.025661	  0.073902	     -1.00	   3476.66	   2996.75	      2.41	      1.93	      5.07	      4.07	87.25	 5.777e-04	     -0.36	Gaussian	0.000000	0.000000
840	0	  0.025866	  0.058750	     -1.00	   1832.76	   1864.35	      1.60	      1.48	      3.37	      3.11	11.16	 5.216e-03	     -0.36	Gaussian	0.000000	0.000000
841	0	  0.025281	  0.063543	     -1.00	   1096.83	   3137.35	      2.48	      2.18	      5.22	      4.58	-50.66	 6.156e-04	     -0.36	Gaussian	0.000000	0.000000
842	0	  0.025201	  0.078553	     -1.00	   5282.19	    678.86	      2.29	      1.91	      4.81	      4.02	51.15	 6.933e-04	     -0.36	Gaussian	0.000000	0.000000
843	0	  0.025281	  0.066488	     -1.00	   4763.39	   3988.63	      2.71	      1.91	      5.69	      4.01	68.52	 5.857e-04	     -0.36	Gaussian	0.000000	0.000000
844	0	  0.025742	  0.079664	     -1.00	   3420.80	   3208.40	      2.30	      1.87	      4.84	      3.93	88.28	 6.742e-04	     -0.36	Gaussian	0.000000	0.000000
845	0	  0.024804	  0.043999	     -1.00	    312.80	   3240.96	      2.79	      2.79	      5.87	      5.87	17.78	 7.742e-04	     -0.36	Gaussian	0.000000	0.000000
846	0	  0.025611	  0.080067	     -1.00	   2407.47	    971.15	      2.17	      1.97	      4.57	      4.14	87.40	 6.024e-04	     -0.36	Gaussian	0.000000	0.000000
847	0	  0.025784	  0.078334	     -1.00	   3436.54	   1442.95	      2.09	      2.09	      4.39	      4.39	27.66	 8.798e-04	     -0.36	Gaussian	0.000000	0.000000
848	0	  0.025409	  0.073610	     -1.00	   4498.86	   3911.31	      2.53	      1.84	      5.31	      3.87	71.31	 5.902e-04	     -0.36	Gaussian	0.000000	0.000000
849	0	  0.025900	  0.076860	     -1.00	   3358.97	   1882.53	      2.12	      2.10	      4.45	      4.41	63.46	 1.003e-03	     -0.36	Gaussian	0.000000	0.000000
850	0	  0.025756	  0.083554	     -1.00	   3061.95	   3387.33	      2.22	      1.84	      4.66	      3.87	86.13	 6.769e-04	     -0.35	Gaussian	0.000000	0.000000
851	0	  0.025429	  0.063299	     -1.00	   5139.56	   2012.28	      1.81	      1.45	      3.81	      3.05	60.14	 3.373e-03	     -0.35	Gaussian	0.000000	0.000000
852	0	  0.024333	  0.042593	     -1.00	    100.67	    253.02	      2.82	      2.82	      5.94	      5.94	50.09	 1.001e-03	     -0.35	Gaussian	0.000000	0.000000
853	0	  0.025345	  0.082454	     -1.00	   2529.04	     89.43	      2.14	      1.92	      4.50	      4.04	46.62	 7.651e-04	     -0.35	Gaussian	0.000000	0.000000
854	0	  0.025019	  0.048395	     -1.00	   6302.64	   1229.60	      1.97	      1.85	      4.14	      3.88	69.00	 3.322e-03	     -0.35	Gaussian	0.000000	0.000000
855	0	  0.025775	  0.080301	     -1.00	   2561.80	   1726.37	      2.21	      1.91	      4.64	      4.00	-89.11	 6.439e-04	     -0.35	Gaussian	0.000000	0.000000
856	0	  0.025311	  0.054798	     -1.00	   3028.64	    247.31	      2.79	      2.65	      5.86	      5.57	75.36	 1.901e-03	     -0.35	Gaussian	0.000000	0.000000
857	0	  0.024928	  0.061892	     -1.00	   1276.79	    219.66	      2.62	      2.09	      5.50	      4.39	19.33	 7.078e-04	     -0.35	Gaussian	0.000000	0.000000
858	0	  0.025275	  0.038140	     -1.00	   4970.99	   3076.25	      3.94	      3.94	      8.28	      8.27	75.28	 3.725e-03	     -0.35	Gaussian	0.000000	0.000000
859	0	  0.025375	  0.072777	     -1.00	   1354.13	   1271.58	      2.22	      2.09	      4.66	      4.38	18.76	 7.114e-04	     -0.35	Gaussian	0.000000	0.000000
860	0	  0.025429	  0.052479	     -1.00	   5494.66	   2145.85	      1.59	      1.40	      3.35	      2.94	70.03	 4.443e-03	     -0.35	Gaussian	0.000000	0.000000
861	0	  0.025270	  0.055675	     -1.00	    916.62	   1636.11	      3.06	      2.30	      6.43	      4.84	14.74	 1.372e-03	     -0.35	Gaussian	0.000000	0.000000
862	0	  0.025705	  0.061643	     -1.00	   3141.20	   3201.38	      2.66	      2.50	      5.59	      5.26	9.34	 1.817e-03	     -0.35	Gaussian	0.000000	0.000000
863	0	  0.025445	  0.080457	     -1.00	   2577.00	    471.27	      2.12	      1.96	      4.45	      4.12	71.89	 6.850e-04	     -0.35	Gaussian	0.000000	0.000000
864	0	  0.025968	  0.075117	     -1.00	   3525.96	   2413.77	      2.31	      1.92	      4.87	      4.04	89.26	 6.608e-04	     -0.35	Gaussian	0.000000	0.000000
865	0	  0.025702	  0.079452	     -1.00	   2258.84	   1629.44	      2.18	      1.93	      4.57	      4.07	-86.07	 6.990e-04	     -0.35	Gaussian	0.000000	0.000000
866	0	  0.025463	  0.067807	     -1.00	   1218.49	   1086.80	      2.22	      2.22	      4.67	      4.67	-38.51	 8.385e-04	     -0.35	Gaussian	0.000000	0.000000
867	0	  0.025585	  0.068822	     -1.00	   1275.81	   3038.36	      2.77	      2.52	      5.82	      5.31	61.33	 1.981e-03	     -0.35	Gaussian	0.000000	0.000000
868	0	  0.024703	  0.061295	     -1.00	   6335.14	    921.90	      2.79	      1.95	      5.87	      4.09	41.66	 7.351e-04	     -0.35	Gaussian	0.000000	0.000000
869	0	  0.025531	  0.069408	     -1.00	   4639.57	   2926.30	      2.58	      2.14	      5.43	      4.49	23.44	 1.406e-03	     -0.35	Gaussian	0.000000	0.000000
870	0	  0.025673	  0.077521	     -1.00	   1800.37	    804.95	      2.07	      2.07	      4.35	      4.35	87.96	 8.387e-04	     -0.35	Gaussian	0.000000	0.000000
871	0	  0.025744	  0.080511	     -1.00	   2676.88	   1466.57	      2.03	      2.03	      4.26	      4.26	32.66	 8.313e-04	     -0.35	Gaussian	0.000000	0.000000
872	0	  0.025336	  0.073943	     -1.00	   2829.66	    171.72	      2.23	      2.01	      4.68	      4.22	55.94	 6.764e-04	     -0.35	Gaussian	0.000000	0.000000
873	0	  0.025414	  0.040663	     -1.00	   5224.21	   3132.13	      3.61	      3.55	      7.59	      7.46	12.77	 3.117e-03	     -0.34	Gaussian	0.000000	0.000000
874	0	  0.025832	  0.045975	     -1.00	   3714.35	   1986.11	      3.40	      2.47	      7.15	      5.19	-89.66	 1.870e-03	     -0.34	Gaussian	0.000000	0.000000
875	0	  0.025461	  0.079529	     -1.00	   2859.84	    487.78	      2.13	      1.94	      4.48	      4.09	77.89	 7.410e-04	     -0.34	Gaussian	0.000000	0.000000
876	0	  0.024979	  0.050325	     -1.00	    407.00	   2301.67	      2.78	      2.36	      5.83	      4.95	-17.82	 6.417e-04	     -0.34	Gaussian	0.000000	0.000000
877	0	  0.025301	  0.068462	     -1.00	   5235.94	   3471.54	      2.57	      1.87	      5.39	      3.92	63.70	 6.372e-04	     -0.34	Gaussian	0.000000	0.000000
878	0	  0.025227	  0.071550	     -1.00	   2343.00	     31.87	      2.34	      1.96	      4.93	      4.11	36.59	 7.077e-04	     -0.34	Gaussian	0.000000	0.000000
879	0	  0.025796	  0.077031	     -1.00	   2647.73	   2032.89	      2.26	      1.88	      4.76	      3.95	-87.53	 5.910e-04	     -0.34	Gaussian	0.000000	0.000000
880	0	  0.025881	  0.074979	     -1.00	   2873.36	   2214.95	      2.30	      1.89	      4.84	      3.98	-86.39	 6.243e-04	     -0.34	Gaussian	0.000000	0.000000
881	0	  0.025524	  0.048599	     -1.00	   5100.91	   2376.97	      1.80	      1.69	      3.79	      3.55	67.17	 4.300e-03	     -0.34	Gaussian	0.000000	0.000000
882	0	  0.027622	  0.083377	     -1.00	   4375.85	   1887.47	      2.18	      1.80	      4.57	      3.79	88.19	 9.997e-03	     -0.34	Gaussian	0.000000	0.000000
883	0	  0.024905	  0.063570	     -1.00	   6081.57	    741.80	      2.62	      1.96	      5.51	      4.11	42.05	 7.229e-04	     -0.34	Gaussian	0.000000	0.000000
884	0	  0.025174	  0.072849	     -1.00	   5257.98	    604.55	      1.86	      1.82	      3.92	      3.82	51.74	 1.613e-03	     -0.34	Gaussian	0.000000	0.000000
885	0	  0.024928	  0.036472	     -1.00	    444.00	   3873.73	      3.41	      2.62	      7.16	      5.51	-46.50	 8.501e-04	     -0.34	Gaussian	0.000000	0.000000
886	0	  0.025037	  0.065019	     -1.00	   6064.29	   1637.92	      2.64	      1.90	      5.55	      3.98	46.34	 7.190e-04	     -0.34	Gaussian	0.000000	0.000000
887	0	  0.025996	  0.059731	     -1.00	   3226.97	   2521.32	      2.93	      2.79	      6.17	      5.87	11.81	 2.694e-03	     -0.34	Gaussian	0.000000	0.000000
888	0	  0.025529	  0.077249	     -1.00	   1838.07	   1147.89	      2.08	      2.01	      4.38	      4.22	78.81	 6.705e-04	     -0.34	Gaussian	0.000000	0.000000
889	0	  0.025451	  0.079276	     -1.00	   4497.51	    730.77	      2.14	      1.90	      4.50	      4.00	66.82	 6.478e-04	     -0.34	Gaussian	0.000000	0.000000
890	0	  0.025483	  0.070643	     -1.00	   3568.92	   4064.21	      2.45	      1.86	      5.16	      3.92	80.74	 5.413e-04	     -0.34	Gaussian	0.000000	0.000000
891	0	  0.025670	  0.074011	     -1.00	   2194.92	   3339.71	      2.28	      1.92	      4.78	      4.03	-83.82	 5.835e-04	     -0.34	Gaussian	0.000000	0.000000
892	0	  0.025061	  0.070673	     -1.00	   5342.83	    458.70	      2.37	      1.92	      4.98	      4.04	46.72	 7.544e-04	     -0.34	Gaussian	0.000000	0.000000
893	0	  0.025608	  0.068559	     -1.00	   2129.56	   3404.62	      2.40	      1.96	      5.04	      4.12	-80.98	 6.761e-04	     -0.34	Gaussian	0.000000	0.000000
894	0	  0.025331	  0.047066	     -1.00	   4644.29	   3698.02	      3.40	      2.36	      7.16	      4.95	77.72	 1.664e-03	     -0.34	Gaussian	0.000000	0.000000
895	0	  0.025772	  0.068084	     -1.00	   2770.92	   2961.49	      2.71	      2.70	      5.70	      5.68	8.47	 2.798e-03	     -0.34	Gaussian	0.000000	0.000000
896	0	  0.025111	  0.042962	     -1.00	    740.97	   4073.39	      3.09	      2.42	      6.50	      5.08	-49.56	 8.917e-04	     -0.34	Gaussian	0.000000	0.000000
897	0	  0.025117	  0.073066	     -1.00	   4662.46	     76.71	      2.30	      1.90	      4.84	      3.99	48.24	 6.811e-04	     -0.34	Gaussian	0.000000	0.000000
898	0	  0.025138	  0.064992	     -1.00	   5707.60	   3275.74	      2.65	      1.85	      5.57	      3.90	56.25	 5.784e-04	     -0.34	Gaussian	0.000000	0.000000
899	0	  0.024850	  0.046964	     -1.00	    324.49	   2157.91	      2.84	      2.38	      5.97	      5.01	-8.79	 6.512e-04	     -0.33	Gaussian	0.000000	0.000000
900	0	  0.025937	  0.067398	     -1.00	   3330.38	   3442.46	      1.93	      1.67	      4.05	      3.50	78.98	 2.441e-03	     -0.33	Gaussian	0.000000	0.000000
901	0	  0.025739	  0.079831	     -1.00	   3039.84	   3292.93	      2.20	      1.81	      4.62	      3.80	84.90	 5.935e-04	     -0.33	Gaussian	0.000000	0.000000
902	0	  0.025444	  0.068437	     -1.00	   3533.94	   4057.43	      2.16	      2.16	      4.53	      4.53	20.13	 1.027e-03	     -0.33	Gaussian	0.000000	0.000000
903	0	  0.024956	  0.049936	     -1.00	    444.69	   2397.00	      2.52	      2.52	      5.30	      5.30	-74.56	 7.372e-04	     -0.33	Gaussian	0.000000	0.000000
904	0	  0.025426	  0.032437	     -1.00	   2217.31	   3899.26	      3.87	      3.54	      8.14	      7.44	7.38	 2.880e-03	     -0.33	Gaussian	0.000000	0.000000
905	0	  0.025717	  0.082768	     -1.00	   2793.26	   1182.97	      2.08	      1.84	      4.38	      3.87	82.10	 6.152e-04	     -0.33	Gaussian	0.000000	0.000000
906	0	  0.025049	  0.034876	     -1.00	   2904.02	    798.11	      4.18	      2.27	      8.79	      4.77	88.99	 2.102e-03	     -0.33	Gaussian	0.000000	0.000000
907	0	  0.025603	  0.054492	     -1.00	   3095.00	    863.50	      2.88	      2.40	      6.05	      5.05	4.32	 2.395e-03	     -0.33	Gaussian	0.000000	0.000000
908	0	  0.025276	  0.035138	     -1.00	   3466.04	    240.22	      3.69	      3.56	      7.75	      7.48	75.40	 3.112e-03	     -0.33	Gaussian	0.000000	0.000000
909	0	  0.025006	  0.049638	     -1.00	   1050.90	   3849.81	      2.79	      2.28	      5.86	      4.79	-54.06	 5.767e-04	     -0.33	Gaussian	0.000000	0.000000
910	0	  0.025249	  0.058055	     -1.00	   1101.24	   2978.84	      2.47	      2.20	      5.19	      4.62	-48.15	 5.906e-04	     -0.33	Gaussian	0.000000	0.000000
911	0	  0.024992	  0.062292	     -1.00	   6027.62	   2665.76	      2.69	      1.88	      5.66	      3.96	52.53	 5.851e-04	     -0.33	Gaussian	0.000000	0.000000
912	0	  0.025103	  0.049104	     -1.00	    607.01	   2856.39	      2.53	      2.53	      5.32	      5.32	-76.67	 7.667e-04	     -0.33	Gaussian	0.000000	0.000000
913	0	  0.025621	  0.076393	     -1.00	   3898.57	   1135.75	      2.14	      1.92	      4.51	      4.04	82.48	 6.390e-04	     -0.33	Gaussian	0.000000	0.000000
914	0	  0.025678	  0.071626	     -1.00	   3348.95	   3737.76	      2.36	      1.86	      4.96	      3.91	84.86	 5.723e-04	     -0.33	Gaussian	0.000000	0.000000
915	0	  0.024475	  0.050516	     -1.00	   6268.87	    341.30	      2.95	      2.09	      6.20	      4.39	38.59	 6.709e-04	     -0.33	Gaussian	0.000000	0.000000
916	0	  0.025943	  0.064099	     -1.00	   3422.70	   2127.15	      2.70	      2.35	      5.68	      4.94	-72.34	 1.503e-03	     -0.33	Gaussian	0.000000	0.000000
917	0	  0.024979	  0.051880	     -1.00	   5646.23	   3945.60	      2.26	      2.26	      4.76	      4.76	1.26	 1.133e-03	     -0.33	Gaussian	0.000000	0.000000
918	0	  0.025107	  0.043360	     -1.00	   5624.14	   1036.15	      3.47	      3.47	      7.30	      7.30	76.24	 3.296e-03	     -0.33	Gaussian	0.000000	0.000000
919	0	  0.025777	  0.052738	     -1.00	   3280.97	   2565.29	      3.00	      2.76	      6.30	      5.81	8.11	 2.419e-03	     -0.33	Gaussian	0.000000	0.000000
920	0	  0.025762	  0.055076	     -1.00	   2747.08	   3492.57	      2.99	      2.96	      6.29	      6.22	13.92	 3.031e-03	     -0.33	Gaussian	0.000000	0.000000
921	0	  0.025352	  0.066114	     -1.00	   1319.77	   1267.78	      2.30	      2.03	      4.83	      4.27	18.69	 6.383e-04	     -0.33	Gaussian	0.000000	0.000000
922	0	  0.025033	  0.054959	     -1.00	    677.56	   2239.08	      2.37	      2.37	      4.99	      4.98	-88.18	 7.290e-04	     -0.33	Gaussian	0.000000	0.000000
923	0	  0.025445	  0.074072	     -1.00	   2145.98	    839.78	      2.12	      1.96	      4.46	      4.13	73.16	 6.746e-04	     -0.33	Gaussian	0.000000	0.000000
924	0	  0.024832	  0.050439	     -1.00	    829.28	    450.82	      2.47	      2.47	      5.20	      5.20	54.81	 8.815e-04	     -0.33	Gaussian	0.000000	0.000000
925	0	  0.025372	  0.054317	     -1.00	   4651.92	   3739.00	      2.98	      2.52	      6.25	      5.31	74.05	 1.491e-03	     -0.33	Gaussian	0.000000	0.000000
926	0	  0.025426	  0.063495	     -1.00	   3996.35	   4090.59	      2.56	      1.90	      5.37	      3.98	76.70	 5.778e-04	     -0.32	Gaussian	0.000000	0.000000
927	0	  0.025392	  0.052193	     -1.00	   5381.45	   2527.05	      1.80	      1.66	      3.78	      3.48	10.99	 3.129e-03	     -0.32	Gaussian	0.000000	0.000000
928	0	  0.025505	  0.076492	     -1.00	   2637.20	    697.86	      2.12	      1.89	      4.46	      3.98	83.49	 6.371e-04	     -0.32	Gaussian	0.000000	0.000000
929	0	  0.025676	  0.071972	     -1.00	   3825.49	   1229.95	      2.06	      2.06	      4.34	      4.34	28.39	 7.492e-04	     -0.32	Gaussian	0.000000	0.000000
930	0	  0.025251	  0.053650	     -1.00	   1057.39	   3428.63	      2.52	      2.27	      5.29	      4.77	-49.54	 5.841e-04	     -0.32	Gaussian	0.000000	0.000000
931	0	  0.025493	  0.053402	     -1.00	   1716.06	   2195.19	      2.89	      2.11	      6.08	      4.43	78.55	 1.459e-03	     -0.32	Gaussian	0.000000	0.000000
932	0	  0.025773	  0.070837	     -1.00	   2186.80	   3283.96	      2.27	      1.89	      4.77	      3.98	-81.97	 6.781e-04	     -0.32	Gaussian	0.000000	0.000000
933	0	  0.025078	  0.047700	     -1.00	   1168.92	   4039.53	      2.85	      2.24	      6.00	      4.70	-54.40	 5.555e-04	     -0.32	Gaussian	0.000000	0.000000
934	0	  0.025959	  0.073422	     -1.00	   2327.96	   2901.86	      2.24	      1.85	      4.70	      3.89	-88.89	 1.003e-03	     -0.32	Gaussian	0.000000	0.000000
935	0	  0.025120	  0.053233	     -1.00	    725.61	   2780.05	      2.38	      2.38	      5.01	      5.01	-77.03	 6.860e-04	     -0.32	Gaussian	0.000000	0.000000
936	0	  0.025698	  0.049145	     -1.00	   4312.81	   2848.87	      1.82	      1.65	      3.83	      3.46	74.76	 3.756e-03	     -0.32	Gaussian	0.000000	0.000000
937	0	  0.025375	  0.047868	     -1.00	   5402.50	   2295.67	      3.18	      3.11	      6.69	      6.54	12.84	 2.808e-03	     -0.32	Gaussian	0.000000	0.000000
938	0	  0.025100	  0.043366	     -1.00	   1252.24	    981.53	      3.17	      2.99	      6.67	      6.28	80.16	 2.011e-03	     -0.32	Gaussian	0.000000	0.000000
939	0	  0.025820	  0.063218	     -1.00	   3274.16	   1767.60	      1.66	      1.66	      3.48	      3.48	-88.33	 3.160e-03	     -0.32	Gaussian	0.000000	0.000000
940	0	  0.025277	  0.058143	     -1.00	   1854.00	   4049.33	      2.51	      2.06	      5.28	      4.33	-71.23	 5.597e-04	     -0.32	Gaussian	0.000000	0.000000
941	0	  0.025778	  0.069049	     -1.00	   3345.30	   1661.89	      2.30	      1.89	      4.83	      3.98	-86.33	 5.858e-04	     -0.32	Gaussian	0.000000	0.000000
942	0	  0.025524	  0.066892	     -1.00	   3465.13	   3908.93	      2.46	      1.82	      5.17	      3.83	81.00	 5.445e-04	     -0.32	Gaussian	0.000000	0.000000
943	0	  0.025545	  0.068320	     -1.00	   2144.11	   3444.74	      2.09	      2.09	      4.40	      4.40	-10.93	 8.025e-04	     -0.32	Gaussian	0.000000	0.000000
944	0	  0.025655	  0.026285	     -1.00	   3450.60	   2220.20	      4.51	      4.49	      9.48	      9.44	87.71	 3.387e-03	     -0.32	Gaussian	0.000000	0.000000
945	0	  0.025681	  0.042130	     -1.00	   4005.76	   2120.04	      3.00	      2.93	      6.31	      6.16	89.45	 1.705e-03	     -0.32	Gaussian	0.000000	0.000000
946	0	  0.025233	  0.050645	     -1.00	    703.43	   2548.42	      2.61	      2.26	      5.49	      4.75	-26.48	 9.392e-04	     -0.32	Gaussian	0.000000	0.000000
947	0	  0.025343	  0.069792	     -1.00	   3884.48	    283.59	      2.17	      1.97	      4.56	      4.15	65.83	 6.047e-04	     -0.32	Gaussian	0.000000	0.000000
948	0	  0.026007	  0.071663	     -1.00	   2981.05	   2274.85	      2.27	      1.84	      4.76	      3.86	-84.57	 8.712e-04	     -0.32	Gaussian	0.000000	0.000000
949	0	  0.025633	  0.071051	     -1.00	   2766.95	    989.29	      2.05	      2.05	      4.31	      4.31	38.87	 8.453e-04	     -0.32	Gaussian	0.000000	0.000000
950	0	  0.025731	  0.066196	     -1.00	   3012.67	   3103.40	      2.33	      1.93	      4.90	      4.06	-89.55	 5.873e-04	     -0.32	Gaussian	0.000000	0.000000
951	0	  0.025430	  0.075396	     -1.00	   3892.21	    376.86	      2.09	      1.89	      4.39	      3.98	62.90	 6.383e-04	     -0.32	Gaussian	0.000000	0.000000
952	0	  0.025203	  0.053155	     -1.00	   1053.70	   3194.43	      2.54	      2.20	      5.33	      4.63	-51.11	 5.293e-04	     -0.32	Gaussian	0.000000	0.000000
953	0	  0.025188	  0.039867	     -1.00	   1936.93	   3858.07	      3.31	      2.58	      6.97	      5.42	-62.64	 1.224e-03	     -0.31	Gaussian	0.000000	0.000000
954	0	  0.024848	  0.028151	     -1.00	    291.77	   1725.43	      2.12	      2.11	      4.47	      4.44	84.98	 2.630e-03	     -0.31	Gaussian	0.000000	0.000000
955	0	  0.024643	  0.053506	     -1.00	   6333.93	    795.81	      2.81	      1.97	      5.92	      4.13	42.69	 6.619e-04	     -0.31	Gaussian	0.000000	0.000000
956	0	  0.025264	  0.041074	     -1.00	   2295.73	    468.31	      3.23	      3.20	      6.80	      6.73	75.63	 2.363e-03	     -0.31	Gaussian	0.000000	0.000000
957	0	  0.025377	  0.045874	     -1.00	   2479.05	   3819.27	      3.19	      2.98	      6.71	      6.26	8.00	 2.422e-03	     -0.31	Gaussian	0.000000	0.000000
958	0	  0.024776	  0.040713	     -1.00	    151.36	   1721.54	      2.69	      2.69	      5.66	      5.66	-81.99	 8.066e-04	     -0.31	Gaussian	0.000000	0.000000
959	0	  0.024312	  0.038504	     -1.00	   6332.94	    379.09	      3.54	      2.27	      7.44	      4.77	39.51	 8.441e-04	     -0.31	Gaussian	0.000000	0.000000
960	0	  0.025102	  0.050239	     -1.00	   1795.84	   4227.12	      2.76	      2.12	      5.81	      4.46	-71.56	 5.059e-04	     -0.31	Gaussian	0.000000	0.000000
961	0	  0.025347	  0.068619	     -1.00	   4476.41	    190.65	      2.20	      1.95	      4.63	      4.09	61.76	 1.147e-03	     -0.31	Gaussian	0.000000	0.000000
962	0	  0.025362	  0.032353	     -1.00	   3026.03	   2471.65	      3.71	      2.52	      7.80	      5.29	18.97	 1.886e-03	     -0.31	Gaussian	0.000000	0.000000
963	0	  0.025657	  0.065512	     -1.00	   3526.20	   2909.75	      2.36	      1.90	      4.97	      3.99	86.14	 5.889e-04	     -0.31	Gaussian	0.000000	0.000000
964	0	  0.025156	  0.058085	     -1.00	    970.84	   1740.41	      2.31	      2.19	      4.86	      4.59	22.44	 6.457e-04	     -0.31	Gaussian	0.000000	0.000000
965	0	  0.025505	  0.061797	     -1.00	   2587.55	     40.47	      1.79	      1.74	      3.76	      3.66	29.49	 2.139e-03	     -0.31	Gaussian	0.000000	0.000000
966	0	  0.024805	  0.043380	     -1.00	    280.79	   1819.64	      2.60	      2.60	      5.46	      5.46	-81.71	 7.946e-04	     -0.31	Gaussian	0.000000	0.000000
967	0	  0.025716	  0.060551	     -1.00	   2673.53	   2963.16	      2.56	      2.11	      5.38	      4.43	64.54	 1.111e-03	     -0.31	Gaussian	0.000000	0.000000
968	0	  0.025815	  0.033072	     -1.00	   3562.25	   2083.49	      1.94	      1.94	      4.08	      4.08	81.21	 3.437e-03	     -0.31	Gaussian	0.000000	0.000000
969	0	  0.024967	  0.049207	     -1.00	    336.75	   2112.95	      2.65	      2.24	      5.57	      4.72	-6.64	 7.513e-04	     -0.31	Gaussian	0.000000	0.000000
970	0	  0.024723	  0.039189	     -1.00	    199.67	   1739.20	      2.73	      2.73	      5.74	      5.74	-86.76	 7.744e-04	     -0.31	Gaussian	0.000000	0.000000
971	0	  0.025216	  0.073465	     -1.00	   4293.94	    177.63	      2.13	      1.87	      4.47	      3.93	62.47	 6.664e-04	     -0.31	Gaussian	0.000000	0.000000
972	0	  0.025366	  0.041804	     -1.00	    200.37	   2637.59	      2.97	      2.35	      6.25	      4.95	-23.20	 2.800e-03	     -0.31	Gaussian	0.000000	0.000000
973	0	  0.025086	  0.068614	     -1.00	   4604.23	     75.85	      2.27	      1.88	      4.76	      3.95	50.94	 6.598e-04	     -0.31	Gaussian	0.000000	0.000000
974	0	  0.024831	  0.051725	     -1.00	   1089.35	    203.82	      2.71	      2.08	      5.70	      4.38	14.99	 6.672e-04	     -0.31	Gaussian	0.000000	0.000000
975	0	  0.025652	  0.026448	     -1.00	   3716.54	   1966.22	      4.35	      4.31	      9.14	      9.07	86.52	 3.178e-03	     -0.31	Gaussian	0.000000	0.000000
976	0	  0.025079	  0.041908	     -1.00	    985.33	   3341.32	      3.32	      3.25	      6.97	      6.83	-79.67	 1.884e-03	     -0.31	Gaussian	0.000000	0.000000
977	0	  0.025313	  0.066046	     -1.00	   1616.00	    995.34	      2.19	      2.02	      4.59	      4.24	36.12	 6.027e-04	     -0.31	Gaussian	0.000000	0.000000
978	0	  0.025843	  0.071626	     -1.00	   3871.98	   2229.47	      2.02	      2.02	      4.24	      4.24	15.16	 8.011e-04	     -0.31	Gaussian	0.000000	0.000000
979	0	  0.024665	  0.052142	     -1.00	   6318.71	    882.74	      2.81	      1.99	      5.91	      4.18	39.82	 6.235e-04	     -0.31	Gaussian	0.000000	0.000000
980	0	  0.025904	  0.033397	     -1.00	   3365.29	   2213.47	      1.85	      1.85	      3.88	      3.88	79.60	 4.035e-03	     -0.31	Gaussian	0.000000	0.000000
981	0	  0.025461	  0.063283	     -1.00	   1650.93	   1890.39	      2.21	      2.08	      4.64	      4.38	64.15	 5.660e-04	     -0.31	Gaussian	0.000000	0.000000
982	0	  0.025846	  0.050229	     -1.00	   3618.22	   2272.37	      3.31	      2.21	      6.96	      4.65	1.40	 2.554e-03	     -0.31	Gaussian	0.000000	0.000000
983	0	  0.024873	  0.038446	     -1.00	   1346.94	     55.37	      3.78	      3.04	      7.95	      6.40	8.42	 1.843e-03	     -0.31	Gaussian	0.000000	0.000000
984	0	  0.025357	  0.061301	     -1.00	   1352.92	   1284.01	      2.18	      2.16	      4.58	      4.54	40.93	 6.758e-04	     -0.31	Gaussian	0.000000	0.000000
985	0	  0.025808	  0.068350	     -1.00	   3901.02	   1469.90	      2.21	      1.92	      4.63	      4.04	-89.99	 9.254e-04	     -0.31	Gaussian	0.000000	0.000000
986	0	  0.024835	  0.037042	     -1.00	    311.32	    375.46	      3.31	      2.36	      6.95	      4.96	4.57	 1.268e-03	     -0.31	Gaussian	0.000000	0.000000
987	0	  0.025674	  0.071764	     -1.00	   4368.83	   2356.50	      2.02	      1.98	      4.25	      4.17	-66.82	 7.692e-04	     -0.31	Gaussian	0.000000	0.000000
988	0	  0.025228	  0.052605	     -1.00	   3031.21	    312.74	      3.51	      1.92	      7.38	      4.03	31.24	 2.316e-03	     -0.31	Gaussian	0.000000	0.000000
989	0	  0.024682	  0.041292	     -1.00	   6353.44	    969.47	      1.71	      1.57	      3.59	      3.31	71.86	 2.854e-03	     -0.31	Gaussian	0.000000	0.000000
990	0	  0.024676	  0.033989	     -1.00	    473.10	   4009.29	      3.28	      2.59	      6.89	      5.44	-46.37	 5.999e-04	     -0.31	Gaussian	0.000000	0.000000
991	0	  0.025038	  0.064300	     -1.00	   5252.16	    433.97	      2.31	      1.93	      4.86	      4.05	49.44	 6.527e-04	     -0.31	Gaussian	0.000000	0.000000
992	0	  0.025442	  0.070667	     -1.00	   2770.82	    710.93	      2.12	      1.91	      4.46	      4.02	80.30	 5.842e-04	     -0.31	Gaussian	0.000000	0.000000
993	0	  0.025564	  0.069969	     -1.00	   3261.46	    560.50	      2.32	      2.06	      4.88	      4.32	60.77	 9.367e-04	     -0.31	Gaussian	0.000000	0.000000
994	0	  0.025426	  0.034508	     -1.00	   4135.55	   3549.90	      3.27	      3.27	      6.86	      6.86	16.19	 2.141e-03	     -0.31	Gaussian	0.000000	0.000000
995	0	  0.025588	  0.054290	     -1.00	   2319.30	   3307.30	      2.87	      2.05	      6.04	      4.30	74.68	 1.188e-03	     -0.30	Gaussian	0.000000	0.000000
996	0	  0.025095	  0.059922	     -1.00	   1767.85	    139.83	      2.40	      1.99	      5.04	      4.18	27.79	 6.152e-04	     -0.30	Gaussian	0.000000	0.000000
997	0	  0.024860	  0.039356	     -1.00	     77.04	   2970.00	      2.80	      2.59	      5.89	      5.43	-10.48	 8.066e-04	     -0.30	Gaussian	0.000000	0.000000
998	0	  0.024594	  0.049136	     -1.00	   5829.88	     31.73	      2.83	      2.05	      5.96	      4.30	37.58	 6.700e-04	     -0.30	Gaussian	0.000000	0.000000
999	0	  0.025256	  0.033379	     -1.00	   4120.07	   1607.65	      3.59	      2.54	      7.55	      5.35	21.29	 1.790e-03	     -0.30	Gaussian	0.000000	0.000000
1000	0	  0.024792	  0.033532	     -1.00	    690.94	   1076.63	      2.91	      2.90	      6.13	      6.10	43.05	 9.846e-04	     -0.30	Gaussian	0.000000	0.000000
1001	0	  0.024724	  0.054311	     -1.00	   5753.78	    295.36	      1.78	      1.37	      3.75	      2.87	51.65	 2.350e-03	     -0.30	Gaussian	0.000000	0.000000
1002	0	  0.025043	  0.025699	     -1.00	    834.94	   1088.67	      1.98	      1.97	      4.17	      4.15	73.67	 3.042e-03	     -0.30	Gaussian	0.000000	0.000000
1003	0	  0.024508	  0.036457	     -1.00	    192.89	    612.67	      3.27	      2.37	      6.87	      4.99	0.45	 6.097e-04	     -0.30	Gaussian	0.000000	0.000000
1004	0	  0.025460	  0.058885	     -1.00	   4178.61	   3806.52	      2.50	      1.91	      5.25	      4.01	75.14	 5.160e-04	     -0.30	Gaussian	0.000000	0.000000
1005	0	  0.025665	  0.064731	     -1.00	   3398.88	   3566.19	      2.31	      1.88	      4.85	      3.96	81.02	 6.070e-04	     -0.30	Gaussian	0.000000	0.000000
1006	0	  0.024897	  0.023646	     -1.00	   1685.15	    800.31	      4.62	      2.64	      9.71	      5.56	61.86	 1.864e-03	     -0.30	Gaussian	0.000000	0.000000
1007	0	  0.025284	  0.031009	     -1.00	   3900.06	   4056.17	      3.80	      3.76	      7.98	      7.90	78.16	 2.940e-03	     -0.30	Gaussian	0.000000	0.000000
1008	0	  0.025595	  0.045912	     -1.00	   3188.28	   3498.00	      3.17	      2.45	      6.67	      5.16	84.07	 1.481e-03	     -0.30	Gaussian	0.000000	0.000000
1009	0	  0.025541	  0.065106	     -1.00	   1932.83	   2229.65	      2.24	      1.93	      4.71	      4.05	-82.73	 5.573e-04	     -0.30	Gaussian	0.000000	0.000000
1010	0	  0.025534	  0.069480	     -1.00	   2769.29	    900.81	      2.14	      1.89	      4.49	      3.97	89.05	 5.550e-04	     -0.30	Gaussian	0.000000	0.000000
1011	0	  0.025466	  0.063081	     -1.00	   1564.21	   2473.73	      2.21	      2.01	      4.65	      4.22	-87.01	 5.574e-04	     -0.30	Gaussian	0.000000	0.000000
1012	0	  0.025899	  0.047962	     -1.00	   3256.05	   3558.36	      2.87	      2.59	      6.03	      5.44	9.76	 1.927e-03	     -0.30	Gaussian	0.000000	0.000000
1013	0	  0.025390	  0.057375	     -1.00	   1469.78	   3332.86	      2.34	      2.08	      4.92	      4.37	-60.44	 5.621e-04	     -0.30	Gaussian	0.000000	0.000000
1014	0	  0.025172	  0.047686	     -1.00	   5406.59	   3840.22	      2.20	      1.96	      4.63	      4.11	71.65	 1.746e-03	     -0.30	Gaussian	0.000000	0.000000
1015	0	  0.025419	  0.044457	     -1.00	   2478.57	    915.40	      3.08	      2.79	      6.47	      5.86	80.65	 2.052e-03	     -0.30	Gaussian	0.000000	0.000000
1016	0	  0.025321	  0.050733	     -1.00	   1784.93	   4109.77	      2.63	      2.09	      5.54	      4.39	-71.71	 7.518e-04	     -0.30	Gaussian	0.000000	0.000000
1017	0	  0.025413	  0.062016	     -1.00	   2758.31	    538.16	      2.41	      2.11	      5.06	      4.44	72.09	 8.691e-04	     -0.30	Gaussian	0.000000	0.000000
1018	0	  0.025841	  0.051436	     -1.00	   2690.57	   2025.56	      1.94	      1.74	      4.08	      3.66	78.59	 2.504e-03	     -0.30	Gaussian	0.000000	0.000000
1019	0	  0.025905	  0.057616	     -1.00	   3181.20	   3649.61	      1.31	      1.28	      2.75	      2.70	36.88	 4.519e-03	     -0.30	Gaussian	0.000000	0.000000
1020	0	  0.024597	  0.029713	     -1.00	    342.21	   4161.91	      3.55	      2.63	      7.47	      5.54	-45.35	 4.974e-04	     -0.30	Gaussian	0.000000	0.000000
1021	0	  0.025565	  0.067925	     -1.00	   3359.53	    803.98	      2.15	      1.90	      4.51	      4.00	87.24	 5.373e-04	     -0.30	Gaussian	0.000000	0.000000
1022	0	  0.024287	  0.033348	     -1.00	    299.06	     36.02	      2.88	      2.88	      6.06	      6.06	78.03	 8.251e-04	     -0.30	Gaussian	0.000000	0.000000
1023	0	  0.025022	  0.039868	     -1.00	    460.32	   3093.57	      2.94	      2.37	      6.17	      4.98	-31.70	 8.964e-04	     -0.30	Gaussian	0.000000	0.000000
1024	0	  0.024928	  0.037870	     -1.00	   6340.73	   2159.51	      1.89	      1.78	      3.97	      3.75	67.92	 2.889e-03	     -0.30	Gaussian	0.000000	0.000000
1025	0	  0.025154	  0.045563	     -1.00	   1246.19	    798.27	      3.04	      2.89	      6.39	      6.08	42.74	 1.642e-03	     -0.30	Gaussian	0.000000	0.000000
1026	0	  0.025507	  0.029388	     -1.00	   3435.09	   3050.18	      3.67	      3.53	      7.72	      7.42	79.77	 2.731e-03	     -0.30	Gaussian	0.000000	0.000000
1027	0	  0.025333	  0.058747	     -1.00	   1473.63	   1205.83	      2.25	      2.09	      4.73	      4.40	27.32	 5.665e-04	     -0.30	Gaussian	0.000000	0.000000
1028	0	  0.025432	  0.054909	     -1.00	   5159.08	   1981.14	      2.82	      1.92	      5.93	      4.05	66.43	 1.099e-03	     -0.30	Gaussian	0.000000	0.000000
1029	0	  0.025731	  0.064917	     -1.00	   1821.62	   2098.10	      2.15	      1.98	      4.52	      4.16	-88.15	 9.963e-04	     -0.30	Gaussian	0.000000	0.000000
1030	0	  0.024843	  0.046781	     -1.00	   1038.55	    127.02	      2.76	      2.15	      5.81	      4.51	12.99	 7.312e-04	     -0.30	Gaussian	0.000000	0.000000
1031	0	  0.024646	  0.032297	     -1.00	    403.51	   3878.33	      3.28	      2.61	      6.89	      5.48	-43.48	 5.310e-04	     -0.30	Gaussian	0.000000	0.000000
1032	0	  0.025261	  0.047836	     -1.00	   2503.48	     30.29	      2.86	      2.63	      6.02	      5.52	73.47	 1.503e-03	     -0.30	Gaussian	0.000000	0.000000
1033	0	  0.025159	  0.066387	     -1.00	   4398.29	    161.65	      2.20	      1.89	      4.63	      3.97	53.72	 6.171e-04	     -0.30	Gaussian	0.000000	0.000000
1034	0	  0.024914	  0.040478	     -1.00	   6046.42	   1054.95	      1.90	      1.64	      3.99	      3.44	70.27	 3.074e-03	     -0.30	Gaussian	0.000000	0.000000
1035	0	  0.025683	  0.056224	     -1.00	   2533.99	   1941.49	      2.21	      2.21	      4.65	      4.65	21.25	 9.603e-04	     -0.30	Gaussian	0.000000	0.000000
1036	0	  0.025088	  0.045412	     -1.00	   1203.61	    688.17	      2.90	      2.90	      6.10	      6.09	-27.71	 1.561e-03	     -0.29	Gaussian	0.000000	0.000000
1037	0	  0.025879	  0.034491	     -1.00	   2727.70	   1730.63	      1.77	      1.36	      3.72	      2.85	11.86	 4.551e-03	     -0.29	Gaussian	0.000000	0.000000
1038	0	  0.024553	  0.036048	     -1.00	    319.79	    466.87	      2.76	      2.76	      5.79	      5.79	-82.52	 8.143e-04	     -0.29	Gaussian	0.000000	0.000000
1039	0	  0.024775	  0.041247	     -1.00	    256.30	   1921.15	      2.59	      2.56	      5.44	      5.39	-47.61	 7.459e-04	     -0.29	Gaussian	0.000000	0.000000
1040	0	  0.025709	  0.059858	     -1.00	   3106.54	   3442.24	      2.68	      2.39	      5.63	      5.02	58.41	 1.627e-03	     -0.29	Gaussian	0.000000	0.000000
1041	0	  0.025237	  0.030832	     -1.00	   3947.01	    546.26	      3.89	      3.87	      8.18	      8.14	75.69	 3.091e-03	     -0.29	Gaussian	0.000000	0.000000
1042	0	  0.025218	  0.052284	     -1.00	   1037.37	   2580.78	      2.35	      2.22	      4.95	      4.66	-42.06	 5.553e-04	     -0.29	Gaussian	0.000000	0.000000
1043	0	  0.025941	  0.049269	     -1.00	   3639.64	   1663.34	      1.87	      1.75	      3.94	      3.67	81.77	 2.559e-03	     -0.29	Gaussian	0.000000	0.000000
1044	0	  0.024799	  0.043512	     -1.00	    664.13	    728.22	      2.76	      2.11	      5.81	      4.45	7.06	 6.271e-04	     -0.29	Gaussian	0.000000	0.000000
1045	0	  0.024612	  0.033717	     -1.00	     51.01	   2758.42	      3.23	      2.50	      6.79	      5.26	-24.37	 5.587e-04	     -0.29	Gaussian	0.000000	0.000000
1046	0	  0.024515	  0.027097	     -1.00	   5560.17	    455.33	      4.38	      2.40	      9.20	      5.04	39.15	 1.575e-03	     -0.29	Gaussian	0.000000	0.000000
1047	0	  0.025609	  0.039423	     -1.00	   4519.02	   3316.56	      3.43	      2.10	      7.21	      4.42	67.33	 4.379e-03	     -0.29	Gaussian	0.000000	0.000000
1048	0	  0.025183	  0.029765	     -1.00	   3292.36	    380.06	      3.89	      2.74	      8.18	      5.75	84.51	 2.153e-03	     -0.29	Gaussian	0.000000	0.000000
1049	0	  0.025634	  0.034216	     -1.00	   2032.33	   1654.26	      3.81	      3.72	      8.01	      7.83	8.73	 3.427e-03	     -0.29	Gaussian	0.000000	0.000000
1050	0	  0.025548	  0.063074	     -1.00	   1996.51	   1791.04	      2.16	      1.97	      4.55	      4.14	-86.24	 5.586e-04	     -0.29	Gaussian	0.000000	0.000000
1051	0	  0.025829	  0.057157	     -1.00	   4305.42	   2102.61	      1.75	      1.57	      3.68	      3.29	75.38	 2.725e-03	     -0.29	Gaussian	0.000000	0.000000
1052	0	  0.024860	  0.045002	     -1.00	    645.40	   1077.84	      2.71	      2.20	      5.69	      4.62	1.80	 6.056e-04	     -0.29	Gaussian	0.000000	0.000000
1053	0	  0.025720	  0.034427	     -1.00	   4166.85	   2958.20	      3.38	      3.34	      7.10	      7.02	81.03	 2.446e-03	     -0.29	Gaussian	0.000000	0.000000
1054	0	  0.024396	  0.042976	     -1.00	   6265.74	    103.85	      3.07	      2.03	      6.45	      4.26	40.38	 6.120e-04	     -0.29	Gaussian	0.000000	0.000000
1055	0	  0.026775	  0.070298	     -1.00	   3920.91	   1000.91	      2.09	      1.81	      4.40	      3.81	87.10	 5.245e-03	     -0.29	Gaussian	0.000000	0.000000
1056	0	  0.025590	  0.059989	     -1.00	   2140.60	   2571.68	      2.28	      1.94	      4.80	      4.08	-83.48	 5.011e-04	     -0.29	Gaussian	0.000000	0.000000
1057	0	  0.025396	  0.059774	     -1.00	   1496.70	   2871.92	      2.11	      2.11	      4.43	      4.43	47.15	 5.347e-04	     -0.29	Gaussian	0.000000	0.000000
1058	0	  0.025697	  0.032072	     -1.00	   2653.03	   1293.99	      1.75	      1.73	      3.67	      3.63	25.23	 4.033e-03	     -0.29	Gaussian	0.000000	0.000000
1059	0	  0.025472	  0.062248	     -1.00	   1727.19	   1308.78	      2.09	      2.04	      4.39	      4.29	-89.76	 5.443e-04	     -0.29	Gaussian	0.000000	0.000000
1060	0	  0.025560	  0.063506	     -1.00	   2257.98	   1857.90	      2.23	      1.88	      4.68	      3.95	-83.87	 5.527e-04	     -0.29	Gaussian	0.000000	0.000000
1061	0	  0.025292	  0.056212	     -1.00	   1263.55	   1877.55	      2.19	      2.16	      4.60	      4.54	-61.00	 5.671e-04	     -0.29	Gaussian	0.000000	0.000000
1062	0	  0.025212	  0.061822	     -1.00	   5090.30	    615.86	      2.26	      1.89	      4.74	      3.98	50.04	 6.424e-04	     -0.28	Gaussian	0.000000	0.000000
1063	0	  0.025750	  0.058134	     -1.00	   3556.80	   1866.98	      2.34	      1.94	      4.91	      4.07	-87.51	 5.075e-04	     -0.28	Gaussian	0.000000	0.000000
1064	0	  0.024906	  0.043759	     -1.00	    709.11	   1113.51	      2.00	      1.66	      4.21	      3.48	-8.39	 1.735e-03	     -0.28	Gaussian	0.000000	0.000000
1065	0	  0.025017	  0.044328	     -1.00	    786.39	   2560.16	      2.43	      2.43	      5.10	      5.10	-81.95	 5.984e-04	     -0.28	Gaussian	0.000000	0.000000
1066	0	  0.025618	  0.039187	     -1.00	   3011.66	   1240.72	      3.58	      3.53	      7.52	      7.43	8.38	 3.323e-03	     -0.28	Gaussian	0.000000	0.000000
1067	0	  0.025598	  0.030857	     -1.00	   3441.60	   3528.12	      3.72	      3.63	      7.81	      7.64	14.81	 2.694e-03	     -0.28	Gaussian	0.000000	0.000000
1068	0	  0.024404	  0.024953	     -1.00	   6356.50	   3863.47	      4.31	      2.43	      9.05	      5.10	34.26	 5.806e-04	     -0.28	Gaussian	0.000000	0.000000
1069	0	  0.025512	  0.052931	     -1.00	   5023.38	   2184.24	      1.81	      1.49	      3.81	      3.13	65.45	 2.121e-03	     -0.28	Gaussian	0.000000	0.000000
1070	0	  0.025320	  0.028487	     -1.00	   3882.42	   2934.22	      4.04	      2.44	      8.49	      5.12	78.42	 1.696e-03	     -0.28	Gaussian	0.000000	0.000000
1071	0	  0.025412	  0.065673	     -1.00	   4919.19	   1548.58	      2.07	      1.85	      4.35	      3.88	46.91	 6.797e-04	     -0.28	Gaussian	0.000000	0.000000
1072	0	  0.025831	  0.033058	     -1.00	   3623.56	   3293.23	      3.88	      3.77	      8.15	      7.92	12.78	 3.421e-03	     -0.28	Gaussian	0.000000	0.000000
1073	0	  0.025194	  0.054018	     -1.00	   1276.67	   1048.07	      2.42	      1.99	      5.08	      4.18	18.82	 5.581e-04	     -0.28	Gaussian	0.000000	0.000000
1074	0	  0.025386	  0.052797	     -1.00	   5300.94	   1566.22	      2.98	      2.64	      6.27	      5.54	-44.60	 2.333e-03	     -0.28	Gaussian	0.000000	0.000000
1075	0	  0.025107	  0.037089	     -1.00	   6270.07	    927.42	      3.31	      2.37	      6.96	      4.99	32.83	 2.485e-03	     -0.28	Gaussian	0.000000	0.000000
1076	0	  0.025266	  0.056267	     -1.00	   4549.92	   4063.69	      2.53	      1.81	      5.31	      3.81	70.25	 5.072e-04	     -0.28	Gaussian	0.000000	0.000000
1077	0	  0.024623	  0.031498	     -1.00	     21.42	   2910.37	      3.22	      2.54	      6.77	      5.34	-26.72	 5.729e-04	     -0.28	Gaussian	0.000000	0.000000
1078	0	  0.024702	  0.048838	     -1.00	   5408.08	     21.18	      2.71	      2.03	      5.70	      4.28	43.33	 6.673e-04	     -0.28	Gaussian	0.000000	0.000000
1079	0	  0.025698	  0.058332	     -1.00	   4035.92	   1842.76	      2.32	      1.90	      4.87	      4.00	-89.13	 5.752e-04	     -0.28	Gaussian	0.000000	0.000000
1080	0	  0.024963	  0.036703	     -1.00	    490.20	    230.89	      2.64	      2.64	      5.55	      5.55	62.87	 1.479e-03	     -0.28	Gaussian	0.000000	0.000000
1081	0	  0.024988	  0.037809	     -1.00	   5765.56	    453.75	      1.69	      1.54	      3.55	      3.23	70.23	 3.080e-03	     -0.28	Gaussian	0.000000	0.000000
1082	0	  0.025418	  0.054979	     -1.00	   4428.90	   3740.66	      2.46	      1.88	      5.18	      3.96	74.82	 4.797e-04	     -0.28	Gaussian	0.000000	0.000000
1083	0	  0.025238	  0.032699	     -1.00	   4063.09	   3855.28	      3.45	      2.87	      7.24	      6.04	31.64	 1.610e-03	     -0.28	Gaussian	0.000000	0.000000
1084	0	  0.025537	  0.049822	     -1.00	   1541.30	    818.79	      1.79	      1.66	      3.77	      3.50	78.15	 2.715e-03	     -0.28	Gaussian	0.000000	0.000000
1085	0	  0.025269	  0.036625	     -1.00	   5196.47	   1337.07	      3.56	      3.56	      7.47	      7.47	15.44	 3.235e-03	     -0.28	Gaussian	0.000000	0.000000
1086	0	  0.025146	  0.044266	     -1.00	   1487.45	   3834.34	      2.65	      2.17	      5.58	      4.57	-63.38	 4.379e-04	     -0.28	Gaussian	0.000000	0.000000
1087	0	  0.025425	  0.061042	     -1.00	   2697.84	    138.92	      2.14	      1.95	      4.50	      4.10	54.20	 9.013e-04	     -0.28	Gaussian	0.000000	0.000000
1088	0	  0.025318	  0.053070	     -1.00	   1581.69	   3305.39	      2.37	      2.03	      4.97	      4.27	-69.15	 4.938e-04	     -0.28	Gaussian	0.000000	0.000000
1089	0	  0.025163	  0.038435	     -1.00	   1041.86	   3966.08	      2.89	      2.29	      6.08	      4.82	-55.04	 7.053e-04	     -0.28	Gaussian	0.000000	0.000000
1090	0	  0.025457	  0.042687	     -1.00	   6000.55	   2822.41	      2.21	      1.98	      4.64	      4.16	70.35	 2.354e-03	     -0.27	Gaussian	0.000000	0.000000
1091	0	  0.025903	  0.047336	     -1.00	   2593.65	   2459.64	      1.54	      1.41	      3.24	      2.95	75.99	 3.478e-03	     -0.27	Gaussian	0.000000	0.000000
1092	0	  0.025283	  0.062961	     -1.00	   3864.92	    138.64	      2.14	      1.88	      4.49	      3.96	57.86	 5.829e-04	     -0.27	Gaussian	0.000000	0.000000
1093	0	  0.024980	  0.049280	     -1.00	   1374.41	    487.70	      2.51	      2.05	      5.27	      4.31	19.70	 5.650e-04	     -0.27	Gaussian	0.000000	0.000000
1094	0	  0.025683	  0.056010	     -1.00	   3055.33	   3760.31	      2.41	      1.87	      5.06	      3.94	86.88	 8.891e-04	     -0.27	Gaussian	0.000000	0.000000
1095	0	  0.025052	  0.025558	     -1.00	   1873.30	   3643.18	      4.26	      2.43	      8.96	      5.10	-86.22	 1.328e-03	     -0.27	Gaussian	0.000000	0.000000
1096	0	  0.025296	  0.052836	     -1.00	   5286.32	   3094.59	      2.50	      1.91	      5.25	      4.02	62.09	 5.189e-04	     -0.27	Gaussian	0.000000	0.000000
1097	0	  0.025310	  0.063405	     -1.00	   2923.95	    234.63	      2.11	      1.89	      4.43	      3.97	71.80	 5.627e-04	     -0.27	Gaussian	0.000000	0.000000
1098	0	  0.025252	  0.054641	     -1.00	   5181.58	   3447.72	      2.49	      1.86	      5.24	      3.91	61.66	 5.092e-04	     -0.27	Gaussian	0.000000	0.000000
1099	0	  0.024699	  0.027786	     -1.00	    148.62	   3474.90	      3.35	      2.70	      7.05	      5.67	-34.76	 6.447e-04	     -0.27	Gaussian	0.000000	0.000000
1100	0	  0.025284	  0.031304	     -1.00	   1821.17	    490.37	      3.64	      3.58	      7.66	      7.52	73.05	 2.798e-03	     -0.27	Gaussian	0.000000	0.000000
1101	0	  0.025322	  0.027832	     -1.00	   1957.18	    806.48	      3.60	      3.51	      7.56	      7.38	68.49	 2.641e-03	     -0.27	Gaussian	0.000000	0.000000
1102	0	  0.025482	  0.034390	     -1.00	   1506.19	   3499.42	      1.67	      1.51	      3.51	      3.18	-2.27	 3.149e-03	     -0.27	Gaussian	0.000000	0.000000
1103	0	  0.024929	  0.054420	     -1.00	   5637.32	    791.81	      2.39	      1.93	      5.03	      4.05	49.15	 5.843e-04	     -0.27	Gaussian	0.000000	0.000000
1104	0	  0.025425	  0.053423	     -1.00	   2590.66	   3852.63	      2.41	      1.94	      5.06	      4.08	-89.44	 4.733e-04	     -0.27	Gaussian	0.000000	0.000000
1105	0	  0.025726	  0.049492	     -1.00	   3821.21	   2341.38	      2.84	      2.19	      5.96	      4.60	85.61	 1.068e-03	     -0.27	Gaussian	0.000000	0.000000
1106	0	  0.025925	  0.050347	     -1.00	   3158.49	   3556.87	      1.81	      1.53	      3.81	      3.22	75.61	 3.047e-03	     -0.27	Gaussian	0.000000	0.000000
1107	0	  0.025644	  0.034507	     -1.00	   3126.67	   3693.04	      3.56	      3.56	      7.49	      7.48	15.20	 3.239e-03	     -0.27	Gaussian	0.000000	0.000000
1108	0	  0.025245	  0.060591	     -1.00	   3377.74	    124.65	      2.15	      1.90	      4.51	      4.00	57.01	 5.463e-04	     -0.27	Gaussian	0.000000	0.000000
1109	0	  0.025564	  0.058224	     -1.00	   2724.54	    975.67	      2.16	      1.97	      4.55	      4.14	80.30	 4.979e-04	     -0.27	Gaussian	0.000000	0.000000
1110	0	  0.024816	  0.038539	     -1.00	    415.56	   2082.85	      2.74	      2.34	      5.76	      4.92	-7.45	 4.906e-04	     -0.27	Gaussian	0.000000	0.000000
1111	0	  0.025678	  0.028818	     -1.00	   2569.86	   1564.02	      1.81	      1.80	      3.80	      3.78	21.01	 3.684e-03	     -0.27	Gaussian	0.000000	0.000000
1112	0	  0.024877	  0.028446	     -1.00	    705.95	   1320.06	      3.50	      3.25	      7.36	      6.83	78.73	 1.435e-03	     -0.27	Gaussian	0.000000	0.000000
1113	0	  0.024721	  0.032929	     -1.00	    232.43	   2867.73	      3.06	      2.45	      6.43	      5.15	-27.59	 5.280e-04	     -0.27	Gaussian	0.000000	0.000000
1114	0	  0.025724	  0.043389	     -1.00	   2814.00	   2675.38	      2.87	      2.78	      6.04	      5.84	7.78	 1.911e-03	     -0.27	Gaussian	0.000000	0.000000
1115	0	  0.025079	  0.030518	     -1.00	   5668.94	   1318.82	      1.73	      1.67	      3.64	      3.52	64.13	 3.248e-03	     -0.27	Gaussian	0.000000	0.000000
1116	0	  0.025774	  0.053315	     -1.00	   3263.73	   2352.21	      2.40	      2.03	      5.04	      4.26	69.36	 6.888e-04	     -0.27	Gaussian	0.000000	0.000000
1117	0	  0.025480	  0.033981	     -1.00	   4445.51	   2536.46	      3.33	      2.18	      6.99	      4.59	43.12	 6.358e-04	     -0.27	Gaussian	0.000000	0.000000
1118	0	  0.024902	  0.041989	     -1.00	    722.36	   1195.19	      2.42	      2.42	      5.09	      5.08	74.41	 6.386e-04	     -0.27	Gaussian	0.000000	0.000000
1119	0	  0.025072	  0.051935	     -1.00	   2056.55	     44.00	      2.40	      1.98	      5.04	      4.15	33.11	 5.685e-04	     -0.27	Gaussian	0.000000	0.000000
1120	0	  0.024108	  0.027754	     -1.00	     49.27	     62.40	      3.53	      2.51	      7.41	      5.28	-1.83	 5.108e-04	     -0.27	Gaussian	0.000000	0.000000
1121	0	  0.024998	  0.048586	     -1.00	   5674.58	   1109.22	      2.23	      1.81	      4.69	      3.81	51.22	 1.010e-03	     -0.27	Gaussian	0.000000	0.000000
1122	0	  0.024521	  0.025432	     -1.00	     72.07	   3785.58	      3.53	      2.74	      7.41	      5.76	-38.78	 4.642e-04	     -0.27	Gaussian	0.000000	0.000000
1123	0	  0.024557	  0.038459	     -1.00	   6349.91	   3711.05	      3.19	      2.00	      6.71	      4.20	55.98	 4.948e-04	     -0.27	Gaussian	0.000000	0.000000
1124	0	  0.025238	  0.055572	     -1.00	   4593.43	    533.38	      2.41	      2.12	      5.06	      4.46	56.51	 7.379e-04	     -0.27	Gaussian	0.000000	0.000000
1125	0	  0.025427	  0.045797	     -1.00	   2670.57	    655.18	      3.68	      2.14	      7.74	      4.50	-68.75	 2.353e-03	     -0.27	Gaussian	0.000000	0.000000
1126	0	  0.025125	  0.049486	     -1.00	   4679.53	    533.33	      2.70	      1.99	      5.68	      4.18	35.75	 1.019e-03	     -0.27	Gaussian	0.000000	0.000000
1127	0	  0.025010	  0.022715	     -1.00	   1050.38	   3255.15	      4.11	      4.09	      8.63	      8.60	-87.50	 2.198e-03	     -0.27	Gaussian	0.000000	0.000000
1128	0	  0.024851	  0.045166	     -1.00	   5761.04	   3752.64	      2.88	      1.88	      6.05	      3.96	60.15	 4.996e-04	     -0.27	Gaussian	0.000000	0.000000
1129	0	  0.025091	  0.042021	     -1.00	   5503.21	   3066.19	      2.98	      2.04	      6.27	      4.28	52.43	 6.415e-04	     -0.26	Gaussian	0.000000	0.000000
1130	0	  0.025601	  0.038167	     -1.00	   2549.04	   1004.67	      3.11	      2.89	      6.53	      6.07	3.05	 1.965e-03	     -0.26	Gaussian	0.000000	0.000000
1131	0	  0.025335	  0.054659	     -1.00	   5191.61	   1991.89	      2.30	      1.94	      4.83	      4.07	69.15	 5.359e-04	     -0.26	Gaussian	0.000000	0.000000
1132	0	  0.025946	  0.053546	     -1.00	   3185.47	   2663.25	      2.59	      2.23	      5.43	      4.69	70.63	 1.203e-03	     -0.26	Gaussian	0.000000	0.000000
1133	0	  0.024279	  0.037524	     -1.00	   6373.51	    151.57	      3.09	      2.10	      6.48	      4.41	38.16	 5.497e-04	     -0.26	Gaussian	0.000000	0.000000
1134	0	  0.025311	  0.022910	     -1.00	   1913.44	   3925.33	      1.83	      1.81	      3.84	      3.80	86.65	 3.021e-03	     -0.26	Gaussian	0.000000	0.000000
1135	0	  0.024976	  0.034300	     -1.00	   1610.54	     79.33	      2.95	      2.90	      6.20	      6.10	78.41	 1.367e-03	     -0.26	Gaussian	0.000000	0.000000
1136	0	  0.025335	  0.024629	     -1.00	   3273.33	   1654.19	      4.41	      2.33	      9.26	      4.89	-86.53	 1.568e-03	     -0.26	Gaussian	0.000000	0.000000
1137	0	  0.024900	  0.050209	     -1.00	   5339.30	    296.63	      2.41	      2.00	      5.06	      4.20	45.00	 5.681e-04	     -0.26	Gaussian	0.000000	0.000000
1138	0	  0.025681	  0.059393	     -1.00	   3632.72	   1453.64	      2.14	      1.90	      4.51	      3.99	-88.83	 5.264e-04	     -0.26	Gaussian	0.000000	0.000000
1139	0	  0.025096	  0.051981	     -1.00	   5587.00	   3688.49	      2.28	      1.74	      4.80	      3.65	60.81	 8.951e-04	     -0.26	Gaussian	0.000000	0.000000
1140	0	  0.025794	  0.055568	     -1.00	   2481.12	   2031.47	      1.65	      1.65	      3.47	      3.47	-89.02	 2.365e-03	     -0.26	Gaussian	0.000000	0.000000
1141	0	  0.025145	  0.049861	     -1.00	   1774.61	    219.14	      2.42	      2.00	      5.09	      4.20	32.01	 6.639e-04	     -0.26	Gaussian	0.000000	0.000000
1142	0	  0.025220	  0.060250	     -1.00	   3727.71	     77.96	      2.00	      2.00	      4.21	      4.20	-87.67	 6.541e-04	     -0.26	Gaussian	0.000000	0.000000
1143	0	  0.024845	  0.035989	     -1.00	   5530.94	   1069.26	      3.52	      2.37	      7.40	      4.98	72.08	 1.591e-03	     -0.26	Gaussian	0.000000	0.000000
1144	0	  0.025203	  0.040807	     -1.00	   4936.41	   3569.09	      3.17	      2.60	      6.67	      5.46	35.43	 1.415e-03	     -0.26	Gaussian	0.000000	0.000000
1145	0	  0.025138	  0.054977	     -1.00	   2289.27	     65.89	      2.23	      1.96	      4.69	      4.11	48.52	 5.367e-04	     -0.26	Gaussian	0.000000	0.000000
1146	0	  0.025349	  0.040743	     -1.00	   1921.07	   3588.13	      2.99	      2.94	      6.28	      6.18	-5.43	 1.633e-03	     -0.26	Gaussian	0.000000	0.000000
1147	0	  0.025503	  0.025878	     -1.00	   2224.05	   1693.23	      3.72	      3.56	      7.82	      7.48	77.34	 2.449e-03	     -0.26	Gaussian	0.000000	0.000000
1148	0	  0.025397	  0.054857	     -1.00	   1818.66	   1138.17	      2.15	      2.03	      4.52	      4.26	46.63	 5.498e-04	     -0.26	Gaussian	0.000000	0.000000
1149	0	  0.025457	  0.056971	     -1.00	   4345.31	   1070.69	      2.16	      1.94	      4.53	      4.08	89.04	 5.633e-04	     -0.26	Gaussian	0.000000	0.000000
1150	0	  0.024981	  0.038057	     -1.00	    916.39	   3568.29	      2.67	      2.34	      5.61	      4.92	-45.21	 5.125e-04	     -0.26	Gaussian	0.000000	0.000000
1151	0	  0.025226	  0.049389	     -1.00	   4865.85	   3947.45	      2.63	      1.83	      5.52	      3.86	70.31	 4.767e-04	     -0.26	Gaussian	0.000000	0.000000
1152	0	  0.025274	  0.029873	     -1.00	   5131.88	   2484.13	      3.53	      3.50	      7.41	      7.36	78.50	 2.235e-03	     -0.26	Gaussian	0.000000	0.000000
1153	0	  0.025272	  0.045872	     -1.00	   1707.42	   3618.66	      2.49	      2.07	      5.24	      4.36	-70.80	 4.766e-04	     -0.26	Gaussian	0.000000	0.000000
1154	0	  0.025073	  0.041505	     -1.00	   1034.06	   3441.68	      2.60	      2.20	      5.47	      4.61	-43.93	 4.885e-04	     -0.26	Gaussian	0.000000	0.000000
1155	0	  0.025713	  0.051934	     -1.00	   2542.73	   2450.28	      1.93	      1.71	      4.05	      3.59	83.40	 1.241e-03	     -0.26	Gaussian	0.000000	0.000000
1156	0	  0.025504	  0.052890	     -1.00	   2322.65	   3539.60	      2.34	      1.91	      4.92	      4.01	-86.49	 4.755e-04	     -0.26	Gaussian	0.000000	0.000000
1157	0	  0.025160	  0.046876	     -1.00	   4892.96	   4055.12	      2.70	      1.87	      5.68	      3.92	68.88	 4.692e-04	     -0.26	Gaussian	0.000000	0.000000
1158	0	  0.024706	  0.047266	     -1.00	   5879.92	    536.66	      2.59	      1.93	      5.44	      4.05	41.88	 5.501e-04	     -0.26	Gaussian	0.000000	0.000000
1159	0	  0.025138	  0.049610	     -1.00	   4650.99	    227.30	      2.57	      2.53	      5.41	      5.31	-65.37	 1.462e-03	     -0.26	Gaussian	0.000000	0.000000
1160	0	  0.025285	  0.024118	     -1.00	   1755.25	    132.14	      3.89	      3.51	      8.18	      7.37	74.35	 2.672e-03	     -0.26	Gaussian	0.000000	0.000000
1161	0	  0.025810	  0.053467	     -1.00	   3586.76	   1814.56	      2.27	      1.94	      4.76	      4.08	-86.41	 5.212e-04	     -0.26	Gaussian	0.000000	0.000000
1162	0	  0.025769	  0.052190	     -1.00	   2802.53	   2337.26	      2.48	      2.29	      5.22	      4.82	82.92	 1.017e-03	     -0.26	Gaussian	0.000000	0.000000
1163	0	  0.025704	  0.053300	     -1.00	   3875.98	   2978.50	      2.62	      2.25	      5.50	      4.74	23.84	 1.567e-03	     -0.26	Gaussian	0.000000	0.000000
1164	0	  0.026015	  0.046862	     -1.00	   5166.49	   3539.67	      2.65	      1.88	      5.57	      3.96	63.70	 3.004e-03	     -0.26	Gaussian	0.000000	0.000000
1165	0	  0.025468	  0.043405	     -1.00	   2831.60	   3781.96	      2.66	      2.25	      5.59	      4.74	-65.28	 8.096e-04	     -0.26	Gaussian	0.000000	0.000000
1166	0	  0.025070	  0.042660	     -1.00	   1104.80	   1148.74	      2.42	      2.26	      5.08	      4.76	12.38	 5.067e-04	     -0.26	Gaussian	0.000000	0.000000
1167	0	  0.024361	  0.028449	     -1.00	    157.48	    428.41	      2.86	      2.86	      6.02	      6.01	70.16	 6.884e-04	     -0.26	Gaussian	0.000000	0.000000
1168	0	  0.025292	  0.047841	     -1.00	   1385.58	   1155.75	      2.25	      2.16	      4.73	      4.54	30.81	 5.855e-04	     -0.25	Gaussian	0.000000	0.000000
1169	0	  0.024540	  0.024960	     -1.00	    358.71	   4051.98	      3.32	      2.81	      6.98	      5.91	-44.81	 4.953e-04	     -0.25	Gaussian	0.000000	0.000000
1170	0	  0.025326	  0.048439	     -1.00	   2960.24	    489.13	      2.48	      2.12	      5.21	      4.45	66.61	 8.214e-04	     -0.25	Gaussian	0.000000	0.000000
1171	0	  0.024645	  0.029366	     -1.00	   6047.27	   3274.10	      3.80	      2.20	      7.98	      4.62	52.18	 8.298e-04	     -0.25	Gaussian	0.000000	0.000000
1172	0	  0.025809	  0.051870	     -1.00	   3087.95	   2733.45	      2.11	      2.11	      4.44	      4.44	-23.81	 7.198e-04	     -0.25	Gaussian	0.000000	0.000000
1173	0	  0.024929	  0.041271	     -1.00	   5411.36	   4170.71	      2.95	      1.90	      6.20	      4.00	62.27	 4.296e-04	     -0.25	Gaussian	0.000000	0.000000
1174	0	  0.024764	  0.033229	     -1.00	    268.04	   2194.68	      2.91	      2.39	      6.12	      5.02	-16.28	 5.016e-04	     -0.25	Gaussian	0.000000	0.000000
1175	0	  0.025404	  0.039768	     -1.00	   2818.69	    413.67	      1.81	      1.71	      3.80	      3.60	68.86	 2.480e-03	     -0.25	Gaussian	0.000000	0.000000
1176	0	  0.025345	  0.053181	     -1.00	   4995.03	   1592.49	      2.63	      2.59	      5.54	      5.45	32.34	 1.893e-03	     -0.25	Gaussian	0.000000	0.000000
1177	0	  0.025269	  0.052844	     -1.00	   1945.68	    513.57	      2.25	      1.94	      4.72	      4.08	35.90	 5.735e-04	     -0.25	Gaussian	0.000000	0.000000
1178	0	  0.025459	  0.052367	     -1.00	   4953.09	   2914.23	      2.00	      1.84	      4.21	      3.87	74.18	 9.898e-04	     -0.25	Gaussian	0.000000	0.000000
1179	0	  0.025509	  0.060620	     -1.00	   2373.06	    982.75	      2.04	      1.86	      4.28	      3.91	81.42	 5.711e-04	     -0.25	Gaussian	0.000000	0.000000
1180	0	  0.025408	  0.050213	     -1.00	   3924.12	    678.49	      2.50	      2.33	      5.25	      4.89	17.55	 1.248e-03	     -0.25	Gaussian	0.000000	0.000000
1181	0	  0.025300	  0.027754	     -1.00	   2752.94	    439.97	      1.79	      1.77	      3.76	      3.72	24.54	 3.232e-03	     -0.25	Gaussian	0.000000	0.000000
1182	0	  0.025588	  0.036130	     -1.00	   4090.87	   3320.82	      1.81	      1.65	      3.80	      3.46	74.46	 2.888e-03	     -0.25	Gaussian	0.000000	0.000000
1183	0	  0.025213	  0.052525	     -1.00	   3324.77	     88.40	      2.35	      2.05	      4.94	      4.31	54.55	 6.653e-04	     -0.25	Gaussian	0.000000	0.000000
1184	0	  0.024668	  0.027455	     -1.00	    623.16	   3951.01	      3.29	      3.06	      6.91	      6.43	-9.21	 6.986e-04	     -0.25	Gaussian	0.000000	0.000000
1185	0	  0.025638	  0.054411	     -1.00	   2629.94	   3245.85	      2.27	      1.86	      4.76	      3.90	-86.70	 5.105e-04	     -0.25	Gaussian	0.000000	0.000000
1186	0	  0.025333	  0.050878	     -1.00	   1412.16	   2831.83	      2.23	      2.02	      4.69	      4.24	-72.68	 4.697e-04	     -0.25	Gaussian	0.000000	0.000000
1187	0	  0.025258	  0.042049	     -1.00	   4855.45	    460.13	      1.69	      1.51	      3.55	      3.18	10.68	 2.578e-03	     -0.25	Gaussian	0.000000	0.000000
1188	0	  0.025725	  0.051846	     -1.00	   3069.30	   2375.72	      2.33	      1.90	      4.90	      3.98	-86.35	 4.844e-04	     -0.25	Gaussian	0.000000	0.000000
1189	0	  0.024814	  0.042887	     -1.00	   6319.01	   2502.84	      2.78	      1.92	      5.83	      4.04	49.23	 5.397e-04	     -0.25	Gaussian	0.000000	0.000000
1190	0	  0.025217	  0.025306	     -1.00	   3861.24	   3989.16	      4.24	      2.23	      8.90	      4.69	71.34	 1.201e-03	     -0.25	Gaussian	0.000000	0.000000
1191	0	  0.025005	  0.051647	     -1.00	   5248.06	    372.94	      2.32	      1.90	      4.88	      3.99	46.15	 5.810e-04	     -0.25	Gaussian	0.000000	0.000000
1192	0	  0.025597	  0.046055	     -1.00	   2416.80	   3072.36	      2.75	      2.32	      5.77	      4.88	66.53	 1.259e-03	     -0.25	Gaussian	0.000000	0.000000
1193	0	  0.025274	  0.047858	     -1.00	   1141.83	   2086.48	      2.18	      2.18	      4.59	      4.59	-75.49	 5.451e-04	     -0.25	Gaussian	0.000000	0.000000
1194	0	  0.025004	  0.050517	     -1.00	   5601.07	    869.75	      2.42	      1.86	      5.09	      3.91	43.09	 5.789e-04	     -0.25	Gaussian	0.000000	0.000000
1195	0	  0.025567	  0.050662	     -1.00	   3335.91	   3478.84	      2.36	      1.89	      4.97	      3.98	84.22	 4.532e-04	     -0.25	Gaussian	0.000000	0.000000
1196	0	  0.025019	  0.041393	     -1.00	    872.30	   1021.15	      2.34	      2.34	      4.91	      4.91	67.28	 7.105e-04	     -0.25	Gaussian	0.000000	0.000000
1197	0	  0.025302	  0.043561	     -1.00	   2287.78	   4199.60	      2.60	      2.00	      5.47	      4.21	-81.15	 4.967e-04	     -0.25	Gaussian	0.000000	0.000000
1198	0	  0.025377	  0.045414	     -1.00	   2082.01	   3872.47	      2.23	      2.23	      4.69	      4.69	-18.71	 6.708e-04	     -0.25	Gaussian	0.000000	0.000000
1199	0	  0.025015	  0.042884	     -1.00	    973.96	   1152.89	      2.47	      2.13	      5.20	      4.47	13.66	 5.526e-04	     -0.25	Gaussian	0.000000	0.000000
1200	0	  0.024734	  0.034997	     -1.00	    430.76	   1220.39	      2.54	      2.54	      5.34	      5.33	72.69	 7.113e-04	     -0.25	Gaussian	0.000000	0.000000
1201	0	  0.025364	  0.042103	     -1.00	   3695.24	   4035.24	      2.86	      2.01	      6.01	      4.23	66.22	 7.036e-04	     -0.25	Gaussian	0.000000	0.000000
1202	0	  0.025127	  0.025259	     -1.00	   3727.31	   4191.66	      4.32	      2.30	      9.08	      4.83	51.32	 1.310e-03	     -0.25	Gaussian	0.000000	0.000000
1203	0	  0.026815	  0.055043	     -1.00	   3191.06	   2220.78	      2.24	      1.82	      4.71	      3.82	-88.59	 4.537e-03	     -0.25	Gaussian	0.000000	0.000000
1204	0	  0.025589	  0.054577	     -1.00	   3110.30	   1364.66	      2.17	      1.90	      4.56	      3.99	-87.41	 4.721e-04	     -0.25	Gaussian	0.000000	0.000000
1205	0	  0.024698	  0.028677	     -1.00	    625.95	   3910.77	      3.13	      2.50	      6.59	      5.25	-43.56	 4.537e-04	     -0.25	Gaussian	0.000000	0.000000
1206	0	  0.025434	  0.037445	     -1.00	   4755.45	   3144.35	      2.47	      2.42	      5.20	      5.08	-59.19	 8.949e-04	     -0.25	Gaussian	0.000000	0.000000
1207	0	  0.025332	  0.049710	     -1.00	   4812.49	   1122.70	      2.28	      1.98	      4.78	      4.16	67.52	 5.028e-04	     -0.25	Gaussian	0.000000	0.000000
1208	0	  0.025062	  0.042285	     -1.00	    892.84	   2577.71	      2.43	      2.19	      5.10	      4.60	-32.88	 4.947e-04	     -0.25	Gaussian	0.000000	0.000000
1209	0	  0.024563	  0.029640	     -1.00	     33.13	   2648.32	      3.05	      2.49	      6.40	      5.23	-16.75	 5.740e-04	     -0.25	Gaussian	0.000000	0.000000
1210	0	  0.024895	  0.037115	     -1.00	    642.46	   1308.17	      2.46	      2.46	      5.16	      5.16	80.02	 6.157e-04	     -0.25	Gaussian	0.000000	0.000000
1211	0	  0.024445	  0.031430	     -1.00	   6059.07	    190.37	      1.96	      1.71	      4.13	      3.60	68.65	 1.868e-03	     -0.25	Gaussian	0.000000	0.000000
1212	0	  0.025364	  0.022845	     -1.00	   2635.14	    983.04	      4.01	      3.83	      8.44	      8.04	84.50	 2.489e-03	     -0.25	Gaussian	0.000000	0.000000
1213	0	  0.024783	  0.038450	     -1.00	   5820.80	   3997.96	      3.04	      1.92	      6.38	      4.03	60.97	 4.798e-04	     -0.25	Gaussian	0.000000	0.000000
1214	0	  0.026046	  0.039894	     -1.00	   2395.67	   1332.74	      1.68	      1.55	      3.54	      3.27	72.99	 3.333e-03	     -0.25	Gaussian	0.000000	0.000000
1215	0	  0.025652	  0.047892	     -1.00	   3378.45	   3322.57	      2.41	      1.93	      5.07	      4.06	84.78	 4.653e-04	     -0.25	Gaussian	0.000000	0.000000
1216	0	  0.024937	  0.044550	     -1.00	   1849.13	     51.68	      2.48	      2.02	      5.21	      4.25	29.10	 5.410e-04	     -0.25	Gaussian	0.000000	0.000000
1217	0	  0.025287	  0.053191	     -1.00	   4825.15	   3982.77	      2.10	      1.82	      4.41	      3.83	78.49	 1.097e-03	     -0.25	Gaussian	0.000000	0.000000
1218	0	  0.025428	  0.056089	     -1.00	   3452.00	    797.95	      2.17	      1.83	      4.56	      3.85	88.87	 5.001e-04	     -0.24	Gaussian	0.000000	0.000000
1219	0	  0.025607	  0.052300	     -1.00	   2943.32	   1394.57	      2.24	      1.91	      4.70	      4.01	-88.92	 5.023e-04	     -0.24	Gaussian	0.000000	0.000000
1220	0	  0.025515	  0.052916	     -1.00	   3931.83	   1152.94	      2.20	      1.91	      4.63	      4.02	88.52	 5.219e-04	     -0.24	Gaussian	0.000000	0.000000
1221	0	  0.025388	  0.041607	     -1.00	   2306.17	   4243.59	      2.31	      2.31	      4.85	      4.85	3.04	 8.841e-04	     -0.24	Gaussian	0.000000	0.000000
1222	0	  0.025024	  0.045889	     -1.00	   1352.10	    636.51	      2.42	      2.00	      5.09	      4.20	23.06	 5.278e-04	     -0.24	Gaussian	0.000000	0.000000
1223	0	  0.024613	  0.025917	     -1.00	    272.60	   3578.87	      3.25	      2.63	      6.83	      5.53	-36.67	 4.681e-04	     -0.24	Gaussian	0.000000	0.000000
1224	0	  0.025480	  0.048118	     -1.00	   4686.80	   3491.36	      2.37	      1.93	      4.98	      4.06	74.51	 5.464e-04	     -0.24	Gaussian	0.000000	0.000000
1225	0	  0.024736	  0.027503	     -1.00	   1005.18	    380.39	      3.40	      3.37	      7.14	      7.09	82.17	 1.293e-03	     -0.24	Gaussian	0.000000	0.000000
1226	0	  0.025616	  0.050814	     -1.00	   2834.96	   3262.36	      2.09	      2.09	      4.39	      4.39	-28.96	 6.683e-04	     -0.24	Gaussian	0.000000	0.000000
1227	0	  0.025433	  0.056788	     -1.00	   2566.15	    540.87	      2.08	      1.87	      4.37	      3.93	58.51	 5.448e-04	     -0.24	Gaussian	0.000000	0.000000
1228	0	  0.024660	  0.033384	     -1.00	    330.10	   1142.93	      2.57	      2.57	      5.40	      5.40	76.32	 6.314e-04	     -0.24	Gaussian	0.000000	0.000000
1229	0	  0.025328	  0.043525	     -1.00	   1227.93	    596.69	      2.47	      2.04	      5.19	      4.29	18.79	 1.874e-03	     -0.24	Gaussian	0.000000	0.000000
1230	0	  0.025415	  0.030202	     -1.00	   3247.22	   3485.44	      3.50	      2.19	      7.36	      4.61	89.64	 1.099e-03	     -0.24	Gaussian	0.000000	0.000000
1231	0	  0.024842	  0.041561	     -1.00	   6307.23	   1914.32	      2.27	      1.78	      4.77	      3.74	46.60	 9.976e-04	     -0.24	Gaussian	0.000000	0.000000
1232	0	  0.024936	  0.022007	     -1.00	    772.09	   1634.91	      3.57	      3.45	      7.50	      7.26	1.47	 1.277e-03	     -0.24	Gaussian	0.000000	0.000000
1233	0	  0.025521	  0.049539	     -1.00	   2040.69	   2621.88	      2.28	      1.94	      4.80	      4.08	-87.40	 4.630e-04	     -0.24	Gaussian	0.000000	0.000000
1234	0	  0.025229	  0.030750	     -1.00	    466.41	   3695.16	      2.93	      2.44	      6.15	      5.12	-39.05	 2.030e-03	     -0.24	Gaussian	0.000000	0.000000
1235	0	  0.025186	  0.043178	     -1.00	   1288.63	   1434.33	      2.57	      2.44	      5.40	      5.14	24.90	 8.628e-04	     -0.24	Gaussian	0.000000	0.000000
1236	0	  0.025315	  0.046149	     -1.00	   1297.47	   1366.85	      2.29	      2.07	      4.82	      4.36	17.47	 5.659e-04	     -0.24	Gaussian	0.000000	0.000000
1237	0	  0.025264	  0.024650	     -1.00	   1793.94	    911.86	      1.73	      1.71	      3.64	      3.59	68.79	 2.845e-03	     -0.24	Gaussian	0.000000	0.000000
1238	0	  0.025401	  0.055546	     -1.00	   3252.94	    593.78	      2.09	      1.88	      4.39	      3.95	71.07	 4.958e-04	     -0.24	Gaussian	0.000000	0.000000
1239	0	  0.025308	  0.051869	     -1.00	   3829.75	    310.77	      2.14	      1.95	      4.50	      4.10	84.88	 5.528e-04	     -0.24	Gaussian	0.000000	0.000000
1240	0	  0.025583	  0.024629	     -1.00	   3975.90	   1185.98	      1.79	      1.77	      3.76	      3.73	19.07	 3.144e-03	     -0.24	Gaussian	0.000000	0.000000
1241	0	  0.025597	  0.049140	     -1.00	   3179.61	   1441.55	      2.29	      1.92	      4.82	      4.04	-85.80	 4.539e-04	     -0.24	Gaussian	0.000000	0.000000
1242	0	  0.024974	  0.040608	     -1.00	    861.03	   2370.53	      2.44	      2.19	      5.12	      4.61	-25.76	 4.567e-04	     -0.24	Gaussian	0.000000	0.000000
1243	0	  0.025171	  0.043563	     -1.00	   1255.35	    873.90	      2.41	      2.07	      5.08	      4.34	19.01	 6.149e-04	     -0.24	Gaussian	0.000000	0.000000
1244	0	  0.025440	  0.034643	     -1.00	   4432.68	   1580.60	      3.61	      3.53	      7.59	      7.42	9.24	 2.885e-03	     -0.24	Gaussian	0.000000	0.000000
1245	0	  0.025281	  0.050517	     -1.00	   2241.94	    454.48	      2.10	      2.04	      4.42	      4.28	63.25	 5.500e-04	     -0.24	Gaussian	0.000000	0.000000
1246	0	  0.025086	  0.042855	     -1.00	   4777.85	   4166.81	      2.74	      1.84	      5.75	      3.88	70.33	 4.209e-04	     -0.24	Gaussian	0.000000	0.000000
1247	0	  0.025125	  0.042497	     -1.00	   1245.55	   1022.88	      2.34	      2.18	      4.92	      4.58	21.18	 4.767e-04	     -0.24	Gaussian	0.000000	0.000000
1248	0	  0.024661	  0.034709	     -1.00	   6368.39	   1271.19	      3.31	      3.22	      6.95	      6.76	70.04	 1.659e-03	     -0.24	Gaussian	0.000000	0.000000
1249	0	  0.025638	  0.050029	     -1.00	   3619.93	   1396.49	      2.08	      2.08	      4.36	      4.36	1.55	 6.077e-04	     -0.24	Gaussian	0.000000	0.000000
1250	0	  0.024653	  0.027254	     -1.00	    117.44	   3015.45	      3.19	      2.49	      6.70	      5.24	-31.33	 4.739e-04	     -0.24	Gaussian	0.000000	0.000000
1251	0	  0.025198	  0.030740	     -1.00	   1595.64	   3901.59	      1.82	      1.67	      3.83	      3.52	-88.59	 2.038e-03	     -0.24	Gaussian	0.000000	0.000000
1252	0	  0.024911	  0.041936	     -1.00	   1518.49	    265.76	      2.50	      2.05	      5.26	      4.32	25.77	 4.889e-04	     -0.24	Gaussian	0.000000	0.000000
1253	0	  0.025228	  0.039877	     -1.00	   5161.81	   3199.01	      2.76	      1.95	      5.80	      4.11	54.51	 5.576e-04	     -0.24	Gaussian	0.000000	0.000000
1254	0	  0.024909	  0.039000	     -1.00	   6111.71	   1587.30	      2.83	      2.12	      5.95	      4.46	44.34	 7.134e-04	     -0.24	Gaussian	0.000000	0.000000
1255	0	  0.025332	  0.045177	     -1.00	   1549.74	   3183.31	      2.35	      2.02	      4.94	      4.25	-69.77	 4.538e-04	     -0.24	Gaussian	0.000000	0.000000
1256	0	  0.025344	  0.042570	     -1.00	   4705.39	   1384.16	      2.80	      2.37	      5.89	      4.98	52.38	 1.081e-03	     -0.24	Gaussian	0.000000	0.000000
1257	0	  0.025085	  0.043600	     -1.00	   1074.87	   1470.72	      2.34	      2.10	      4.92	      4.42	8.98	 5.014e-04	     -0.24	Gaussian	0.000000	0.000000
1258	0	  0.025644	  0.052659	     -1.00	   2621.79	   1028.67	      2.12	      1.92	      4.45	      4.04	-88.55	 6.659e-04	     -0.24	Gaussian	0.000000	0.000000
1259	0	  0.024620	  0.030819	     -1.00	    451.72	    764.06	      2.63	      2.63	      5.53	      5.53	72.05	 6.720e-04	     -0.24	Gaussian	0.000000	0.000000
1260	0	  0.024794	  0.032330	     -1.00	    269.69	   2053.12	      2.57	      2.57	      5.40	      5.40	-81.93	 6.107e-04	     -0.24	Gaussian	0.000000	0.000000
1261	0	  0.025224	  0.049615	     -1.00	   5358.88	   1796.55	      2.27	      1.89	      4.77	      3.97	61.38	 4.960e-04	     -0.24	Gaussian	0.000000	0.000000
1262	0	  0.024816	  0.039951	     -1.00	   5980.81	   3340.66	      2.84	      1.88	      5.97	      3.95	55.44	 4.510e-04	     -0.24	Gaussian	0.000000	0.000000
1263	0	  0.025538	  0.036507	     -1.00	   3366.29	   3196.24	      3.30	      2.45	      6.93	      5.15	65.07	 1.408e-03	     -0.24	Gaussian	0.000000	0.000000
1264	0	  0.024649	  0.035370	     -1.00	   6047.23	    709.26	      3.20	      2.57	      6.73	      5.41	-10.04	 1.396e-03	     -0.24	Gaussian	0.000000	0.000000
1265	0	  0.025216	  0.022397	     -1.00	   1198.04	   2355.78	      1.85	      1.85	      3.90	      3.89	75.86	 2.688e-03	     -0.23	Gaussian	0.000000	0.000000
1266	0	  0.025042	  0.038580	     -1.00	   5001.72	   4228.74	      2.86	      1.93	      6.01	      4.06	67.52	 3.800e-04	     -0.23	Gaussian	0.000000	0.000000
1267	0	  0.024477	  0.025530	     -1.00	   6296.94	    515.63	      3.54	      3.19	      7.44	      6.70	12.11	 1.298e-03	     -0.23	Gaussian	0.000000	0.000000
1268	0	  0.025832	  0.023039	     -1.00	   4071.92	   2919.96	      1.86	      1.85	      3.91	      3.88	19.85	 3.147e-03	     -0.23	Gaussian	0.000000	0.000000
1269	0	  0.025823	  0.044740	     -1.00	   4080.56	   2272.98	      1.82	      1.50	      3.82	      3.15	30.30	 2.249e-03	     -0.23	Gaussian	0.000000	0.000000
1270	0	  0.025001	  0.026372	     -1.00	   4034.40	    373.05	      3.60	      2.73	      7.58	      5.73	79.64	 1.525e-03	     -0.23	Gaussian	0.000000	0.000000
1271	0	  0.025321	  0.044476	     -1.00	   4019.77	   3935.65	      2.53	      1.89	      5.31	      3.97	78.88	 4.281e-04	     -0.23	Gaussian	0.000000	0.000000
1272	0	  0.025338	  0.042113	     -1.00	   2387.60	   4159.24	      2.53	      1.99	      5.31	      4.18	-85.20	 5.651e-04	     -0.23	Gaussian	0.000000	0.000000
1273	0	  0.024704	  0.026949	     -1.00	    524.24	   3589.88	      3.10	      2.53	      6.51	      5.33	-42.45	 4.655e-04	     -0.23	Gaussian	0.000000	0.000000
1274	0	  0.025065	  0.038397	     -1.00	    767.18	   1921.48	      2.35	      2.35	      4.93	      4.93	-72.84	 5.563e-04	     -0.23	Gaussian	0.000000	0.000000
1275	0	  0.025235	  0.047051	     -1.00	   4857.81	   3906.33	      2.51	      1.80	      5.27	      3.78	69.02	 4.611e-04	     -0.23	Gaussian	0.000000	0.000000
1276	0	  0.025449	  0.053963	     -1.00	   4064.91	    865.78	      2.10	      1.86	      4.42	      3.90	74.67	 4.711e-04	     -0.23	Gaussian	0.000000	0.000000
1277	0	  0.025627	  0.041758	     -1.00	   3764.60	   3066.07	      2.74	      2.68	      5.76	      5.63	21.68	 1.281e-03	     -0.23	Gaussian	0.000000	0.000000
1278	0	  0.024923	  0.024397	     -1.00	   1385.26	    723.48	      3.73	      3.45	      7.84	      7.26	79.48	 1.725e-03	     -0.23	Gaussian	0.000000	0.000000
1279	0	  0.025768	  0.048104	     -1.00	   2992.92	   1954.59	      2.10	      2.09	      4.41	      4.39	53.46	 6.307e-04	     -0.23	Gaussian	0.000000	0.000000
1280	0	  0.025017	  0.018896	     -1.00	   5026.35	   1976.13	      4.80	      2.41	     10.09	      5.06	75.20	 1.472e-03	     -0.23	Gaussian	0.000000	0.000000
1281	0	  0.025566	  0.030343	     -1.00	   4497.24	   2215.36	      2.26	      2.22	      4.76	      4.66	26.14	 1.207e-03	     -0.23	Gaussian	0.000000	0.000000
1282	0	  0.025189	  0.037129	     -1.00	    668.38	   2117.12	      2.38	      2.38	      5.00	      5.00	-85.91	 6.995e-04	     -0.23	Gaussian	0.000000	0.000000
1283	0	  0.024222	  0.024985	     -1.00	    250.84	     80.73	      3.37	      2.51	      7.07	      5.27	2.74	 4.944e-04	     -0.23	Gaussian	0.000000	0.000000
1284	0	  0.025356	  0.030207	     -1.00	   5095.50	   2089.98	      3.37	      3.37	      7.09	      7.07	14.06	 2.339e-03	     -0.23	Gaussian	0.000000	0.000000
1285	0	  0.025082	  0.050381	     -1.00	   5290.90	    893.31	      2.20	      1.89	      4.63	      3.98	49.97	 5.231e-04	     -0.23	Gaussian	0.000000	0.000000
1286	0	  0.025004	  0.033376	     -1.00	   5372.48	   3796.10	      3.01	      2.42	      6.34	      5.08	-17.16	 1.284e-03	     -0.23	Gaussian	0.000000	0.000000
1287	0	  0.025138	  0.030172	     -1.00	   1376.11	    781.46	      1.87	      1.54	      3.93	      3.24	86.30	 2.073e-03	     -0.23	Gaussian	0.000000	0.000000
1288	0	  0.025169	  0.038185	     -1.00	   1518.98	   3951.43	      2.54	      2.17	      5.34	      4.55	-61.91	 5.163e-04	     -0.23	Gaussian	0.000000	0.000000
1289	0	  0.024984	  0.032686	     -1.00	   1430.11	   4195.96	      2.93	      2.20	      6.15	      4.62	-63.92	 4.030e-04	     -0.23	Gaussian	0.000000	0.000000
1290	0	  0.025573	  0.045456	     -1.00	   2138.78	   1570.19	      1.60	      1.55	      3.36	      3.26	72.94	 2.099e-03	     -0.23	Gaussian	0.000000	0.000000
1291	0	  0.025159	  0.034424	     -1.00	   1090.22	    967.58	      1.94	      1.86	      4.08	      3.91	83.55	 1.636e-03	     -0.23	Gaussian	0.000000	0.000000
1292	0	  0.025109	  0.049635	     -1.00	   5007.87	    646.79	      2.22	      1.90	      4.67	      3.99	53.59	 5.027e-04	     -0.23	Gaussian	0.000000	0.000000
1293	0	  0.025157	  0.034630	     -1.00	   1536.74	   4081.27	      2.65	      2.28	      5.58	      4.80	-74.51	 6.189e-04	     -0.23	Gaussian	0.000000	0.000000
1294	0	  0.025530	  0.049697	     -1.00	   2010.00	   2842.28	      2.05	      2.05	      4.32	      4.32	8.75	 6.153e-04	     -0.23	Gaussian	0.000000	0.000000
1295	0	  0.024548	  0.028066	     -1.00	     59.64	   1868.64	      3.12	      2.40	      6.55	      5.03	-11.38	 4.773e-04	     -0.23	Gaussian	0.000000	0.000000
1296	0	  0.025473	  0.037324	     -1.00	   3098.72	   3972.48	      1.62	      1.51	      3.41	      3.17	76.43	 2.369e-03	     -0.23	Gaussian	0.000000	0.000000
1297	0	  0.025200	  0.029578	     -1.00	   1462.69	   3796.58	      1.87	      1.73	      3.92	      3.64	-89.26	 1.991e-03	     -0.23	Gaussian	0.000000	0.000000
1298	0	  0.025260	  0.050721	     -1.00	   4972.00	   1478.04	      2.21	      1.87	      4.65	      3.92	72.41	 5.281e-04	     -0.23	Gaussian	0.000000	0.000000
1299	0	  0.025315	  0.025241	     -1.00	   3287.36	   3732.18	      3.81	      2.37	      8.01	      4.98	69.39	 1.079e-03	     -0.23	Gaussian	0.000000	0.000000
1300	0	  0.025605	  0.028679	     -1.00	   4055.57	   1532.89	      3.39	      3.39	      7.13	      7.12	9.16	 2.236e-03	     -0.23	Gaussian	0.000000	0.000000
1301	0	  0.024861	  0.042013	     -1.00	   5795.89	    423.67	      2.56	      1.94	      5.38	      4.08	40.68	 5.654e-04	     -0.23	Gaussian	0.000000	0.000000
1302	0	  0.025478	  0.049494	     -1.00	   4347.78	   1540.69	      2.22	      1.90	      4.67	      3.99	84.99	 4.915e-04	     -0.23	Gaussian	0.000000	0.000000
1303	0	  0.025791	  0.052225	     -1.00	   2458.45	    589.72	      2.07	      1.93	      4.35	      4.06	69.77	 1.756e-03	     -0.23	Gaussian	0.000000	0.000000
1304	0	  0.025830	  0.038182	     -1.00	   2835.64	   2277.55	      1.75	      1.60	      3.68	      3.37	77.56	 2.302e-03	     -0.23	Gaussian	0.000000	0.000000
1305	0	  0.025586	  0.050320	     -1.00	   4044.84	   3339.39	      2.21	      1.87	      4.65	      3.92	80.41	 5.092e-04	     -0.23	Gaussian	0.000000	0.000000
1306	0	  0.025481	  0.050840	     -1.00	   2059.01	   1612.80	      2.13	      1.91	      4.49	      4.02	84.50	 4.846e-04	     -0.23	Gaussian	0.000000	0.000000
1307	0	  0.024568	  0.024111	     -1.00	     41.06	   2163.17	      3.35	      3.35	      7.04	      7.04	-83.37	 8.499e-04	     -0.23	Gaussian	0.000000	0.000000
1308	0	  0.025091	  0.029096	     -1.00	    890.44	   1165.93	      3.63	      3.62	      7.62	      7.62	77.11	 1.957e-03	     -0.23	Gaussian	0.000000	0.000000
1309	0	  0.024966	  0.042217	     -1.00	   1537.76	    374.62	      2.42	      2.03	      5.08	      4.27	24.14	 4.961e-04	     -0.23	Gaussian	0.000000	0.000000
1310	0	  0.024996	  0.032968	     -1.00	   1411.41	   4108.61	      2.86	      2.20	      6.01	      4.63	-65.67	 4.234e-04	     -0.23	Gaussian	0.000000	0.000000
1311	0	  0.025618	  0.045691	     -1.00	   3222.60	   3486.90	      2.34	      1.94	      4.91	      4.08	89.27	 4.352e-04	     -0.23	Gaussian	0.000000	0.000000
1312	0	  0.025754	  0.050123	     -1.00	   3655.72	   1723.69	      2.17	      1.90	      4.57	      4.00	83.45	 4.581e-04	     -0.23	Gaussian	0.000000	0.000000
1313	0	  0.025448	  0.035561	     -1.00	   2986.97	   3844.26	      3.12	      2.93	      6.55	      6.16	12.99	 1.888e-03	     -0.23	Gaussian	0.000000	0.000000
1314	0	  0.024790	  0.029558	     -1.00	    452.55	   3164.05	      2.99	      2.33	      6.29	      4.90	-34.82	 4.682e-04	     -0.23	Gaussian	0.000000	0.000000
1315	0	  0.025452	  0.025653	     -1.00	   3879.42	   3984.97	      3.51	      3.47	      7.38	      7.30	11.88	 1.925e-03	     -0.23	Gaussian	0.000000	0.000000
1316	0	  0.025167	  0.038400	     -1.00	   5058.26	    736.33	      1.99	      1.39	      4.19	      2.91	54.35	 1.830e-03	     -0.23	Gaussian	0.000000	0.000000
1317	0	  0.025054	  0.051218	     -1.00	   4588.86	     16.50	      2.13	      1.89	      4.47	      3.98	53.55	 5.982e-04	     -0.23	Gaussian	0.000000	0.000000
1318	0	  0.025452	  0.043436	     -1.00	   4671.49	   2718.18	      2.40	      2.38	      5.03	      5.00	36.53	 8.705e-04	     -0.23	Gaussian	0.000000	0.000000
1319	0	  0.025036	  0.032730	     -1.00	   5231.64	   1380.22	      3.50	      2.42	      7.36	      5.08	57.17	 1.438e-03	     -0.23	Gaussian	0.000000	0.000000
1320	0	  0.025461	  0.047576	     -1.00	   2381.87	    229.88	      2.20	      1.97	      4.63	      4.13	50.71	 5.179e-04	     -0.23	Gaussian	0.000000	0.000000
1321	0	  0.025157	  0.041153	     -1.00	   4840.34	   3911.07	      2.28	      1.74	      4.80	      3.66	67.38	 7.444e-04	     -0.23	Gaussian	0.000000	0.000000
1322	0	  0.025149	  0.042184	     -1.00	   4961.74	   3796.40	      2.62	      1.85	      5.51	      3.89	67.86	 4.299e-04	     -0.23	Gaussian	0.000000	0.000000
1323	0	  0.025416	  0.017653	     -1.00	   4968.78	   1987.01	      1.95	      1.94	      4.09	      4.07	20.97	 2.595e-03	     -0.23	Gaussian	0.000000	0.000000
1324	0	  0.025250	  0.025536	     -1.00	   2683.58	   4036.55	      3.80	      3.70	      7.98	      7.78	9.41	 2.212e-03	     -0.23	Gaussian	0.000000	0.000000
1325	0	  0.024895	  0.044519	     -1.00	   5669.79	    788.72	      2.39	      1.91	      5.02	      4.02	44.52	 4.990e-04	     -0.23	Gaussian	0.000000	0.000000
1326	0	  0.025535	  0.050798	     -1.00	   2313.13	   1212.04	      2.00	      2.00	      4.20	      4.20	35.60	 6.385e-04	     -0.22	Gaussian	0.000000	0.000000
1327	0	  0.025486	  0.026300	     -1.00	   3916.46	   3779.83	      3.11	      3.10	      6.54	      6.52	15.70	 1.424e-03	     -0.22	Gaussian	0.000000	0.000000
1328	0	  0.025628	  0.034413	     -1.00	   4169.64	   2176.16	      3.26	      2.02	      6.84	      4.24	-86.63	 1.188e-03	     -0.22	Gaussian	0.000000	0.000000
1329	0	  0.025701	  0.048924	     -1.00	   2636.23	   2356.91	      2.27	      1.83	      4.77	      3.84	-85.26	 4.780e-04	     -0.22	Gaussian	0.000000	0.000000
1330	0	  0.024855	  0.030834	     -1.00	    494.09	    563.02	      2.56	      2.56	      5.39	      5.39	-41.23	 1.082e-03	     -0.22	Gaussian	0.000000	0.000000
1331	0	  0.024824	  0.024718	     -1.00	   5930.35	   3862.91	      3.14	      3.14	      6.60	      6.59	16.80	 1.302e-03	     -0.22	Gaussian	0.000000	0.000000
1332	0	  0.025251	  0.038216	     -1.00	   2134.26	   4094.50	      2.30	      2.30	      4.83	      4.83	-13.73	 6.440e-04	     -0.22	Gaussian	0.000000	0.000000
1333	0	  0.025546	  0.050965	     -1.00	   3483.23	    646.64	      1.49	      1.48	      3.14	      3.10	38.91	 1.972e-03	     -0.22	Gaussian	0.000000	0.000000
1334	0	  0.025344	  0.041374	     -1.00	   1008.41	   1968.52	      2.21	      2.21	      4.65	      4.65	-73.38	 1.044e-03	     -0.22	Gaussian	0.000000	0.000000
1335	0	  0.024397	  0.025886	     -1.00	     67.10	    656.17	      2.90	      2.83	      6.10	      5.94	-75.94	 7.293e-04	     -0.22	Gaussian	0.000000	0.000000
1336	0	  0.025090	  0.038280	     -1.00	    950.47	   2280.77	      2.33	      2.26	      4.90	      4.74	-43.47	 4.608e-04	     -0.22	Gaussian	0.000000	0.000000
1337	0	  0.024934	  0.028484	     -1.00	   5222.23	    338.91	      3.14	      3.12	      6.60	      6.56	13.01	 1.766e-03	     -0.22	Gaussian	0.000000	0.000000
1338	0	  0.025959	  0.033581	     -1.00	   3154.18	   2401.61	      1.44	      1.24	      3.03	      2.61	11.19	 3.454e-03	     -0.22	Gaussian	0.000000	0.000000
1339	0	  0.024852	  0.023319	     -1.00	   6000.67	    745.87	      1.82	      1.31	      3.83	      2.76	71.81	 3.032e-03	     -0.22	Gaussian	0.000000	0.000000
1340	0	  0.025168	  0.046834	     -1.00	   2513.36	     97.03	      2.07	      2.06	      4.36	      4.34	76.21	 5.566e-04	     -0.22	Gaussian	0.000000	0.000000
1341	0	  0.025196	  0.029676	     -1.00	   5174.32	   2879.32	      3.03	      2.82	      6.36	      5.94	13.77	 1.426e-03	     -0.22	Gaussian	0.000000	0.000000
1342	0	  0.024710	  0.034775	     -1.00	   5951.45	   3870.26	      3.02	      1.91	      6.35	      4.01	57.29	 4.462e-04	     -0.22	Gaussian	0.000000	0.000000
1343	0	  0.025280	  0.028475	     -1.00	   4557.59	   4200.55	      3.22	      3.18	      6.76	      6.69	15.90	 1.577e-03	     -0.22	Gaussian	0.000000	0.000000
1344	0	  0.024515	  0.021535	     -1.00	    376.19	   4110.59	      3.37	      2.74	      7.09	      5.76	-43.32	 4.290e-04	     -0.22	Gaussian	0.000000	0.000000
1345	0	  0.025181	  0.029719	     -1.00	   1297.69	   4163.61	      2.59	      2.59	      5.44	      5.44	52.13	 1.051e-03	     -0.22	Gaussian	0.000000	0.000000
1346	0	  0.025494	  0.034356	     -1.00	   2036.70	   1270.70	      1.54	      1.47	      3.24	      3.08	71.00	 2.739e-03	     -0.22	Gaussian	0.000000	0.000000
1347	0	  0.025265	  0.043713	     -1.00	   5291.58	   2627.74	      2.42	      1.88	      5.09	      3.95	64.45	 4.531e-04	     -0.22	Gaussian	0.000000	0.000000
1348	0	  0.025519	  0.037356	     -1.00	   3984.01	   2613.62	      2.76	      2.44	      5.80	      5.12	18.41	 1.188e-03	     -0.22	Gaussian	0.000000	0.000000
1349	0	  0.025146	  0.036949	     -1.00	   5448.09	   3034.36	      3.02	      2.07	      6.35	      4.35	60.49	 7.510e-04	     -0.22	Gaussian	0.000000	0.000000
1350	0	  0.025201	  0.031211	     -1.00	   4086.67	    175.35	      2.95	      2.81	      6.20	      5.91	72.79	 1.463e-03	     -0.22	Gaussian	0.000000	0.000000
1351	0	  0.025568	  0.037819	     -1.00	   3502.38	   1393.14	      2.94	      2.39	      6.18	      5.02	54.56	 1.246e-03	     -0.22	Gaussian	0.000000	0.000000
1352	0	  0.024724	  0.017620	     -1.00	    369.90	   1788.04	      3.62	      3.59	      7.61	      7.55	-89.33	 1.033e-03	     -0.22	Gaussian	0.000000	0.000000
1353	0	  0.025353	  0.047659	     -1.00	   4065.60	    656.81	      2.12	      1.95	      4.46	      4.10	89.30	 4.656e-04	     -0.22	Gaussian	0.000000	0.000000
1354	0	  0.024835	  0.024492	     -1.00	    920.34	   4103.79	      3.29	      2.44	      6.92	      5.12	-50.77	 4.716e-04	     -0.22	Gaussian	0.000000	0.000000
1355	0	  0.025109	  0.024708	     -1.00	   5163.32	   1093.24	      3.88	      3.86	      8.16	      8.11	75.14	 2.579e-03	     -0.22	Gaussian	0.000000	0.000000
1356	0	  0.026823	  0.050561	     -1.00	   3195.15	   2213.92	      2.20	      1.76	      4.62	      3.69	-85.27	 4.975e-03	     -0.22	Gaussian	0.000000	0.000000
1357	0	  0.024805	  0.032116	     -1.00	    908.69	    495.28	      2.56	      2.48	      5.38	      5.21	56.70	 6.080e-04	     -0.22	Gaussian	0.000000	0.000000
1358	0	  0.025593	  0.044124	     -1.00	   3333.65	   3204.52	      2.31	      1.92	      4.86	      4.03	85.14	 4.664e-04	     -0.22	Gaussian	0.000000	0.000000
1359	0	  0.024653	  0.028440	     -1.00	    393.86	    805.36	      2.62	      2.62	      5.50	      5.50	75.09	 6.577e-04	     -0.22	Gaussian	0.000000	0.000000
1360	0	  0.024762	  0.018553	     -1.00	   5222.23	    779.31	      4.65	      2.35	      9.77	      4.95	54.93	 1.338e-03	     -0.22	Gaussian	0.000000	0.000000
1361	0	  0.024972	  0.036613	     -1.00	    922.84	   1767.94	      2.40	      2.23	      5.04	      4.68	-0.53	 4.371e-04	     -0.22	Gaussian	0.000000	0.000000
1362	0	  0.024476	  0.029969	     -1.00	   6058.22	    359.36	      3.29	      3.23	      6.91	      6.78	72.27	 1.392e-03	     -0.22	Gaussian	0.000000	0.000000
1363	0	  0.025031	  0.036081	     -1.00	   1205.53	   1043.16	      2.32	      2.32	      4.88	      4.88	80.50	 5.118e-04	     -0.22	Gaussian	0.000000	0.000000
1364	0	  0.025340	  0.025407	     -1.00	   3456.09	   3155.58	      3.32	      2.54	      6.99	      5.33	23.25	 1.243e-03	     -0.22	Gaussian	0.000000	0.000000
1365	0	  0.024895	  0.030057	     -1.00	   6022.26	   1558.72	      3.41	      3.37	      7.16	      7.08	15.29	 1.948e-03	     -0.22	Gaussian	0.000000	0.000000
1366	0	  0.025672	  0.048858	     -1.00	   3262.95	   1452.34	      2.15	      1.86	      4.52	      3.90	-89.40	 4.642e-04	     -0.22	Gaussian	0.000000	0.000000
1367	0	  0.025045	  0.017398	     -1.00	   2035.28	   3866.04	      4.61	      2.47	      9.69	      5.19	-81.21	 1.088e-03	     -0.22	Gaussian	0.000000	0.000000
1368	0	  0.025297	  0.021524	     -1.00	   4928.85	   1125.01	      1.79	      1.78	      3.77	      3.73	22.72	 2.728e-03	     -0.22	Gaussian	0.000000	0.000000
1369	0	  0.025464	  0.046847	     -1.00	   4314.93	   1127.26	      2.04	      2.03	      4.29	      4.27	48.14	 6.097e-04	     -0.22	Gaussian	0.000000	0.000000
1370	0	  0.024515	  0.020404	     -1.00	    235.26	   3875.96	      3.39	      2.81	      7.11	      5.90	-43.16	 4.714e-04	     -0.22	Gaussian	0.000000	0.000000
1371	0	  0.025417	  0.033775	     -1.00	   3442.18	    735.35	      2.84	      2.45	      5.97	      5.14	8.28	 1.227e-03	     -0.22	Gaussian	0.000000	0.000000
1372	0	  0.025140	  0.036612	     -1.00	   1229.68	   3082.54	      2.42	      2.19	      5.08	      4.60	-52.31	 4.255e-04	     -0.22	Gaussian	0.000000	0.000000
1373	0	  0.025491	  0.034101	     -1.00	   2646.15	   1019.38	      2.83	      2.43	      5.96	      5.10	8.01	 1.202e-03	     -0.22	Gaussian	0.000000	0.000000
1374	0	  0.025004	  0.037331	     -1.00	    827.37	   2486.58	      2.28	      2.28	      4.79	      4.79	72.90	 5.180e-04	     -0.22	Gaussian	0.000000	0.000000
1375	0	  0.025394	  0.037655	     -1.00	   5006.46	   1827.60	      1.99	      1.73	      4.17	      3.64	74.95	 1.599e-03	     -0.22	Gaussian	0.000000	0.000000
1376	0	  0.024374	  0.019477	     -1.00	    159.83	   4079.23	      3.55	      2.80	      7.46	      5.88	-41.87	 4.429e-04	     -0.22	Gaussian	0.000000	0.000000
1377	0	  0.026891	  0.049027	     -1.00	   4437.17	   2316.97	      2.16	      1.82	      4.54	      3.84	83.97	 7.525e-03	     -0.21	Gaussian	0.000000	0.000000
1378	0	  0.024439	  0.026084	     -1.00	    423.09	    132.97	      3.17	      2.33	      6.67	      4.89	3.14	 5.019e-04	     -0.21	Gaussian	0.000000	0.000000
1379	0	  0.025456	  0.036211	     -1.00	   2645.51	    507.83	      1.65	      1.49	      3.48	      3.14	74.02	 2.448e-03	     -0.21	Gaussian	0.000000	0.000000
1380	0	  0.024966	  0.035069	     -1.00	    854.29	   1096.81	      2.34	      2.34	      4.92	      4.92	66.21	 5.502e-04	     -0.21	Gaussian	0.000000	0.000000
1381	0	  0.025338	  0.031496	     -1.00	   3374.99	   3987.45	      3.08	      3.08	      6.48	      6.46	32.17	 1.741e-03	     -0.21	Gaussian	0.000000	0.000000
1382	0	  0.025255	  0.042913	     -1.00	   4717.38	    508.07	      2.27	      1.98	      4.78	      4.16	68.74	 7.826e-04	     -0.21	Gaussian	0.000000	0.000000
1383	0	  0.025395	  0.040703	     -1.00	   3270.49	   3978.81	      2.45	      1.93	      5.15	      4.05	84.27	 3.937e-04	     -0.21	Gaussian	0.000000	0.000000
1384	0	  0.025611	  0.045276	     -1.00	   2888.76	   1373.39	      2.21	      1.92	      4.64	      4.03	-85.56	 5.507e-04	     -0.21	Gaussian	0.000000	0.000000
1385	0	  0.025560	  0.045961	     -1.00	   3105.95	   3691.71	      2.29	      1.82	      4.80	      3.82	81.85	 4.371e-04	     -0.21	Gaussian	0.000000	0.000000
1386	0	  0.025095	  0.023750	     -1.00	   4489.10	   3090.61	      3.72	      2.19	      7.82	      4.61	61.90	 1.042e-03	     -0.21	Gaussian	0.000000	0.000000
1387	0	  0.025244	  0.037680	     -1.00	   1197.69	   2564.67	      2.32	      2.19	      4.88	      4.60	-39.41	 4.308e-04	     -0.21	Gaussian	0.000000	0.000000
1388	0	  0.024829	  0.034412	     -1.00	   5930.70	   3413.57	      2.88	      1.93	      6.06	      4.06	55.16	 3.954e-04	     -0.21	Gaussian	0.000000	0.000000
1389	0	  0.025343	  0.034576	     -1.00	   3768.44	   3988.14	      2.06	      1.75	      4.34	      3.69	64.03	 1.137e-03	     -0.21	Gaussian	0.000000	0.000000
1390	0	  0.024921	  0.024177	     -1.00	    685.49	   2624.61	      2.03	      1.98	      4.27	      4.15	89.69	 1.556e-03	     -0.21	Gaussian	0.000000	0.000000
1391	0	  0.024689	  0.020523	     -1.00	   5606.03	    235.05	      3.72	      3.52	      7.81	      7.40	73.15	 1.538e-03	     -0.21	Gaussian	0.000000	0.000000
1392	0	  0.024699	  0.022517	     -1.00	    617.88	   4079.62	      3.14	      2.69	      6.61	      5.65	-49.29	 4.169e-04	     -0.21	Gaussian	0.000000	0.000000
1393	0	  0.025294	  0.039235	     -1.00	   1649.54	   3261.81	      2.42	      2.00	      5.08	      4.21	-72.89	 4.310e-04	     -0.21	Gaussian	0.000000	0.000000
1394	0	  0.025211	  0.042318	     -1.00	   2102.76	    344.86	      2.18	      2.05	      4.57	      4.31	33.72	 5.340e-04	     -0.21	Gaussian	0.000000	0.000000
1395	0	  0.024637	  0.027697	     -1.00	    347.65	    777.96	      2.96	      2.31	      6.22	      4.86	0.79	 5.357e-04	     -0.21	Gaussian	0.000000	0.000000
1396	0	  0.025255	  0.022506	     -1.00	   4018.20	   1158.53	      3.69	      2.38	      7.76	      5.01	37.65	 1.305e-03	     -0.21	Gaussian	0.000000	0.000000
1397	0	  0.025772	  0.043309	     -1.00	   2664.12	   1888.54	      1.57	      1.57	      3.30	      3.29	87.61	 2.106e-03	     -0.21	Gaussian	0.000000	0.000000
1398	0	  0.025496	  0.037370	     -1.00	   2258.07	   3937.46	      1.48	      1.48	      3.12	      3.12	-85.83	 2.181e-03	     -0.21	Gaussian	0.000000	0.000000
1399	0	  0.024540	  0.024828	     -1.00	    132.06	   1128.85	      3.14	      2.42	      6.60	      5.08	-6.32	 4.597e-04	     -0.21	Gaussian	0.000000	0.000000
1400	0	  0.025337	  0.039486	     -1.00	   2286.40	   3799.58	      2.45	      1.95	      5.15	      4.10	-87.18	 3.784e-04	     -0.21	Gaussian	0.000000	0.000000
1401	0	  0.025527	  0.039983	     -1.00	   3227.75	   3785.30	      2.52	      2.06	      5.30	      4.34	76.16	 6.202e-04	     -0.21	Gaussian	0.000000	0.000000
1402	0	  0.025737	  0.041990	     -1.00	   3271.73	   2453.86	      2.35	      1.91	      4.94	      4.01	-84.22	 4.088e-04	     -0.21	Gaussian	0.000000	0.000000
1403	0	  0.025518	  0.028820	     -1.00	    205.85	   2628.63	      2.87	      2.27	      6.04	      4.76	-24.96	 3.814e-03	     -0.21	Gaussian	0.000000	0.000000
1404	0	  0.025065	  0.038653	     -1.00	   1337.26	   1083.70	      2.26	      2.15	      4.75	      4.51	27.31	 4.912e-04	     -0.21	Gaussian	0.000000	0.000000
1405	0	  0.024698	  0.038802	     -1.00	   5969.73	   1117.81	      2.56	      1.89	      5.38	      3.98	45.07	 4.289e-04	     -0.21	Gaussian	0.000000	0.000000
1406	0	  0.024346	  0.017780	     -1.00	     19.09	   3989.21	      3.63	      2.91	      7.62	      6.12	-40.86	 3.756e-04	     -0.21	Gaussian	0.000000	0.000000
1407	0	  0.025193	  0.044029	     -1.00	   2341.08	    306.99	      2.19	      1.95	      4.60	      4.10	56.80	 4.227e-04	     -0.21	Gaussian	0.000000	0.000000
1408	0	  0.024549	  0.031783	     -1.00	   6261.75	    894.35	      2.33	      2.14	      4.91	      4.50	57.99	 7.318e-04	     -0.21	Gaussian	0.000000	0.000000
1409	0	  0.024703	  0.036088	     -1.00	   5722.09	    272.87	      2.58	      2.01	      5.43	      4.23	41.21	 4.944e-04	     -0.21	Gaussian	0.000000	0.000000
1410	0	  0.026140	  0.045416	     -1.00	   2712.01	   2104.77	      2.27	      1.82	      4.78	      3.82	-89.34	 1.924e-03	     -0.21	Gaussian	0.000000	0.000000
1411	0	  0.024875	  0.034274	     -1.00	   5504.14	   4070.66	      2.93	      1.87	      6.15	      3.93	62.15	 4.162e-04	     -0.21	Gaussian	0.000000	0.000000
1412	0	  0.024930	  0.032641	     -1.00	   5702.17	   3946.49	      2.95	      1.94	      6.20	      4.07	60.93	 4.685e-04	     -0.21	Gaussian	0.000000	0.000000
1413	0	  0.025025	  0.036104	     -1.00	    842.74	   1982.48	      2.27	      2.27	      4.78	      4.78	-72.42	 5.368e-04	     -0.21	Gaussian	0.000000	0.000000
1414	0	  0.024578	  0.031592	     -1.00	   6140.06	    363.74	      2.85	      2.08	      5.98	      4.36	41.91	 7.617e-04	     -0.21	Gaussian	0.000000	0.000000
1415	0	  0.024617	  0.025055	     -1.00	    136.37	   2323.78	      3.03	      2.46	      6.36	      5.17	-11.56	 4.700e-04	     -0.21	Gaussian	0.000000	0.000000
1416	0	  0.024862	  0.017239	     -1.00	   1304.04	   3297.28	      4.53	      2.50	      9.53	      5.25	-60.71	 1.125e-03	     -0.21	Gaussian	0.000000	0.000000
1417	0	  0.025259	  0.040760	     -1.00	   5588.85	   1981.89	      2.39	      1.91	      5.01	      4.02	54.61	 9.393e-04	     -0.21	Gaussian	0.000000	0.000000
1418	0	  0.025109	  0.036660	     -1.00	   1089.45	   2784.48	      2.31	      2.19	      4.85	      4.60	-37.24	 4.582e-04	     -0.21	Gaussian	0.000000	0.000000
1419	0	  0.025473	  0.030291	     -1.00	    565.64	   1795.11	      3.05	      2.28	      6.41	      4.79	-88.40	 3.959e-03	     -0.21	Gaussian	0.000000	0.000000
1420	0	  0.025437	  0.026123	     -1.00	   2346.40	   3479.03	      3.59	      3.05	      7.55	      6.40	-18.73	 1.748e-03	     -0.21	Gaussian	0.000000	0.000000
1421	0	  0.024557	  0.022711	     -1.00	   6266.18	   1836.82	      4.00	      2.15	      8.40	      4.51	47.20	 7.648e-04	     -0.21	Gaussian	0.000000	0.000000
1422	0	  0.025032	  0.033356	     -1.00	    851.43	    969.10	      2.36	      2.36	      4.95	      4.95	63.79	 7.895e-04	     -0.21	Gaussian	0.000000	0.000000
1423	0	  0.024927	  0.037704	     -1.00	   5899.13	   2045.81	      2.57	      1.91	      5.39	      4.02	50.91	 4.704e-04	     -0.21	Gaussian	0.000000	0.000000
1424	0	  0.025678	  0.043675	     -1.00	   4265.69	   2023.91	      2.22	      1.91	      4.67	      4.01	86.31	 4.499e-04	     -0.21	Gaussian	0.000000	0.000000
1425	0	  0.024748	  0.033070	     -1.00	   5980.98	   3631.40	      2.93	      1.91	      6.17	      4.01	56.00	 4.028e-04	     -0.21	Gaussian	0.000000	0.000000
1426	0	  0.025048	  0.015595	     -1.00	   1631.34	   2356.17	      4.76	      2.55	     10.00	      5.36	89.19	 1.338e-03	     -0.21	Gaussian	0.000000	0.000000
1427	0	  0.025560	  0.026842	     -1.00	   4223.29	   2447.67	      3.23	      3.18	      6.79	      6.68	9.47	 1.468e-03	     -0.21	Gaussian	0.000000	0.000000
1428	0	  0.025624	  0.040955	     -1.00	   3578.82	   3238.37	      2.36	      1.91	      4.97	      4.01	83.44	 4.701e-04	     -0.21	Gaussian	0.000000	0.000000
1429	0	  0.025587	  0.025045	     -1.00	   3292.82	   3308.23	      3.29	      3.19	      6.92	      6.71	84.12	 1.602e-03	     -0.21	Gaussian	0.000000	0.000000
1430	0	  0.025540	  0.031954	     -1.00	   4344.69	   1790.44	      2.66	      2.66	      5.60	      5.59	6.65	 1.241e-03	     -0.21	Gaussian	0.000000	0.000000
1431	0	  0.025475	  0.035911	     -1.00	   4419.45	   3822.31	      2.10	      1.80	      4.42	      3.79	74.41	 1.161e-03	     -0.21	Gaussian	0.000000	0.000000
1432	0	  0.025308	  0.039438	     -1.00	   1364.98	   2691.31	      2.23	      2.09	      4.70	      4.39	-67.55	 4.515e-04	     -0.21	Gaussian	0.000000	0.000000
1433	0	  0.025594	  0.037139	     -1.00	   4290.49	   3176.48	      1.83	      1.59	      3.84	      3.35	77.34	 1.766e-03	     -0.21	Gaussian	0.000000	0.000000
1434	0	  0.025574	  0.041562	     -1.00	   3776.81	   4031.48	      2.38	      1.86	      5.01	      3.90	76.45	 6.600e-04	     -0.21	Gaussian	0.000000	0.000000
1435	0	  0.025452	  0.035701	     -1.00	   1805.30	   1659.27	      2.71	      2.07	      5.69	      4.36	68.77	 8.584e-04	     -0.21	Gaussian	0.000000	0.000000
1436	0	  0.024693	  0.031416	     -1.00	   5840.66	   3995.32	      2.97	      1.96	      6.25	      4.13	61.43	 4.162e-04	     -0.21	Gaussian	0.000000	0.000000
1437	0	  0.025557	  0.043776	     -1.00	   3821.35	   3610.42	      1.78	      1.46	      3.73	      3.08	70.80	 1.440e-03	     -0.20	Gaussian	0.000000	0.000000
1438	0	  0.024474	  0.023540	     -1.00	     26.54	   2397.30	      3.12	      2.49	      6.56	      5.24	-16.90	 4.338e-04	     -0.20	Gaussian	0.000000	0.000000
1439	0	  0.025547	  0.042851	     -1.00	   4145.79	   1679.55	      2.24	      1.90	      4.71	      3.99	86.04	 4.188e-04	     -0.20	Gaussian	0.000000	0.000000
1440	0	  0.025175	  0.042197	     -1.00	   2323.53	    373.90	      2.19	      1.98	      4.60	      4.16	53.99	 4.394e-04	     -0.20	Gaussian	0.000000	0.000000
1441	0	  0.025297	  0.015888	     -1.00	   2349.00	   2806.66	      4.67	      2.57	      9.81	      5.41	3.27	 1.425e-03	     -0.20	Gaussian	0.000000	0.000000
1442	0	  0.024820	  0.029537	     -1.00	    478.42	   1756.98	      2.48	      2.48	      5.22	      5.22	81.95	 5.321e-04	     -0.20	Gaussian	0.000000	0.000000
1443	0	  0.025325	  0.019506	     -1.00	   2339.30	   2430.21	      4.24	      2.30	      8.92	      4.83	84.07	 1.173e-03	     -0.20	Gaussian	0.000000	0.000000
1444	0	  0.025472	  0.039008	     -1.00	   4545.69	   2756.58	      2.36	      1.97	      4.97	      4.15	74.47	 4.560e-04	     -0.20	Gaussian	0.000000	0.000000
1445	0	  0.025465	  0.045224	     -1.00	   3130.08	    710.02	      2.15	      1.87	      4.52	      3.92	80.96	 4.164e-04	     -0.20	Gaussian	0.000000	0.000000
1446	0	  0.025621	  0.039793	     -1.00	   3293.70	   3274.83	      2.37	      1.92	      4.98	      4.04	88.22	 3.962e-04	     -0.20	Gaussian	0.000000	0.000000
1447	0	  0.025406	  0.019323	     -1.00	   3104.47	   3912.29	      3.92	      3.63	      8.25	      7.62	13.08	 1.901e-03	     -0.20	Gaussian	0.000000	0.000000
1448	0	  0.025407	  0.043776	     -1.00	   3496.65	    540.80	      2.13	      1.95	      4.47	      4.10	72.99	 4.568e-04	     -0.20	Gaussian	0.000000	0.000000
1449	0	  0.025277	  0.038259	     -1.00	   2377.44	   4019.83	      2.45	      1.93	      5.15	      4.06	-85.63	 3.891e-04	     -0.20	Gaussian	0.000000	0.000000
1450	0	  0.025141	  0.017254	     -1.00	   1887.64	    478.10	      5.03	      5.00	     10.56	     10.50	80.45	 2.834e-03	     -0.20	Gaussian	0.000000	0.000000
1451	0	  0.025113	  0.041854	     -1.00	   2064.87	    383.52	      2.20	      1.97	      4.62	      4.14	40.74	 5.301e-04	     -0.20	Gaussian	0.000000	0.000000
1452	0	  0.025092	  0.026144	     -1.00	   4929.82	    468.98	      1.64	      1.49	      3.45	      3.14	67.74	 2.489e-03	     -0.20	Gaussian	0.000000	0.000000
1453	0	  0.025665	  0.041955	     -1.00	   3133.18	   2808.76	      2.32	      1.86	      4.87	      3.91	-89.67	 4.156e-04	     -0.20	Gaussian	0.000000	0.000000
1454	0	  0.025181	  0.027869	     -1.00	   1604.41	    721.37	      3.09	      2.91	      6.50	      6.11	76.94	 1.227e-03	     -0.20	Gaussian	0.000000	0.000000
1455	0	  0.025756	  0.040997	     -1.00	   3387.80	   2209.10	      1.94	      1.79	      4.07	      3.75	-62.10	 9.182e-04	     -0.20	Gaussian	0.000000	0.000000
1456	0	  0.025615	  0.042679	     -1.00	   3546.90	   3305.54	      2.05	      2.05	      4.32	      4.31	-13.36	 6.002e-04	     -0.20	Gaussian	0.000000	0.000000
1457	0	  0.025325	  0.039106	     -1.00	   4350.09	   4066.58	      1.96	      1.94	      4.12	      4.08	63.28	 1.029e-03	     -0.20	Gaussian	0.000000	0.000000
1458	0	  0.025426	  0.021516	     -1.00	   4315.42	   3741.19	      3.79	      3.64	      7.96	      7.65	11.90	 1.891e-03	     -0.20	Gaussian	0.000000	0.000000
1459	0	  0.025581	  0.024314	     -1.00	   4525.91	   2565.02	      4.30	      2.61	      9.04	      5.48	61.24	 1.868e-03	     -0.20	Gaussian	0.000000	0.000000
1460	0	  0.025790	  0.040084	     -1.00	   3079.75	   2088.81	      2.29	      1.96	      4.81	      4.12	-83.71	 4.888e-04	     -0.20	Gaussian	0.000000	0.000000
1461	0	  0.025286	  0.034569	     -1.00	   1887.38	   4012.42	      2.00	      1.81	      4.19	      3.81	88.89	 1.214e-03	     -0.20	Gaussian	0.000000	0.000000
1462	0	  0.025510	  0.039748	     -1.00	   4190.93	   2919.85	      2.34	      1.93	      4.92	      4.06	84.18	 4.419e-04	     -0.20	Gaussian	0.000000	0.000000
1463	0	  0.025131	  0.033826	     -1.00	   5174.01	   3760.34	      3.07	      2.00	      6.46	      4.20	61.85	 6.230e-04	     -0.20	Gaussian	0.000000	0.000000
1464	0	  0.025340	  0.043765	     -1.00	   2438.05	    564.79	      2.13	      1.92	      4.48	      4.03	69.84	 4.629e-04	     -0.20	Gaussian	0.000000	0.000000
1465	0	  0.025390	  0.033127	     -1.00	   1664.29	   2000.97	      3.29	      2.20	      6.91	      4.63	39.23	 1.270e-03	     -0.20	Gaussian	0.000000	0.000000
1466	0	  0.025158	  0.043806	     -1.00	   3104.95	    219.73	      2.15	      1.90	      4.52	      4.00	59.52	 4.785e-04	     -0.20	Gaussian	0.000000	0.000000
1467	0	  0.025293	  0.018452	     -1.00	   3551.14	    906.15	      3.73	      3.52	      7.84	      7.40	78.91	 1.801e-03	     -0.20	Gaussian	0.000000	0.000000
1468	0	  0.025744	  0.032399	     -1.00	   2035.46	   1626.42	      1.46	      1.44	      3.07	      3.03	26.85	 3.927e-03	     -0.20	Gaussian	0.000000	0.000000
1469	0	  0.025774	  0.018878	     -1.00	   3262.43	   2747.04	      4.22	      2.36	      8.86	      4.97	-88.76	 1.591e-03	     -0.20	Gaussian	0.000000	0.000000
1470	0	  0.025445	  0.041543	     -1.00	   2609.67	   1063.57	      2.17	      1.97	      4.57	      4.15	-89.97	 4.250e-04	     -0.20	Gaussian	0.000000	0.000000
1471	0	  0.025324	  0.020130	     -1.00	   3930.40	   3392.17	      4.09	      2.29	      8.60	      4.80	78.37	 1.107e-03	     -0.20	Gaussian	0.000000	0.000000
1472	0	  0.025240	  0.032654	     -1.00	   1525.04	   3106.05	      2.99	      2.48	      6.28	      5.20	-77.53	 9.773e-04	     -0.20	Gaussian	0.000000	0.000000
1473	0	  0.025229	  0.019256	     -1.00	   4891.39	   2546.21	      3.94	      2.54	      8.28	      5.33	75.35	 1.086e-03	     -0.20	Gaussian	0.000000	0.000000
1474	0	  0.025326	  0.042497	     -1.00	   1945.38	   1010.61	      2.10	      2.00	      4.41	      4.20	70.10	 4.271e-04	     -0.20	Gaussian	0.000000	0.000000
1475	0	  0.024391	  0.023815	     -1.00	   5993.52	     81.24	      3.17	      2.35	      6.66	      4.94	59.13	 5.492e-04	     -0.20	Gaussian	0.000000	0.000000
1476	0	  0.025477	  0.023704	     -1.00	   2215.00	   1141.83	      1.79	      1.75	      3.77	      3.68	69.54	 2.369e-03	     -0.20	Gaussian	0.000000	0.000000
1477	0	  0.024960	  0.026076	     -1.00	    962.99	   3897.06	      2.92	      2.33	      6.14	      4.91	-53.47	 4.307e-04	     -0.20	Gaussian	0.000000	0.000000
1478	0	  0.024802	  0.027369	     -1.00	    448.90	   1727.75	      2.84	      2.30	      5.96	      4.83	-6.01	 3.918e-04	     -0.20	Gaussian	0.000000	0.000000
1479	0	  0.025578	  0.040229	     -1.00	   3664.84	   2882.97	      2.34	      1.88	      4.92	      3.96	89.07	 4.104e-04	     -0.20	Gaussian	0.000000	0.000000
1480	0	  0.024850	  0.028165	     -1.00	    482.87	   2288.23	      2.51	      2.51	      5.27	      5.27	85.00	 4.945e-04	     -0.20	Gaussian	0.000000	0.000000
1481	0	  0.025751	  0.041634	     -1.00	   3057.98	   2198.80	      2.31	      1.84	      4.86	      3.87	89.64	 4.327e-04	     -0.20	Gaussian	0.000000	0.000000
1482	0	  0.025162	  0.042792	     -1.00	   4994.84	    736.84	      2.21	      1.87	      4.64	      3.94	55.19	 5.795e-04	     -0.20	Gaussian	0.000000	0.000000
1483	0	  0.024761	  0.019468	     -1.00	   4426.26	    168.09	      3.89	      2.81	      8.19	      5.90	76.55	 1.249e-03	     -0.20	Gaussian	0.000000	0.000000
1484	0	  0.024909	  0.032384	     -1.00	   1060.67	    890.54	      2.34	      2.34	      4.91	      4.91	49.50	 5.066e-04	     -0.20	Gaussian	0.000000	0.000000
1485	0	  0.025577	  0.042838	     -1.00	   2479.02	   1798.81	      2.20	      1.87	      4.63	      3.94	-87.07	 4.104e-04	     -0.20	Gaussian	0.000000	0.000000
1486	0	  0.025182	  0.030796	     -1.00	   5481.60	   1618.27	      3.66	      1.85	      7.69	      3.89	59.25	 1.287e-03	     -0.20	Gaussian	0.000000	0.000000
1487	0	  0.024591	  0.019672	     -1.00	    118.34	   2293.88	      1.91	      1.90	      4.02	      4.00	-88.06	 1.655e-03	     -0.20	Gaussian	0.000000	0.000000
1488	0	  0.025495	  0.045447	     -1.00	   4264.92	   1495.76	      2.13	      1.82	      4.48	      3.84	86.92	 4.260e-04	     -0.20	Gaussian	0.000000	0.000000
1489	0	  0.025172	  0.038587	     -1.00	   5350.48	   1471.98	      2.34	      1.96	      4.91	      4.12	56.30	 4.436e-04	     -0.20	Gaussian	0.000000	0.000000
1490	0	  0.025405	  0.031237	     -1.00	   4778.70	   3628.40	      1.80	      1.69	      3.78	      3.55	71.67	 1.786e-03	     -0.20	Gaussian	0.000000	0.000000
1491	0	  0.025586	  0.038474	     -1.00	   3899.68	   1633.86	      2.20	      2.09	      4.62	      4.39	-77.99	 4.640e-04	     -0.20	Gaussian	0.000000	0.000000
1492	0	  0.025075	  0.032307	     -1.00	    928.52	   2912.93	      2.54	      2.14	      5.34	      4.49	-35.26	 4.575e-04	     -0.20	Gaussian	0.000000	0.000000
1493	0	  0.025359	  0.028128	     -1.00	   1730.43	   1203.18	      3.24	      3.01	      6.80	      6.34	83.50	 1.633e-03	     -0.20	Gaussian	0.000000	0.000000
1494	0	  0.025461	  0.022999	     -1.00	   1868.04	   2538.00	      1.72	      1.67	      3.61	      3.51	70.06	 2.571e-03	     -0.20	Gaussian	0.000000	0.000000
1495	0	  0.025278	  0.034909	     -1.00	   1664.07	   3538.97	      2.48	      2.03	      5.21	      4.26	-71.66	 5.495e-04	     -0.20	Gaussian	0.000000	0.000000
1496	0	  0.025370	  0.027310	     -1.00	   3450.85	    544.45	      3.19	      3.04	      6.71	      6.40	78.44	 1.769e-03	     -0.20	Gaussian	0.000000	0.000000
1497	0	  0.025539	  0.038962	     -1.00	   2774.82	    958.46	      2.66	      2.18	      5.58	      4.58	46.76	 1.044e-03	     -0.20	Gaussian	0.000000	0.000000
1498	0	  0.025303	  0.038861	     -1.00	   1914.34	    959.02	      2.64	      2.57	      5.55	      5.40	49.96	 1.299e-03	     -0.20	Gaussian	0.000000	0.000000
1499	0	  0.025038	  0.032347	     -1.00	    844.47	   2228.13	      2.33	      2.32	      4.89	      4.88	-88.11	 4.928e-04	     -0.20	Gaussian	0.000000	0.000000
1500	0	  0.024966	  0.026947	     -1.00	   5630.13	   3480.56	      3.33	      3.29	      7.00	      6.92	17.72	 1.427e-03	     -0.20	Gaussian	0.000000	0.000000
1501	0	  0.024557	  0.030998	     -1.00	   6223.75	    659.22	      2.84	      1.99	      5.98	      4.18	41.93	 4.570e-04	     -0.20	Gaussian	0.000000	0.000000
1502	0	  0.025701	  0.039307	     -1.00	   3211.91	   2691.75	      2.32	      1.92	      4.87	      4.04	-89.70	 4.571e-04	     -0.20	Gaussian	0.000000	0.000000
1503	0	  0.027111	  0.041310	     -1.00	   3925.36	    995.07	      1.56	      1.27	      3.27	      2.67	78.37	 6.870e-03	     -0.20	Gaussian	0.000000	0.000000
1504	0	  0.025255	  0.039690	     -1.00	   1793.84	    999.66	      2.12	      2.07	      4.46	      4.35	55.38	 4.368e-04	     -0.20	Gaussian	0.000000	0.000000
1505	0	  0.025351	  0.033999	     -1.00	   5073.54	    705.62	      1.82	      1.64	      3.83	      3.45	70.74	 1.906e-03	     -0.20	Gaussian	0.000000	0.000000
1506	0	  0.025148	  0.037809	     -1.00	   5455.95	    171.03	      2.38	      1.94	      5.00	      4.07	46.46	 1.027e-03	     -0.20	Gaussian	0.000000	0.000000
1507	0	  0.025000	  0.033461	     -1.00	   4879.82	   4207.44	      2.78	      1.88	      5.85	      3.94	68.26	 3.814e-04	     -0.20	Gaussian	0.000000	0.000000
1508	0	  0.024851	  0.024787	     -1.00	   6052.76	   3179.54	      1.97	      1.84	      4.14	      3.87	67.40	 1.757e-03	     -0.20	Gaussian	0.000000	0.000000
1509	0	  0.025135	  0.036568	     -1.00	   1170.72	   2207.41	      2.18	      2.18	      4.58	      4.58	-79.71	 4.806e-04	     -0.20	Gaussian	0.000000	0.000000
1510	0	  0.025526	  0.015582	     -1.00	   3228.13	   3356.15	      4.50	      4.35	      9.45	      9.14	86.31	 2.041e-03	     -0.20	Gaussian	0.000000	0.000000
1511	0	  0.024948	  0.026092	     -1.00	   1230.24	   3546.08	      3.22	      2.63	      6.76	      5.53	-45.79	 7.256e-04	     -0.20	Gaussian	0.000000	0.000000
1512	0	  0.024788	  0.020343	     -1.00	   6090.70	   2054.10	      3.16	      2.71	      6.64	      5.70	-78.09	 6.446e-04	     -0.20	Gaussian	0.000000	0.000000
1513	0	  0.024955	  0.026035	     -1.00	   1273.07	   4200.72	      2.99	      2.24	      6.27	      4.70	-59.62	 4.099e-04	     -0.20	Gaussian	0.000000	0.000000
1514	0	  0.025379	  0.028707	     -1.00	   3891.39	    910.36	      3.22	      2.43	      6.77	      5.12	13.77	 1.399e-03	     -0.20	Gaussian	0.000000	0.000000
1515	0	  0.024752	  0.021756	     -1.00	    517.40	   3919.22	      2.90	      2.75	      6.10	      5.78	-39.24	 6.540e-04	     -0.20	Gaussian	0.000000	0.000000
1516	0	  0.025262	  0.036790	     -1.00	   1248.06	   2446.56	      2.17	      2.17	      4.56	      4.56	-4.01	 4.161e-04	     -0.19	Gaussian	0.000000	0.000000
1517	0	  0.025048	  0.027115	     -1.00	   1352.30	    616.54	      3.02	      2.12	      6.35	      4.45	14.12	 6.764e-04	     -0.19	Gaussian	0.000000	0.000000
1518	0	  0.025436	  0.042413	     -1.00	   3483.80	    915.50	      2.16	      1.89	      4.53	      3.98	84.75	 4.174e-04	     -0.19	Gaussian	0.000000	0.000000
1519	0	  0.025046	  0.036917	     -1.00	   5680.83	   2412.29	      2.49	      1.88	      5.22	      3.95	51.03	 4.387e-04	     -0.19	Gaussian	0.000000	0.000000
1520	0	  0.025495	  0.038143	     -1.00	   4385.91	   2864.85	      2.35	      1.93	      4.95	      4.05	83.07	 4.208e-04	     -0.19	Gaussian	0.000000	0.000000
1521	0	  0.025101	  0.035805	     -1.00	   1344.87	    837.64	      2.38	      2.03	      5.00	      4.27	23.14	 4.583e-04	     -0.19	Gaussian	0.000000	0.000000
1522	0	  0.025497	  0.038089	     -1.00	   2115.57	   2146.89	      2.13	      2.13	      4.48	      4.48	4.27	 4.923e-04	     -0.19	Gaussian	0.000000	0.000000
1523	0	  0.025236	  0.044399	     -1.00	   3908.96	    255.89	      2.12	      1.84	      4.45	      3.86	50.95	 5.110e-04	     -0.19	Gaussian	0.000000	0.000000
1524	0	  0.025594	  0.034570	     -1.00	   4739.87	   2975.30	      3.01	      2.35	      6.33	      4.94	60.50	 1.304e-03	     -0.19	Gaussian	0.000000	0.000000
1525	0	  0.025184	  0.028357	     -1.00	   3766.38	    170.23	      3.34	      2.61	      7.03	      5.48	27.09	 1.409e-03	     -0.19	Gaussian	0.000000	0.000000
1526	0	  0.025453	  0.038601	     -1.00	   2540.95	   3757.59	      2.11	      2.11	      4.44	      4.44	45.93	 6.118e-04	     -0.19	Gaussian	0.000000	0.000000
1527	0	  0.025082	  0.035116	     -1.00	   1910.55	     27.14	      2.41	      2.02	      5.07	      4.25	35.51	 8.547e-04	     -0.19	Gaussian	0.000000	0.000000
1528	0	  0.025168	  0.035244	     -1.00	   1256.62	   1108.20	      2.20	      2.20	      4.63	      4.63	64.62	 5.726e-04	     -0.19	Gaussian	0.000000	0.000000
1529	0	  0.025183	  0.040495	     -1.00	   4674.31	    615.92	      2.18	      1.94	      4.59	      4.07	59.80	 4.321e-04	     -0.19	Gaussian	0.000000	0.000000
1530	0	  0.025853	  0.042604	     -1.00	   3258.05	   3615.61	      1.63	      1.58	      3.43	      3.33	3.34	 2.059e-03	     -0.19	Gaussian	0.000000	0.000000
1531	0	  0.025783	  0.039904	     -1.00	   3787.92	   4237.29	      2.07	      2.07	      4.36	      4.36	28.19	 1.400e-03	     -0.19	Gaussian	0.000000	0.000000
1532	0	  0.024835	  0.020222	     -1.00	   1394.82	    406.39	      3.19	      3.17	      6.70	      6.67	70.21	 1.063e-03	     -0.19	Gaussian	0.000000	0.000000
1533	0	  0.025337	  0.036989	     -1.00	   3644.87	   4071.47	      2.46	      1.89	      5.16	      3.96	82.30	 3.857e-04	     -0.19	Gaussian	0.000000	0.000000
1534	0	  0.024687	  0.022281	     -1.00	    453.60	   3383.29	      3.05	      2.51	      6.42	      5.28	-40.80	 4.134e-04	     -0.19	Gaussian	0.000000	0.000000
1535	0	  0.025257	  0.034897	     -1.00	   2032.06	    799.24	      2.73	      2.61	      5.74	      5.49	32.02	 1.175e-03	     -0.19	Gaussian	0.000000	0.000000
1536	0	  0.024554	  0.032384	     -1.00	   5662.49	     34.90	      2.30	      2.30	      4.83	      4.83	-86.44	 6.220e-04	     -0.19	Gaussian	0.000000	0.000000
1537	0	  0.025878	  0.040135	     -1.00	   2536.66	   2922.80	      1.58	      1.45	      3.32	      3.04	-89.63	 1.837e-03	     -0.19	Gaussian	0.000000	0.000000
1538	0	  0.025399	  0.037363	     -1.00	   4719.60	   3057.91	      2.00	      1.99	      4.21	      4.17	73.76	 8.112e-04	     -0.19	Gaussian	0.000000	0.000000
1539	0	  0.025324	  0.041559	     -1.00	   4725.20	   1106.98	      2.17	      1.88	      4.55	      3.95	68.72	 4.539e-04	     -0.19	Gaussian	0.000000	0.000000
1540	0	  0.025361	  0.042579	     -1.00	   2097.99	    949.31	      2.06	      1.93	      4.34	      4.05	62.80	 4.285e-04	     -0.19	Gaussian	0.000000	0.000000
1541	0	  0.024913	  0.026835	     -1.00	    913.68	   3305.79	      1.67	      1.65	      3.51	      3.48	-24.06	 1.586e-03	     -0.19	Gaussian	0.000000	0.000000
1542	0	  0.025025	  0.033569	     -1.00	   1205.71	    955.58	      2.44	      2.07	      5.12	      4.35	14.57	 4.567e-04	     -0.19	Gaussian	0.000000	0.000000
1543	0	  0.025068	  0.034862	     -1.00	   1177.85	   1032.46	      2.31	      2.10	      4.86	      4.41	4.49	 4.972e-04	     -0.19	Gaussian	0.000000	0.000000
1544	0	  0.024844	  0.032261	     -1.00	   5931.64	   3238.51	      2.77	      1.89	      5.81	      3.97	55.73	 4.439e-04	     -0.19	Gaussian	0.000000	0.000000
1545	0	  0.025392	  0.037108	     -1.00	   3468.95	    800.48	      2.62	      2.56	      5.51	      5.39	22.45	 1.331e-03	     -0.19	Gaussian	0.000000	0.000000
1546	0	  0.024721	  0.027037	     -1.00	   1445.62	     42.31	      3.08	      2.34	      6.47	      4.91	41.35	 6.227e-04	     -0.19	Gaussian	0.000000	0.000000
1547	0	  0.025293	  0.033031	     -1.00	   4936.22	   1497.36	      3.78	      2.25	      7.95	      4.73	11.82	 1.935e-03	     -0.19	Gaussian	0.000000	0.000000
1548	0	  0.024576	  0.019878	     -1.00	    502.16	    347.89	      1.89	      1.86	      3.97	      3.91	85.65	 1.575e-03	     -0.19	Gaussian	0.000000	0.000000
1549	0	  0.024900	  0.038102	     -1.00	   5543.13	    882.77	      2.36	      1.88	      4.96	      3.95	46.85	 4.639e-04	     -0.19	Gaussian	0.000000	0.000000
1550	0	  0.025001	  0.030122	     -1.00	   1144.74	   3334.94	      2.37	      2.36	      4.97	      4.97	11.42	 4.666e-04	     -0.19	Gaussian	0.000000	0.000000
1551	0	  0.025058	  0.036731	     -1.00	   1315.15	    965.69	      2.29	      2.01	      4.82	      4.22	18.19	 4.287e-04	     -0.19	Gaussian	0.000000	0.000000
1552	0	  0.025571	  0.038771	     -1.00	   2417.69	   1772.61	      2.22	      1.95	      4.66	      4.11	89.92	 4.420e-04	     -0.19	Gaussian	0.000000	0.000000
1553	0	  0.025268	  0.033616	     -1.00	   4825.42	    906.24	      1.96	      1.41	      4.11	      2.96	44.87	 1.389e-03	     -0.19	Gaussian	0.000000	0.000000
1554	0	  0.025370	  0.040009	     -1.00	   2213.46	    826.98	      2.14	      1.96	      4.49	      4.13	78.39	 4.306e-04	     -0.19	Gaussian	0.000000	0.000000
1555	0	  0.025541	  0.042469	     -1.00	   2643.93	   1076.46	      1.99	      1.98	      4.18	      4.17	22.35	 4.742e-04	     -0.19	Gaussian	0.000000	0.000000
1556	0	  0.024514	  0.017332	     -1.00	     91.69	   3765.45	      3.52	      2.75	      7.40	      5.78	-38.75	 4.542e-04	     -0.19	Gaussian	0.000000	0.000000
1557	0	  0.024682	  0.031293	     -1.00	   5748.17	     91.95	      2.68	      2.00	      5.63	      4.20	38.52	 7.603e-04	     -0.19	Gaussian	0.000000	0.000000
1558	0	  0.024482	  0.015935	     -1.00	    554.62	    224.35	      2.05	      2.04	      4.30	      4.29	79.87	 1.545e-03	     -0.19	Gaussian	0.000000	0.000000
1559	0	  0.025481	  0.042758	     -1.00	   2575.94	    929.98	      2.04	      1.92	      4.29	      4.03	75.53	 4.494e-04	     -0.19	Gaussian	0.000000	0.000000
1560	0	  0.025102	  0.035699	     -1.00	   5420.61	   3023.82	      2.48	      1.89	      5.21	      3.97	61.60	 3.915e-04	     -0.19	Gaussian	0.000000	0.000000
1561	0	  0.025333	  0.035187	     -1.00	   1525.71	   2750.78	      2.33	      2.04	      4.90	      4.29	-71.82	 3.910e-04	     -0.19	Gaussian	0.000000	0.000000
1562	0	  0.025667	  0.037456	     -1.00	   3853.53	   2380.10	      2.27	      1.96	      4.77	      4.12	89.38	 4.185e-04	     -0.19	Gaussian	0.000000	0.000000
1563	0	  0.025618	  0.034706	     -1.00	   2208.07	    729.22	      2.50	      2.26	      5.26	      4.76	80.36	 1.521e-03	     -0.19	Gaussian	0.000000	0.000000
1564	0	  0.025076	  0.029812	     -1.00	    691.55	   2381.20	      2.15	      2.14	      4.52	      4.49	2.15	 6.821e-04	     -0.19	Gaussian	0.000000	0.000000
1565	0	  0.025326	  0.033012	     -1.00	    957.48	   2331.35	      2.60	      2.52	      5.47	      5.30	-79.95	 1.171e-03	     -0.19	Gaussian	0.000000	0.000000
1566	0	  0.025049	  0.015586	     -1.00	   1862.30	   3779.16	      4.68	      2.39	      9.83	      5.02	-79.16	 1.115e-03	     -0.19	Gaussian	0.000000	0.000000
1567	0	  0.025351	  0.024740	     -1.00	   3943.38	   3339.19	      3.41	      2.44	      7.16	      5.12	70.53	 1.022e-03	     -0.19	Gaussian	0.000000	0.000000
1568	0	  0.025204	  0.034582	     -1.00	   2783.52	    331.25	      1.80	      1.31	      3.79	      2.76	-4.35	 1.686e-03	     -0.19	Gaussian	0.000000	0.000000
1569	0	  0.025201	  0.024496	     -1.00	   2687.45	    452.11	      3.34	      3.27	      7.01	      6.87	75.30	 1.678e-03	     -0.19	Gaussian	0.000000	0.000000
1570	0	  0.024667	  0.025957	     -1.00	    477.43	    735.34	      2.08	      2.04	      4.37	      4.28	62.68	 1.000e-03	     -0.19	Gaussian	0.000000	0.000000
1571	0	  0.024692	  0.022377	     -1.00	    258.03	   1906.62	      3.01	      2.46	      6.33	      5.18	-6.00	 4.390e-04	     -0.19	Gaussian	0.000000	0.000000
1572	0	  0.025123	  0.034019	     -1.00	   1367.04	   1092.11	      2.29	      2.13	      4.82	      4.48	19.60	 4.173e-04	     -0.19	Gaussian	0.000000	0.000000
1573	0	  0.025151	  0.027760	     -1.00	    905.39	    861.18	      2.99	      2.25	      6.28	      4.73	-69.92	 1.539e-03	     -0.19	Gaussian	0.000000	0.000000
1574	0	  0.024988	  0.028204	     -1.00	   1331.27	    740.02	      2.91	      2.83	      6.12	      5.95	67.96	 1.060e-03	     -0.19	Gaussian	0.000000	0.000000
1575	0	  0.025580	  0.016587	     -1.00	   3437.39	   1986.21	      4.24	      4.13	      8.91	      8.69	85.86	 1.801e-03	     -0.19	Gaussian	0.000000	0.000000
1576	0	  0.024686	  0.021643	     -1.00	    699.50	   3933.07	      3.19	      2.75	      6.70	      5.78	-67.00	 4.861e-04	     -0.19	Gaussian	0.000000	0.000000
1577	0	  0.025267	  0.035615	     -1.00	   1639.72	   3215.20	      2.00	      1.79	      4.21	      3.76	-69.12	 7.416e-04	     -0.19	Gaussian	0.000000	0.000000
1578	0	  0.025269	  0.022234	     -1.00	   1828.51	   3012.57	      3.44	      3.32	      7.23	      6.98	7.17	 1.517e-03	     -0.19	Gaussian	0.000000	0.000000
1579	0	  0.024516	  0.024328	     -1.00	   6368.38	   1247.27	      3.12	      2.29	      6.56	      4.82	26.96	 6.184e-04	     -0.19	Gaussian	0.000000	0.000000
1580	0	  0.025566	  0.032931	     -1.00	   2859.51	    686.32	      2.91	      1.90	      6.12	      3.99	30.94	 1.136e-03	     -0.19	Gaussian	0.000000	0.000000
1581	0	  0.024580	  0.022524	     -1.00	    122.53	   1848.84	      2.70	      2.70	      5.68	      5.67	45.81	 5.317e-04	     -0.19	Gaussian	0.000000	0.000000
1582	0	  0.024936	  0.031380	     -1.00	   5039.65	    351.34	      2.98	      2.04	      6.26	      4.28	28.68	 7.603e-04	     -0.19	Gaussian	0.000000	0.000000
1583	0	  0.025402	  0.036951	     -1.00	   1765.48	   2290.58	      2.21	      2.01	      4.64	      4.23	-87.04	 4.386e-04	     -0.19	Gaussian	0.000000	0.000000
1584	0	  0.024874	  0.025302	     -1.00	    886.57	   3438.90	      2.77	      2.35	      5.83	      4.93	-43.31	 3.638e-04	     -0.19	Gaussian	0.000000	0.000000
1585	0	  0.025125	  0.029435	     -1.00	   2420.52	     14.00	      1.64	      1.50	      3.45	      3.15	70.09	 2.252e-03	     -0.19	Gaussian	0.000000	0.000000
1586	0	  0.025224	  0.034404	     -1.00	   4620.04	   3894.92	      2.55	      1.88	      5.35	      3.94	73.60	 3.868e-04	     -0.19	Gaussian	0.000000	0.000000
1587	0	  0.024830	  0.025150	     -1.00	    953.42	   3737.21	      2.82	      2.31	      5.93	      4.85	-50.15	 4.214e-04	     -0.19	Gaussian	0.000000	0.000000
1588	0	  0.025495	  0.037024	     -1.00	   2348.62	   3519.22	      2.36	      2.22	      4.96	      4.66	71.78	 6.626e-04	     -0.19	Gaussian	0.000000	0.000000
1589	0	  0.025115	  0.035040	     -1.00	   5474.59	   2275.82	      2.42	      1.94	      5.09	      4.07	61.15	 4.125e-04	     -0.19	Gaussian	0.000000	0.000000
1590	0	  0.024356	  0.026441	     -1.00	   6012.50	    100.51	      2.87	      2.16	      6.04	      4.54	38.24	 4.085e-04	     -0.19	Gaussian	0.000000	0.000000
1591	0	  0.025280	  0.030187	     -1.00	   3658.11	   4036.59	      2.86	      2.03	      6.01	      4.27	78.81	 5.431e-04	     -0.19	Gaussian	0.000000	0.000000
1592	0	  0.025753	  0.040567	     -1.00	   3839.04	   2676.59	      1.62	      1.58	      3.41	      3.32	15.29	 1.764e-03	     -0.19	Gaussian	0.000000	0.000000
1593	0	  0.025217	  0.025296	     -1.00	   2217.99	   3915.31	      3.14	      3.08	      6.61	      6.47	-13.20	 1.203e-03	     -0.19	Gaussian	0.000000	0.000000
1594	0	  0.025011	  0.027516	     -1.00	   1099.56	   3549.58	      2.66	      2.24	      5.58	      4.70	-48.17	 4.257e-04	     -0.18	Gaussian	0.000000	0.000000
1595	0	  0.024731	  0.025209	     -1.00	    354.54	   1578.02	      2.55	      2.55	      5.35	      5.35	69.18	 5.106e-04	     -0.18	Gaussian	0.000000	0.000000
1596	0	  0.025278	  0.038415	     -1.00	   1888.59	   1175.74	      2.11	      2.02	      4.43	      4.24	83.61	 4.291e-04	     -0.18	Gaussian	0.000000	0.000000
1597	0	  0.025262	  0.034399	     -1.00	   1324.28	   2306.97	      1.75	      1.60	      3.69	      3.36	80.76	 1.363e-03	     -0.18	Gaussian	0.000000	0.000000
1598	0	  0.025589	  0.036423	     -1.00	   3977.00	   2196.93	      2.38	      1.87	      5.01	      3.94	84.16	 3.595e-04	     -0.18	Gaussian	0.000000	0.000000
1599	0	  0.025086	  0.021521	     -1.00	   1802.52	    544.20	      1.51	      1.36	      3.17	      2.85	81.60	 2.218e-03	     -0.18	Gaussian	0.000000	0.000000
1600	0	  0.025384	  0.030901	     -1.00	   3283.61	    737.26	      3.27	      1.90	      6.87	      4.00	88.64	 1.141e-03	     -0.18	Gaussian	0.000000	0.000000
1601	0	  0.025003	  0.027854	     -1.00	    971.55	   2068.23	      2.56	      2.53	      5.37	      5.33	57.72	 5.577e-04	     -0.18	Gaussian	0.000000	0.000000
1602	0	  0.025273	  0.031423	     -1.00	   2252.72	   4075.71	      2.58	      2.00	      5.43	      4.21	-87.23	 4.205e-04	     -0.18	Gaussian	0.000000	0.000000
1603	0	  0.025474	  0.037307	     -1.00	   3889.34	   1270.70	      2.21	      1.97	      4.65	      4.14	-86.78	 4.178e-04	     -0.18	Gaussian	0.000000	0.000000
1604	0	  0.025683	  0.020166	     -1.00	   3200.86	   3650.95	      1.90	      1.89	      4.00	      3.98	22.33	 2.332e-03	     -0.18	Gaussian	0.000000	0.000000
1605	0	  0.025229	  0.035425	     -1.00	   1454.02	    827.48	      2.27	      2.02	      4.76	      4.24	20.43	 4.656e-04	     -0.18	Gaussian	0.000000	0.000000
1606	0	  0.025560	  0.036869	     -1.00	   3728.78	   3425.76	      2.32	      1.89	      4.87	      3.98	83.19	 4.045e-04	     -0.18	Gaussian	0.000000	0.000000
1607	0	  0.024769	  0.024572	     -1.00	   5225.30	    193.98	      3.01	      2.75	      6.32	      5.79	75.03	 9.585e-04	     -0.18	Gaussian	0.000000	0.000000
1608	0	  0.025412	  0.039811	     -1.00	   2805.97	   3836.58	      2.21	      1.84	      4.64	      3.86	87.04	 4.068e-04	     -0.18	Gaussian	0.000000	0.000000
1609	0	  0.025383	  0.040420	     -1.00	   4707.77	    634.85	      2.14	      1.86	      4.49	      3.90	67.19	 6.161e-04	     -0.18	Gaussian	0.000000	0.000000
1610	0	  0.025217	  0.037023	     -1.00	   4639.42	    776.68	      2.23	      1.95	      4.68	      4.10	65.90	 4.213e-04	     -0.18	Gaussian	0.000000	0.000000
1611	0	  0.024645	  0.029801	     -1.00	   6177.70	   3402.03	      2.86	      1.89	      6.01	      3.97	53.21	 4.231e-04	     -0.18	Gaussian	0.000000	0.000000
1612	0	  0.025636	  0.034437	     -1.00	   2316.37	   1317.96	      1.87	      1.47	      3.94	      3.09	-64.23	 1.894e-03	     -0.18	Gaussian	0.000000	0.000000
1613	0	  0.024786	  0.026502	     -1.00	    528.88	   1944.64	      2.46	      2.46	      5.18	      5.18	36.56	 4.680e-04	     -0.18	Gaussian	0.000000	0.000000
1614	0	  0.025726	  0.030895	     -1.00	   2972.39	   2018.10	      2.92	      2.42	      6.15	      5.09	66.79	 9.989e-04	     -0.18	Gaussian	0.000000	0.000000
1615	0	  0.025675	  0.033861	     -1.00	   3621.67	   2208.37	      2.40	      1.98	      5.03	      4.16	85.58	 4.043e-04	     -0.18	Gaussian	0.000000	0.000000
1616	0	  0.025379	  0.019599	     -1.00	   3452.95	   4066.14	      3.55	      3.53	      7.45	      7.42	82.43	 1.632e-03	     -0.18	Gaussian	0.000000	0.000000
1617	0	  0.025482	  0.023220	     -1.00	   4074.44	   2112.18	      3.28	      3.17	      6.90	      6.66	1.24	 1.430e-03	     -0.18	Gaussian	0.000000	0.000000
1618	0	  0.024773	  0.029210	     -1.00	   1429.48	     15.97	      2.70	      2.03	      5.67	      4.27	23.56	 4.703e-04	     -0.18	Gaussian	0.000000	0.000000
1619	0	  0.024673	  0.023780	     -1.00	    326.60	   1393.08	      2.59	      2.59	      5.45	      5.45	88.54	 5.394e-04	     -0.18	Gaussian	0.000000	0.000000
1620	0	  0.025116	  0.032389	     -1.00	   1226.66	   1346.59	      2.22	      2.22	      4.67	      4.66	50.16	 4.331e-04	     -0.18	Gaussian	0.000000	0.000000
1621	0	  0.025583	  0.035331	     -1.00	   2594.68	   1907.24	      2.35	      2.12	      4.93	      4.46	67.60	 5.198e-04	     -0.18	Gaussian	0.000000	0.000000
1622	0	  0.024743	  0.032299	     -1.00	   5781.81	    683.86	      2.46	      2.00	      5.18	      4.20	43.00	 4.508e-04	     -0.18	Gaussian	0.000000	0.000000
1623	0	  0.025264	  0.016646	     -1.00	   4780.33	   1318.06	      3.57	      3.36	      7.50	      7.07	13.89	 1.282e-03	     -0.18	Gaussian	0.000000	0.000000
1624	0	  0.025248	  0.022259	     -1.00	   4669.56	   1111.95	      3.36	      3.35	      7.07	      7.04	14.45	 1.787e-03	     -0.18	Gaussian	0.000000	0.000000
1625	0	  0.025388	  0.038938	     -1.00	   3882.80	    873.48	      2.16	      1.90	      4.54	      3.98	81.32	 3.977e-04	     -0.18	Gaussian	0.000000	0.000000
1626	0	  0.024579	  0.020841	     -1.00	    769.44	    121.52	      2.76	      2.76	      5.81	      5.81	80.59	 5.187e-04	     -0.18	Gaussian	0.000000	0.000000
1627	0	  0.025222	  0.037121	     -1.00	   2372.17	    394.03	      2.15	      1.98	      4.52	      4.17	58.77	 4.445e-04	     -0.18	Gaussian	0.000000	0.000000
1628	0	  0.025185	  0.016364	     -1.00	   5086.14	   1788.15	      4.07	      3.88	      8.54	      8.16	76.67	 1.707e-03	     -0.18	Gaussian	0.000000	0.000000
1629	0	  0.025316	  0.028070	     -1.00	   2011.00	   1147.53	      2.84	      1.99	      5.97	      4.18	-70.15	 6.333e-04	     -0.18	Gaussian	0.000000	0.000000
1630	0	  0.024942	  0.032569	     -1.00	   5513.68	   3607.07	      2.67	      1.82	      5.61	      3.83	58.64	 3.955e-04	     -0.18	Gaussian	0.000000	0.000000
1631	0	  0.025301	  0.028981	     -1.00	    887.92	   1147.71	      2.59	      2.11	      5.45	      4.44	8.87	 1.594e-03	     -0.18	Gaussian	0.000000	0.000000
1632	0	  0.025100	  0.020150	     -1.00	   2080.33	    352.63	      1.59	      1.37	      3.34	      2.89	13.80	 2.221e-03	     -0.18	Gaussian	0.000000	0.000000
1633	0	  0.025468	  0.038940	     -1.00	   3521.72	    962.82	      2.02	      2.01	      4.25	      4.22	-51.55	 4.319e-04	     -0.18	Gaussian	0.000000	0.000000
1634	0	  0.025212	  0.033539	     -1.00	   5029.63	   3334.79	      2.38	      1.97	      5.00	      4.15	63.53	 4.025e-04	     -0.18	Gaussian	0.000000	0.000000
1635	0	  0.024734	  0.022442	     -1.00	    661.40	    329.60	      1.79	      1.79	      3.77	      3.76	78.02	 1.550e-03	     -0.18	Gaussian	0.000000	0.000000
1636	0	  0.024945	  0.028107	     -1.00	   1122.16	    495.78	      1.77	      1.72	      3.72	      3.61	81.49	 1.557e-03	     -0.18	Gaussian	0.000000	0.000000
1637	0	  0.025330	  0.033313	     -1.00	   4178.79	   3716.88	      2.48	      1.91	      5.22	      4.01	74.13	 3.607e-04	     -0.18	Gaussian	0.000000	0.000000
1638	0	  0.025340	  0.035723	     -1.00	   1567.45	   2398.32	      2.24	      2.10	      4.70	      4.41	-73.55	 4.287e-04	     -0.18	Gaussian	0.000000	0.000000
1639	0	  0.025119	  0.030245	     -1.00	   1842.27	   4024.98	      2.50	      2.09	      5.25	      4.39	-73.24	 4.128e-04	     -0.18	Gaussian	0.000000	0.000000
1640	0	  0.025384	  0.036274	     -1.00	   1560.60	   2130.54	      2.14	      2.03	      4.50	      4.26	86.23	 3.707e-04	     -0.18	Gaussian	0.000000	0.000000
1641	0	  0.024842	  0.025167	     -1.00	   6145.21	   1583.53	      4.04	      2.14	      8.49	      4.50	72.71	 1.219e-03	     -0.18	Gaussian	0.000000	0.000000
1642	0	  0.025668	  0.023918	     -1.00	   3304.17	   1828.06	      3.90	      3.84	      8.19	      8.07	-3.60	 2.248e-03	     -0.18	Gaussian	0.000000	0.000000
1643	0	  0.025487	  0.022766	     -1.00	   3079.46	   3677.05	      3.06	      2.57	      6.43	      5.40	8.26	 9.734e-04	     -0.18	Gaussian	0.000000	0.000000
1644	0	  0.025196	  0.029767	     -1.00	   2416.52	    133.79	      1.59	      1.46	      3.35	      3.07	71.97	 2.051e-03	     -0.18	Gaussian	0.000000	0.000000
1645	0	  0.024729	  0.022735	     -1.00	    459.21	   2890.70	      2.90	      2.37	      6.10	      4.99	-26.07	 3.892e-04	     -0.18	Gaussian	0.000000	0.000000
1646	0	  0.025391	  0.027133	     -1.00	   4688.61	   1775.21	      3.71	      1.88	      7.79	      3.95	61.02	 1.249e-03	     -0.18	Gaussian	0.000000	0.000000
1647	0	  0.025686	  0.024020	     -1.00	   3187.86	   1783.62	      1.88	      1.76	      3.95	      3.70	78.75	 1.802e-03	     -0.18	Gaussian	0.000000	0.000000
1648	0	  0.025422	  0.030045	     -1.00	   1789.53	   1435.11	      1.84	      1.40	      3.86	      2.94	64.38	 1.653e-03	     -0.18	Gaussian	0.000000	0.000000
1649	0	  0.025310	  0.032212	     -1.00	   3567.07	   4213.68	      2.69	      2.46	      5.66	      5.17	56.60	 7.944e-04	     -0.18	Gaussian	0.000000	0.000000
1650	0	  0.025484	  0.038955	     -1.00	   2948.57	   1014.73	      2.05	      1.95	      4.30	      4.11	69.36	 4.151e-04	     -0.18	Gaussian	0.000000	0.000000
1651	0	  0.025712	  0.033496	     -1.00	   3619.40	   2004.25	      2.52	      2.21	      5.29	      4.65	79.01	 6.011e-04	     -0.18	Gaussian	0.000000	0.000000
1652	0	  0.025275	  0.019105	     -1.00	   5117.17	   3257.27	      3.97	      3.78	      8.35	      7.94	13.20	 1.996e-03	     -0.18	Gaussian	0.000000	0.000000
1653	0	  0.025304	  0.025203	     -1.00	   1918.51	   1290.41	      3.04	      2.72	      6.39	      5.72	81.32	 1.073e-03	     -0.18	Gaussian	0.000000	0.000000
1654	0	  0.025046	  0.031530	     -1.00	   1165.97	   1130.01	      2.42	      2.04	      5.09	      4.28	18.41	 4.198e-04	     -0.18	Gaussian	0.000000	0.000000
1655	0	  0.025206	  0.029031	     -1.00	   4696.52	    593.98	      1.81	      1.60	      3.81	      3.36	70.47	 1.927e-03	     -0.18	Gaussian	0.000000	0.000000
1656	0	  0.025115	  0.036064	     -1.00	   2851.57	    140.67	      2.18	      1.97	      4.58	      4.15	55.29	 4.080e-04	     -0.18	Gaussian	0.000000	0.000000
1657	0	  0.024908	  0.027354	     -1.00	    674.28	   1639.95	      2.38	      2.38	      5.00	      5.00	88.28	 4.776e-04	     -0.18	Gaussian	0.000000	0.000000
1658	0	  0.024929	  0.030733	     -1.00	   5936.49	   2503.15	      1.90	      1.70	      4.00	      3.58	55.60	 1.105e-03	     -0.18	Gaussian	0.000000	0.000000
1659	0	  0.025148	  0.022784	     -1.00	   1813.63	    765.37	      2.97	      2.88	      6.24	      6.05	80.22	 9.589e-04	     -0.18	Gaussian	0.000000	0.000000
1660	0	  0.025294	  0.032684	     -1.00	   5260.16	   2923.96	      1.65	      1.40	      3.47	      2.94	29.15	 1.931e-03	     -0.18	Gaussian	0.000000	0.000000
1661	0	  0.025440	  0.018804	     -1.00	   4057.11	   1957.63	      3.65	      2.27	      7.66	      4.78	52.98	 9.026e-04	     -0.18	Gaussian	0.000000	0.000000
1662	0	  0.025115	  0.026053	     -1.00	   1519.48	   4160.70	      2.83	      2.09	      5.95	      4.39	-64.75	 6.683e-04	     -0.18	Gaussian	0.000000	0.000000
1663	0	  0.024728	  0.021286	     -1.00	    502.20	   1291.32	      2.82	      2.82	      5.92	      5.92	82.50	 5.892e-04	     -0.18	Gaussian	0.000000	0.000000
1664	0	  0.025279	  0.034671	     -1.00	   1525.92	   1604.88	      2.11	      2.11	      4.43	      4.43	87.60	 4.212e-04	     -0.18	Gaussian	0.000000	0.000000
1665	0	  0.024924	  0.029589	     -1.00	    993.08	   1368.70	      2.28	      2.28	      4.80	      4.80	75.36	 4.586e-04	     -0.18	Gaussian	0.000000	0.000000
1666	0	  0.025439	  0.034520	     -1.00	   4569.77	   2156.63	      2.31	      1.93	      4.86	      4.06	82.72	 3.819e-04	     -0.17	Gaussian	0.000000	0.000000
1667	0	  0.025093	  0.029435	     -1.00	   5301.77	   3737.85	      2.79	      1.88	      5.85	      3.95	62.82	 4.491e-04	     -0.17	Gaussian	0.000000	0.000000
1668	0	  0.024516	  0.013466	     -1.00	    482.84	    299.11	      2.23	      2.18	      4.69	      4.58	80.83	 1.503e-03	     -0.17	Gaussian	0.000000	0.000000
1669	0	  0.025296	  0.030692	     -1.00	   3847.57	   4205.76	      2.60	      1.94	      5.46	      4.07	75.23	 3.713e-04	     -0.17	Gaussian	0.000000	0.000000
1670	0	  0.025057	  0.037006	     -1.00	   4639.69	    222.00	      2.20	      1.88	      4.63	      3.95	52.54	 4.760e-04	     -0.17	Gaussian	0.000000	0.000000
1671	0	  0.025170	  0.032748	     -1.00	   1408.13	   3214.79	      2.29	      2.04	      4.82	      4.29	-61.77	 3.660e-04	     -0.17	Gaussian	0.000000	0.000000
1672	0	  0.025326	  0.020409	     -1.00	   3118.61	    783.08	      3.76	      1.99	      7.91	      4.19	62.69	 5.259e-04	     -0.17	Gaussian	0.000000	0.000000
1673	0	  0.024642	  0.023451	     -1.00	    334.61	   1966.82	      2.85	      2.29	      5.99	      4.82	-14.23	 4.138e-04	     -0.17	Gaussian	0.000000	0.000000
1674	0	  0.024897	  0.030207	     -1.00	   1713.25	    166.45	      2.17	      1.84	      4.56	      3.87	27.18	 6.240e-04	     -0.17	Gaussian	0.000000	0.000000
1675	0	  0.024751	  0.018917	     -1.00	   5251.16	    246.24	      3.46	      3.45	      7.27	      7.25	72.31	 1.502e-03	     -0.17	Gaussian	0.000000	0.000000
1676	0	  0.025500	  0.038079	     -1.00	   2842.79	   1299.64	      2.11	      1.90	      4.44	      3.99	-88.41	 4.340e-04	     -0.17	Gaussian	0.000000	0.000000
1677	0	  0.024832	  0.018073	     -1.00	   1147.32	   4002.54	      2.92	      2.89	      6.15	      6.07	0.74	 3.501e-04	     -0.17	Gaussian	0.000000	0.000000
1678	0	  0.024906	  0.022160	     -1.00	   1198.02	   4245.20	      3.03	      2.27	      6.37	      4.78	-57.32	 3.423e-04	     -0.17	Gaussian	0.000000	0.000000
1679	0	  0.025399	  0.034052	     -1.00	   1935.33	   2947.59	      2.28	      1.97	      4.79	      4.13	-88.22	 3.707e-04	     -0.17	Gaussian	0.000000	0.000000
1680	0	  0.024734	  0.023534	     -1.00	    497.78	   2862.67	      2.83	      2.30	      5.94	      4.83	-28.29	 3.899e-04	     -0.17	Gaussian	0.000000	0.000000
1681	0	  0.025325	  0.025209	     -1.00	   4372.52	    888.28	      1.88	      1.37	      3.96	      2.88	58.17	 1.738e-03	     -0.17	Gaussian	0.000000	0.000000
1682	0	  0.025463	  0.028614	     -1.00	   2066.72	   1775.17	      2.99	      2.14	      6.29	      4.51	-30.58	 9.377e-04	     -0.17	Gaussian	0.000000	0.000000
1683	0	  0.024946	  0.030646	     -1.00	   5981.51	   2656.84	      2.68	      1.85	      5.62	      3.90	52.46	 4.258e-04	     -0.17	Gaussian	0.000000	0.000000
1684	0	  0.025424	  0.038125	     -1.00	   3211.43	    757.79	      2.12	      1.89	      4.45	      3.97	71.35	 4.085e-04	     -0.17	Gaussian	0.000000	0.000000
1685	0	  0.025090	  0.034094	     -1.00	   1851.74	    500.07	      2.26	      1.97	      4.74	      4.15	36.60	 4.437e-04	     -0.17	Gaussian	0.000000	0.000000
1686	0	  0.025581	  0.033781	     -1.00	   3384.82	   3261.37	      2.39	      1.88	      5.03	      3.94	87.76	 4.066e-04	     -0.17	Gaussian	0.000000	0.000000
1687	0	  0.024820	  0.025886	     -1.00	   4840.42	     88.29	      2.78	      2.56	      5.84	      5.39	75.18	 7.120e-04	     -0.17	Gaussian	0.000000	0.000000
1688	0	  0.024898	  0.033205	     -1.00	   5440.83	    710.55	      2.29	      1.98	      4.81	      4.17	49.98	 4.720e-04	     -0.17	Gaussian	0.000000	0.000000
1689	0	  0.025485	  0.022475	     -1.00	   4030.74	   1526.76	      3.67	      3.64	      7.72	      7.64	10.92	 2.081e-03	     -0.17	Gaussian	0.000000	0.000000
1690	0	  0.025335	  0.030603	     -1.00	   4897.44	   2210.77	      2.38	      2.08	      5.00	      4.37	80.72	 3.983e-04	     -0.17	Gaussian	0.000000	0.000000
1691	0	  0.025533	  0.029199	     -1.00	   4838.86	   2160.84	      2.59	      2.00	      5.44	      4.20	57.15	 1.665e-03	     -0.17	Gaussian	0.000000	0.000000
1692	0	  0.024461	  0.016760	     -1.00	    439.36	    165.73	      2.18	      2.18	      4.59	      4.59	82.38	 1.233e-03	     -0.17	Gaussian	0.000000	0.000000
1693	0	  0.024854	  0.028221	     -1.00	   6333.54	   2267.87	      2.76	      1.93	      5.80	      4.06	47.69	 7.541e-04	     -0.17	Gaussian	0.000000	0.000000
1694	0	  0.025701	  0.034876	     -1.00	   3245.90	   3188.38	      2.08	      2.08	      4.37	      4.36	5.74	 7.134e-04	     -0.17	Gaussian	0.000000	0.000000
1695	0	  0.025148	  0.028937	     -1.00	   1263.34	    717.39	      2.53	      2.21	      5.32	      4.65	33.39	 7.714e-04	     -0.17	Gaussian	0.000000	0.000000
1696	0	  0.025466	  0.023513	     -1.00	   3566.83	   1118.69	      1.90	      1.78	      4.00	      3.74	79.45	 1.731e-03	     -0.17	Gaussian	0.000000	0.000000
1697	0	  0.024932	  0.024146	     -1.00	   1375.26	   4152.97	      2.80	      2.22	      5.88	      4.66	-60.01	 3.447e-04	     -0.17	Gaussian	0.000000	0.000000
1698	0	  0.025034	  0.022449	     -1.00	    451.44	   3083.39	      2.82	      2.36	      5.93	      4.97	-31.24	 1.714e-03	     -0.17	Gaussian	0.000000	0.000000
1699	0	  0.025622	  0.029460	     -1.00	   4604.57	   3468.07	      1.55	      1.33	      3.26	      2.80	68.91	 2.452e-03	     -0.17	Gaussian	0.000000	0.000000
1700	0	  0.025680	  0.034285	     -1.00	   3331.90	   1901.31	      2.30	      1.89	      4.84	      3.98	-84.85	 3.946e-04	     -0.17	Gaussian	0.000000	0.000000
1701	0	  0.024947	  0.022232	     -1.00	   2174.60	    125.35	      2.87	      2.74	      6.02	      5.75	76.26	 8.668e-04	     -0.17	Gaussian	0.000000	0.000000
1702	0	  0.024689	  0.025334	     -1.00	   5618.93	   4219.49	      3.09	      1.92	      6.50	      4.03	64.71	 3.802e-04	     -0.17	Gaussian	0.000000	0.000000
1703	0	  0.025514	  0.035635	     -1.00	   3984.78	   1505.51	      2.19	      1.91	      4.61	      4.01	-84.64	 4.252e-04	     -0.17	Gaussian	0.000000	0.000000
1704	0	  0.024956	  0.024850	     -1.00	   1148.07	    643.86	      1.79	      1.69	      3.76	      3.56	84.63	 1.497e-03	     -0.17	Gaussian	0.000000	0.000000
1705	0	  0.024711	  0.023689	     -1.00	    492.67	   1369.12	      2.51	      2.51	      5.27	      5.27	81.60	 4.861e-04	     -0.17	Gaussian	0.000000	0.000000
1706	0	  0.025526	  0.031486	     -1.00	   3339.03	   3638.55	      2.77	      2.09	      5.83	      4.38	23.57	 9.854e-04	     -0.17	Gaussian	0.000000	0.000000
1707	0	  0.025546	  0.025245	     -1.00	   3387.98	   1382.25	      3.27	      2.84	      6.87	      5.97	5.57	 1.400e-03	     -0.17	Gaussian	0.000000	0.000000
1708	0	  0.025176	  0.025340	     -1.00	   1467.03	   2946.11	      3.16	      2.58	      6.64	      5.41	-80.22	 9.460e-04	     -0.17	Gaussian	0.000000	0.000000
1709	0	  0.024630	  0.023519	     -1.00	    477.67	    784.89	      2.78	      2.27	      5.85	      4.78	9.23	 4.103e-04	     -0.17	Gaussian	0.000000	0.000000
1710	0	  0.025580	  0.024741	     -1.00	   2199.75	   3168.47	      1.61	      1.56	      3.39	      3.28	77.40	 1.904e-03	     -0.17	Gaussian	0.000000	0.000000
1711	0	  0.024621	  0.018302	     -1.00	    306.78	   3451.34	      3.15	      2.58	      6.63	      5.42	-34.79	 4.032e-04	     -0.17	Gaussian	0.000000	0.000000
1712	0	  0.025593	  0.035556	     -1.00	   2641.93	   1448.89	      2.22	      1.87	      4.66	      3.94	-88.05	 3.976e-04	     -0.17	Gaussian	0.000000	0.000000
1713	0	  0.025174	  0.030371	     -1.00	   1177.08	   1298.57	      2.21	      2.21	      4.65	      4.64	52.53	 5.536e-04	     -0.17	Gaussian	0.000000	0.000000
1714	0	  0.024934	  0.028342	     -1.00	    866.73	   1522.04	      2.29	      2.29	      4.81	      4.81	52.26	 4.294e-04	     -0.17	Gaussian	0.000000	0.000000
1715	0	  0.025445	  0.019958	     -1.00	   3283.82	   1268.30	      3.30	      3.26	      6.93	      6.86	78.83	 1.373e-03	     -0.17	Gaussian	0.000000	0.000000
1716	0	  0.025103	  0.034965	     -1.00	   5141.18	   1182.81	      2.25	      1.88	      4.74	      3.95	55.34	 4.008e-04	     -0.17	Gaussian	0.000000	0.000000
1717	0	  0.024721	  0.019254	     -1.00	   5261.04	     45.21	      4.16	      3.50	      8.73	      7.35	9.63	 1.615e-03	     -0.17	Gaussian	0.000000	0.000000
1718	0	  0.024784	  0.022375	     -1.00	    545.63	   3042.31	      2.81	      2.35	      5.91	      4.95	-32.58	 3.863e-04	     -0.17	Gaussian	0.000000	0.000000
1719	0	  0.025192	  0.022819	     -1.00	   5246.47	   2904.10	      3.07	      2.40	      6.45	      5.05	21.83	 8.772e-04	     -0.17	Gaussian	0.000000	0.000000
1720	0	  0.025440	  0.023245	     -1.00	   2455.75	   1052.23	      3.32	      2.49	      6.99	      5.23	69.88	 1.098e-03	     -0.17	Gaussian	0.000000	0.000000
1721	0	  0.025412	  0.032610	     -1.00	   4165.35	   3700.71	      2.39	      1.89	      5.02	      3.98	73.43	 4.039e-04	     -0.17	Gaussian	0.000000	0.000000
1722	0	  0.025373	  0.031665	     -1.00	   1611.61	   2443.56	      2.25	      2.06	      4.73	      4.34	-88.60	 4.191e-04	     -0.17	Gaussian	0.000000	0.000000
1723	0	  0.025506	  0.036105	     -1.00	   2893.95	   3016.50	      2.24	      1.83	      4.70	      3.84	-87.07	 4.027e-04	     -0.17	Gaussian	0.000000	0.000000
1724	0	  0.025379	  0.037731	     -1.00	   2723.87	    704.70	      1.98	      1.98	      4.15	      4.15	-23.09	 4.380e-04	     -0.17	Gaussian	0.000000	0.000000
1725	0	  0.024940	  0.016667	     -1.00	    990.03	   4055.80	      3.25	      3.12	      6.84	      6.55	-2.93	 5.988e-04	     -0.17	Gaussian	0.000000	0.000000
1726	0	  0.024651	  0.026486	     -1.00	   6297.55	   1599.23	      2.48	      1.90	      5.20	      4.00	49.98	 5.182e-04	     -0.17	Gaussian	0.000000	0.000000
1727	0	  0.025088	  0.034620	     -1.00	   4585.59	    460.92	      2.14	      1.98	      4.51	      4.16	59.66	 4.375e-04	     -0.17	Gaussian	0.000000	0.000000
1728	0	  0.024741	  0.023025	     -1.00	    548.36	   2522.99	      2.72	      2.34	      5.71	      4.93	-18.12	 3.787e-04	     -0.17	Gaussian	0.000000	0.000000
1729	0	  0.025268	  0.031093	     -1.00	   3316.33	    404.04	      2.59	      2.37	      5.44	      4.97	55.94	 8.434e-04	     -0.17	Gaussian	0.000000	0.000000
1730	0	  0.025568	  0.030439	     -1.00	   4037.59	   2203.04	      2.26	      1.93	      4.75	      4.06	-85.39	 4.252e-04	     -0.17	Gaussian	0.000000	0.000000
1731	0	  0.025074	  0.030606	     -1.00	   5396.68	   2930.52	      2.50	      1.91	      5.26	      4.01	58.82	 3.659e-04	     -0.17	Gaussian	0.000000	0.000000
1732	0	  0.024747	  0.023457	     -1.00	    600.57	   1176.18	      2.49	      2.49	      5.24	      5.23	83.01	 4.569e-04	     -0.17	Gaussian	0.000000	0.000000
1733	0	  0.025212	  0.019786	     -1.00	   4491.76	   3358.25	      4.13	      2.40	      8.68	      5.04	54.48	 1.020e-03	     -0.17	Gaussian	0.000000	0.000000
1734	0	  0.024487	  0.022207	     -1.00	   6162.71	   3941.34	      3.33	      1.97	      7.00	      4.15	57.06	 3.940e-04	     -0.17	Gaussian	0.000000	0.000000
1735	0	  0.025074	  0.020778	     -1.00	    752.16	   4054.69	      3.05	      2.30	      6.41	      4.84	-50.48	 7.927e-04	     -0.17	Gaussian	0.000000	0.000000
1736	0	  0.025589	  0.030127	     -1.00	   3386.55	   3404.76	      2.45	      1.97	      5.16	      4.15	88.94	 3.969e-04	     -0.17	Gaussian	0.000000	0.000000
1737	0	  0.024938	  0.025155	     -1.00	    803.37	   2283.91	      2.42	      2.38	      5.09	      5.01	63.81	 4.066e-04	     -0.17	Gaussian	0.000000	0.000000
1738	0	  0.025130	  0.028439	     -1.00	   6343.35	   1832.95	      2.69	      1.90	      5.66	      4.00	44.88	 1.119e-03	     -0.17	Gaussian	0.000000	0.000000
1739	0	  0.024923	  0.022671	     -1.00	    717.29	   1260.70	      1.95	      1.89	      4.10	      3.98	83.18	 1.215e-03	     -0.17	Gaussian	0.000000	0.000000
1740	0	  0.024479	  0.023059	     -1.00	   6234.31	    683.02	      1.93	      1.85	      4.06	      3.89	-46.71	 1.185e-03	     -0.17	Gaussian	0.000000	0.000000
1741	0	  0.025501	  0.036301	     -1.00	   2861.56	   1183.79	      2.12	      1.89	      4.45	      3.98	-82.68	 4.044e-04	     -0.17	Gaussian	0.000000	0.000000
1742	0	  0.024979	  0.026360	     -1.00	   5589.58	   3426.28	      1.99	      1.81	      4.19	      3.81	68.50	 1.061e-03	     -0.17	Gaussian	0.000000	0.000000
1743	0	  0.025512	  0.032920	     -1.00	   2553.67	   3127.57	      2.31	      1.90	      4.86	      4.00	-88.78	 3.853e-04	     -0.17	Gaussian	0.000000	0.000000
1744	0	  0.024844	  0.027009	     -1.00	   4724.63	     83.26	      3.28	      1.88	      6.89	      3.95	48.44	 8.910e-04	     -0.17	Gaussian	0.000000	0.000000
1745	0	  0.025028	  0.028867	     -1.00	   5304.04	   3605.91	      2.68	      1.88	      5.63	      3.94	69.05	 4.043e-04	     -0.17	Gaussian	0.000000	0.000000
1746	0	  0.024567	  0.020157	     -1.00	    107.85	   2215.84	      3.03	      2.36	      6.37	      4.97	-15.65	 4.117e-04	     -0.17	Gaussian	0.000000	0.000000
1747	0	  0.025043	  0.032591	     -1.00	   5442.12	   3745.46	      2.04	      1.94	      4.28	      4.07	76.94	 7.271e-04	     -0.16	Gaussian	0.000000	0.000000
1748	0	  0.025002	  0.033898	     -1.00	   5136.00	    688.69	      2.24	      1.90	      4.71	      3.99	56.63	 3.865e-04	     -0.16	Gaussian	0.000000	0.000000
1749	0	  0.025317	  0.020195	     -1.00	   2209.38	   3728.14	      1.82	      1.56	      3.83	      3.29	2.80	 1.433e-03	     -0.16	Gaussian	0.000000	0.000000
1750	0	  0.024585	  0.022433	     -1.00	    623.86	    296.92	      2.90	      2.22	      6.10	      4.66	8.77	 4.631e-04	     -0.16	Gaussian	0.000000	0.000000
1751	0	  0.025558	  0.019949	     -1.00	   3228.42	   3523.03	      3.61	      3.07	      7.59	      6.46	19.33	 1.238e-03	     -0.16	Gaussian	0.000000	0.000000
1752	0	  0.025366	  0.029570	     -1.00	   2107.24	   1634.08	      2.48	      2.15	      5.22	      4.53	72.30	 5.434e-04	     -0.16	Gaussian	0.000000	0.000000
1753	0	  0.025463	  0.030202	     -1.00	   3661.12	   3784.58	      2.64	      2.34	      5.56	      4.93	61.34	 7.554e-04	     -0.16	Gaussian	0.000000	0.000000
1754	0	  0.025422	  0.032043	     -1.00	   2207.55	   3645.12	      2.27	      1.98	      4.77	      4.16	-70.49	 3.502e-04	     -0.16	Gaussian	0.000000	0.000000
1755	0	  0.024620	  0.028664	     -1.00	   5845.90	    560.18	      2.60	      1.93	      5.47	      4.06	39.01	 4.185e-04	     -0.16	Gaussian	0.000000	0.000000
1756	0	  0.025299	  0.033206	     -1.00	   1402.12	   2099.76	      2.10	      2.07	      4.41	      4.34	-58.80	 3.957e-04	     -0.16	Gaussian	0.000000	0.000000
1757	0	  0.025139	  0.021994	     -1.00	   1750.35	   4204.08	      3.82	      3.82	      8.04	      8.04	-7.84	 1.688e-03	     -0.16	Gaussian	0.000000	0.000000
1758	0	  0.025203	  0.034826	     -1.00	   3384.77	    231.00	      2.17	      1.90	      4.56	      3.99	65.16	 3.901e-04	     -0.16	Gaussian	0.000000	0.000000
1759	0	  0.025406	  0.033372	     -1.00	   3310.62	    904.53	      2.15	      2.00	      4.51	      4.20	82.85	 3.636e-04	     -0.16	Gaussian	0.000000	0.000000
1760	0	  0.024998	  0.026202	     -1.00	   2151.34	    207.08	      2.79	      2.35	      5.86	      4.94	68.91	 7.428e-04	     -0.16	Gaussian	0.000000	0.000000
1761	0	  0.025426	  0.035464	     -1.00	   3984.30	   1101.83	      2.15	      1.88	      4.51	      3.95	80.44	 4.098e-04	     -0.16	Gaussian	0.000000	0.000000
1762	0	  0.024752	  0.023097	     -1.00	   5642.16	    554.16	      3.13	      2.96	      6.57	      6.22	74.06	 1.111e-03	     -0.16	Gaussian	0.000000	0.000000
1763	0	  0.025576	  0.025940	     -1.00	   3114.25	   3058.24	      3.09	      2.28	      6.50	      4.79	69.51	 8.383e-04	     -0.16	Gaussian	0.000000	0.000000
1764	0	  0.025146	  0.033086	     -1.00	   2364.85	    355.48	      2.17	      1.99	      4.55	      4.18	45.73	 4.019e-04	     -0.16	Gaussian	0.000000	0.000000
1765	0	  0.024910	  0.026336	     -1.00	   1159.98	    596.42	      2.33	      2.33	      4.90	      4.90	64.26	 5.368e-04	     -0.16	Gaussian	0.000000	0.000000
1766	0	  0.025689	  0.030797	     -1.00	   3509.40	   2721.72	      2.36	      1.97	      4.95	      4.14	88.54	 3.790e-04	     -0.16	Gaussian	0.000000	0.000000
1767	0	  0.025336	  0.027176	     -1.00	   4426.27	   3652.52	      1.90	      1.68	      3.98	      3.52	-62.27	 1.097e-03	     -0.16	Gaussian	0.000000	0.000000
1768	0	  0.025365	  0.019012	     -1.00	    457.76	   3699.69	      3.27	      2.29	      6.87	      4.82	-43.98	 2.956e-03	     -0.16	Gaussian	0.000000	0.000000
1769	0	  0.025307	  0.018660	     -1.00	   1733.36	   3934.19	      3.59	      2.72	      7.55	      5.71	-84.34	 1.057e-03	     -0.16	Gaussian	0.000000	0.000000
1770	0	  0.025189	  0.023867	     -1.00	   1494.71	   1514.18	      2.71	      2.20	      5.70	      4.63	65.77	 6.677e-04	     -0.16	Gaussian	0.000000	0.000000
1771	0	  0.025746	  0.030184	     -1.00	   3576.17	   1835.62	      1.56	      1.52	      3.29	      3.19	7.35	 1.508e-03	     -0.16	Gaussian	0.000000	0.000000
1772	0	  0.024785	  0.026649	     -1.00	   1665.84	     23.81	      2.53	      2.10	      5.32	      4.42	22.71	 3.991e-04	     -0.16	Gaussian	0.000000	0.000000
1773	0	  0.025450	  0.031272	     -1.00	   2705.80	   3653.39	      2.39	      1.90	      5.03	      3.99	86.89	 3.537e-04	     -0.16	Gaussian	0.000000	0.000000
1774	0	  0.025502	  0.024575	     -1.00	   2259.26	   2445.39	      2.74	      2.40	      5.76	      5.05	10.59	 8.973e-04	     -0.16	Gaussian	0.000000	0.000000
1775	0	  0.025234	  0.029021	     -1.00	   3138.38	    164.28	      2.71	      2.06	      5.69	      4.32	53.50	 7.964e-04	     -0.16	Gaussian	0.000000	0.000000
1776	0	  0.025084	  0.026623	     -1.00	   1537.69	    855.66	      2.64	      2.01	      5.56	      4.22	18.24	 3.871e-04	     -0.16	Gaussian	0.000000	0.000000
1777	0	  0.025694	  0.030315	     -1.00	   2297.77	   1866.22	      1.56	      1.39	      3.28	      2.92	67.69	 1.861e-03	     -0.16	Gaussian	0.000000	0.000000
1778	0	  0.025241	  0.016397	     -1.00	   4518.38	   1362.99	      4.86	      2.63	     10.22	      5.53	51.99	 1.470e-03	     -0.16	Gaussian	0.000000	0.000000
1779	0	  0.025286	  0.031591	     -1.00	   5062.65	   1839.01	      2.24	      2.00	      4.70	      4.19	63.82	 4.208e-04	     -0.16	Gaussian	0.000000	0.000000
1780	0	  0.025134	  0.016941	     -1.00	   2654.70	    158.24	      1.61	      1.36	      3.39	      2.85	79.53	 2.075e-03	     -0.16	Gaussian	0.000000	0.000000
1781	0	  0.025216	  0.026470	     -1.00	   2134.45	   4212.96	      2.31	      2.31	      4.85	      4.85	15.97	 6.705e-04	     -0.16	Gaussian	0.000000	0.000000
1782	0	  0.025334	  0.032848	     -1.00	   4580.42	   1359.72	      2.19	      1.96	      4.60	      4.12	69.81	 3.917e-04	     -0.16	Gaussian	0.000000	0.000000
1783	0	  0.025525	  0.035711	     -1.00	   3082.98	   1197.66	      2.13	      1.85	      4.48	      3.90	89.73	 4.154e-04	     -0.16	Gaussian	0.000000	0.000000
1784	0	  0.025168	  0.034846	     -1.00	   3056.97	    230.31	      2.10	      1.93	      4.41	      4.05	77.03	 4.451e-04	     -0.16	Gaussian	0.000000	0.000000
1785	0	  0.025181	  0.024425	     -1.00	   5278.62	    550.22	      3.61	      1.89	      7.58	      3.96	-89.87	 1.569e-03	     -0.16	Gaussian	0.000000	0.000000
1786	0	  0.024630	  0.021249	     -1.00	    423.68	    818.95	      2.91	      2.26	      6.12	      4.74	3.49	 4.236e-04	     -0.16	Gaussian	0.000000	0.000000
1787	0	  0.025415	  0.022673	     -1.00	   4786.19	   2119.30	      3.16	      2.27	      6.64	      4.77	10.54	 1.045e-03	     -0.16	Gaussian	0.000000	0.000000
1788	0	  0.025281	  0.034382	     -1.00	   3156.58	    398.03	      2.12	      1.92	      4.46	      4.04	73.03	 3.761e-04	     -0.16	Gaussian	0.000000	0.000000
1789	0	  0.025163	  0.027217	     -1.00	   1766.21	   3854.60	      2.27	      2.27	      4.77	      4.77	-6.58	 4.507e-04	     -0.16	Gaussian	0.000000	0.000000
1790	0	  0.024611	  0.022629	     -1.00	   5892.21	    442.26	      3.25	      2.67	      6.82	      5.61	-10.24	 9.421e-04	     -0.16	Gaussian	0.000000	0.000000
1791	0	  0.025667	  0.030464	     -1.00	   2680.87	   2506.84	      2.42	      1.90	      5.08	      3.99	-88.89	 4.659e-04	     -0.16	Gaussian	0.000000	0.000000
1792	0	  0.025138	  0.033240	     -1.00	   2222.21	    413.84	      2.16	      1.94	      4.55	      4.08	53.56	 3.913e-04	     -0.16	Gaussian	0.000000	0.000000
1793	0	  0.025222	  0.036065	     -1.00	   4021.80	    328.39	      2.12	      1.83	      4.45	      3.85	66.44	 3.871e-04	     -0.16	Gaussian	0.000000	0.000000
1794	0	  0.025324	  0.024574	     -1.00	   4618.51	   1641.30	      1.82	      1.33	      3.82	      2.80	58.84	 1.560e-03	     -0.16	Gaussian	0.000000	0.000000
1795	0	  0.025604	  0.016321	     -1.00	   4118.24	   2191.34	      4.00	      3.71	      8.40	      7.80	4.11	 1.542e-03	     -0.16	Gaussian	0.000000	0.000000
1796	0	  0.025345	  0.026242	     -1.00	   1492.52	   1591.76	      1.51	      1.39	      3.18	      2.91	78.04	 1.985e-03	     -0.16	Gaussian	0.000000	0.000000
1797	0	  0.025362	  0.026822	     -1.00	   3415.48	    768.24	      1.97	      1.62	      4.13	      3.40	67.96	 1.144e-03	     -0.16	Gaussian	0.000000	0.000000
1798	0	  0.025320	  0.027867	     -1.00	   4012.30	   3790.22	      2.74	      1.99	      5.75	      4.17	77.35	 4.314e-04	     -0.16	Gaussian	0.000000	0.000000
1799	0	  0.025688	  0.033814	     -1.00	   2416.04	   3160.89	      2.25	      1.83	      4.72	      3.84	89.90	 7.596e-04	     -0.16	Gaussian	0.000000	0.000000
1800	0	  0.024943	  0.012813	     -1.00	   1052.15	   3305.50	      1.81	      1.80	      3.79	      3.78	-89.94	 1.553e-03	     -0.16	Gaussian	0.000000	0.000000
1801	0	  0.025661	  0.027261	     -1.00	   3959.63	   2896.95	      2.49	      2.03	      5.24	      4.28	-74.63	 9.773e-04	     -0.16	Gaussian	0.000000	0.000000
1802	0	  0.025515	  0.035238	     -1.00	   2665.83	   1261.59	      2.11	      1.87	      4.44	      3.93	-82.68	 4.062e-04	     -0.16	Gaussian	0.000000	0.000000
1803	0	  0.025335	  0.035595	     -1.00	   2167.96	   1031.48	      2.06	      1.89	      4.33	      3.97	62.98	 4.183e-04	     -0.16	Gaussian	0.000000	0.000000
1804	0	  0.025021	  0.033098	     -1.00	   5571.70	   1369.57	      2.25	      1.86	      4.72	      3.92	52.61	 4.187e-04	     -0.16	Gaussian	0.000000	0.000000
1805	0	  0.025650	  0.026494	     -1.00	   2259.59	   2630.71	      1.72	      1.42	      3.61	      2.98	-43.56	 1.770e-03	     -0.16	Gaussian	0.000000	0.000000
1806	0	  0.025339	  0.032292	     -1.00	   2168.32	    937.93	      2.17	      1.97	      4.55	      4.14	80.88	 4.339e-04	     -0.16	Gaussian	0.000000	0.000000
1807	0	  0.025628	  0.024418	     -1.00	   3024.32	   2221.04	      2.92	      2.41	      6.14	      5.07	-86.81	 6.607e-04	     -0.16	Gaussian	0.000000	0.000000
1808	0	  0.025071	  0.023115	     -1.00	   5368.68	   3480.51	      1.83	      1.57	      3.86	      3.31	72.48	 1.502e-03	     -0.16	Gaussian	0.000000	0.000000
1809	0	  0.025481	  0.026051	     -1.00	   3951.56	   1080.53	      1.83	      1.67	      3.85	      3.51	77.15	 1.336e-03	     -0.16	Gaussian	0.000000	0.000000
1810	0	  0.025434	  0.014306	     -1.00	   3280.37	   3797.43	      4.53	      3.73	      9.53	      7.84	8.69	 1.873e-03	     -0.16	Gaussian	0.000000	0.000000
1811	0	  0.025562	  0.030239	     -1.00	   3770.63	   3016.49	      2.34	      1.94	      4.93	      4.07	-88.31	 4.129e-04	     -0.16	Gaussian	0.000000	0.000000
1812	0	  0.025368	  0.019812	     -1.00	   4881.93	   2807.85	      1.81	      1.67	      3.79	      3.52	70.37	 1.719e-03	     -0.16	Gaussian	0.000000	0.000000
1813	0	  0.025402	  0.023561	     -1.00	   4242.50	   3872.17	      2.12	      1.77	      4.45	      3.71	74.00	 9.731e-04	     -0.16	Gaussian	0.000000	0.000000
1814	0	  0.024956	  0.026238	     -1.00	   1112.34	   1074.55	      2.33	      2.24	      4.90	      4.70	27.68	 4.407e-04	     -0.16	Gaussian	0.000000	0.000000
1815	0	  0.025312	  0.032687	     -1.00	   4900.89	   1942.84	      2.24	      1.87	      4.72	      3.93	70.73	 3.957e-04	     -0.16	Gaussian	0.000000	0.000000
1816	0	  0.025115	  0.028709	     -1.00	   1133.99	   1303.22	      2.35	      2.03	      4.95	      4.26	15.03	 6.628e-04	     -0.16	Gaussian	0.000000	0.000000
1817	0	  0.024803	  0.017521	     -1.00	    627.15	   3112.22	      3.85	      3.37	      8.09	      7.09	-6.55	 8.964e-04	     -0.16	Gaussian	0.000000	0.000000
1818	0	  0.025642	  0.014361	     -1.00	   2014.11	    987.26	      4.05	      3.57	      8.51	      7.51	68.80	 2.177e-03	     -0.16	Gaussian	0.000000	0.000000
1819	0	  0.025586	  0.026425	     -1.00	   4356.39	   2494.14	      1.88	      1.51	      3.94	      3.17	-79.86	 1.342e-03	     -0.16	Gaussian	0.000000	0.000000
1820	0	  0.025133	  0.034274	     -1.00	   3185.97	    226.52	      2.09	      1.90	      4.38	      4.00	64.56	 4.255e-04	     -0.16	Gaussian	0.000000	0.000000
1821	0	  0.025324	  0.029044	     -1.00	   4466.75	   3629.62	      2.50	      1.88	      5.25	      3.95	73.74	 3.679e-04	     -0.16	Gaussian	0.000000	0.000000
1822	0	  0.025157	  0.026065	     -1.00	   1914.91	   4032.43	      2.49	      2.09	      5.23	      4.40	-68.19	 3.640e-04	     -0.16	Gaussian	0.000000	0.000000
1823	0	  0.024857	  0.025092	     -1.00	   1279.33	    281.19	      2.62	      2.07	      5.51	      4.35	18.78	 5.112e-04	     -0.16	Gaussian	0.000000	0.000000
1824	0	  0.025363	  0.018907	     -1.00	   4634.38	   1774.14	      3.24	      2.22	      6.80	      4.67	-44.52	 5.149e-04	     -0.16	Gaussian	0.000000	0.000000
1825	0	  0.024866	  0.024628	     -1.00	    833.96	   1029.23	      2.60	      2.12	      5.46	      4.46	8.24	 4.102e-04	     -0.16	Gaussian	0.000000	0.000000
1826	0	  0.025585	  0.030566	     -1.00	   3846.73	   2124.94	      2.32	      1.91	      4.88	      4.01	85.86	 3.668e-04	     -0.16	Gaussian	0.000000	0.000000
1827	0	  0.025636	  0.022429	     -1.00	   3981.19	   2287.30	      2.90	      2.45	      6.10	      5.15	7.15	 8.965e-04	     -0.16	Gaussian	0.000000	0.000000
1828	0	  0.025508	  0.034796	     -1.00	   2923.95	   1142.84	      2.05	      1.90	      4.31	      3.99	-87.48	 4.136e-04	     -0.16	Gaussian	0.000000	0.000000
1829	0	  0.025359	  0.022794	     -1.00	   1496.35	   3243.28	      2.03	      1.59	      4.26	      3.35	85.34	 1.484e-03	     -0.16	Gaussian	0.000000	0.000000
1830	0	  0.025642	  0.026872	     -1.00	   3644.18	   2550.95	      1.78	      1.78	      3.75	      3.74	18.99	 1.040e-03	     -0.15	Gaussian	0.000000	0.000000
1831	0	  0.024856	  0.026118	     -1.00	   5652.70	   3445.49	      2.79	      1.85	      5.86	      3.90	60.45	 3.488e-04	     -0.15	Gaussian	0.000000	0.000000
1832	0	  0.025637	  0.032229	     -1.00	   2440.91	   2025.33	      2.05	      2.05	      4.30	      4.30	-36.12	 4.928e-04	     -0.15	Gaussian	0.000000	0.000000
1833	0	  0.025003	  0.025934	     -1.00	   1156.52	    998.87	      2.31	      2.24	      4.87	      4.70	28.76	 4.740e-04	     -0.15	Gaussian	0.000000	0.000000
1834	0	  0.025115	  0.032359	     -1.00	   5187.26	   1192.91	      2.25	      1.85	      4.73	      3.89	59.23	 3.848e-04	     -0.15	Gaussian	0.000000	0.000000
1835	0	  0.025459	  0.028554	     -1.00	   3867.18	   3684.65	      1.92	      1.83	      4.03	      3.85	67.24	 7.479e-04	     -0.15	Gaussian	0.000000	0.000000
1836	0	  0.025739	  0.030437	     -1.00	   3373.14	   2196.50	      2.17	      2.15	      4.55	      4.53	-9.47	 4.777e-04	     -0.15	Gaussian	0.000000	0.000000
1837	0	  0.025393	  0.029240	     -1.00	   1621.32	   2385.56	      2.27	      2.03	      4.78	      4.26	-80.60	 3.996e-04	     -0.15	Gaussian	0.000000	0.000000
1838	0	  0.025278	  0.031359	     -1.00	   4818.91	   2955.67	      2.26	      1.90	      4.75	      4.00	69.90	 3.911e-04	     -0.15	Gaussian	0.000000	0.000000
1839	0	  0.025540	  0.023331	     -1.00	   2595.20	   3045.11	      1.61	      1.45	      3.39	      3.05	7.14	 1.643e-03	     -0.15	Gaussian	0.000000	0.000000
1840	0	  0.025390	  0.024001	     -1.00	   2038.71	   1997.23	      2.94	      2.40	      6.19	      5.04	67.18	 8.368e-04	     -0.15	Gaussian	0.000000	0.000000
1841	0	  0.025233	  0.030414	     -1.00	   5269.56	   1512.57	      2.29	      1.92	      4.81	      4.04	59.55	 4.825e-04	     -0.15	Gaussian	0.000000	0.000000
1842	0	  0.024824	  0.020602	     -1.00	   5262.53	    127.75	      1.80	      1.61	      3.78	      3.39	71.64	 1.498e-03	     -0.15	Gaussian	0.000000	0.000000
1843	0	  0.025437	  0.033408	     -1.00	   2066.99	   2233.27	      2.00	      2.00	      4.20	      4.20	23.58	 4.292e-04	     -0.15	Gaussian	0.000000	0.000000
1844	0	  0.025134	  0.032204	     -1.00	   5169.93	   1333.10	      2.22	      1.87	      4.67	      3.92	58.19	 3.759e-04	     -0.15	Gaussian	0.000000	0.000000
1845	0	  0.025442	  0.032948	     -1.00	   4125.76	   1349.52	      2.15	      1.89	      4.51	      3.97	89.80	 3.717e-04	     -0.15	Gaussian	0.000000	0.000000
1846	0	  0.025253	  0.024783	     -1.00	   1412.43	   2757.11	      2.89	      2.51	      6.08	      5.27	70.83	 7.858e-04	     -0.15	Gaussian	0.000000	0.000000
1847	0	  0.025598	  0.032526	     -1.00	   2537.54	   2823.93	      2.03	      2.03	      4.27	      4.27	24.84	 4.592e-04	     -0.15	Gaussian	0.000000	0.000000
1848	0	  0.025587	  0.030955	     -1.00	   2512.35	   2981.84	      1.66	      1.65	      3.49	      3.47	78.76	 9.979e-04	     -0.15	Gaussian	0.000000	0.000000
1849	0	  0.025634	  0.031862	     -1.00	   2632.28	   2500.83	      2.28	      1.84	      4.80	      3.88	-87.63	 4.029e-04	     -0.15	Gaussian	0.000000	0.000000
1850	0	  0.025248	  0.032891	     -1.00	   2949.08	    622.00	      2.15	      1.88	      4.52	      3.96	79.03	 3.749e-04	     -0.15	Gaussian	0.000000	0.000000
1851	0	  0.025176	  0.022554	     -1.00	   4833.14	    730.42	      3.08	      2.30	      6.48	      4.84	14.66	 9.322e-04	     -0.15	Gaussian	0.000000	0.000000
1852	0	  0.024829	  0.023460	     -1.00	    845.50	   1003.92	      2.39	      2.39	      5.02	      5.02	68.39	 4.809e-04	     -0.15	Gaussian	0.000000	0.000000
1853	0	  0.025708	  0.029973	     -1.00	   3445.51	   2024.04	      2.30	      1.93	      4.83	      4.07	-82.78	 4.251e-04	     -0.15	Gaussian	0.000000	0.000000
1854	0	  0.025136	  0.026286	     -1.00	   1607.10	   3563.49	      2.25	      2.25	      4.72	      4.72	-0.04	 4.145e-04	     -0.15	Gaussian	0.000000	0.000000
1855	0	  0.025058	  0.021701	     -1.00	   5631.64	   2442.52	      1.99	      1.76	      4.18	      3.69	72.71	 1.251e-03	     -0.15	Gaussian	0.000000	0.000000
1856	0	  0.025173	  0.021697	     -1.00	   1333.37	   1266.39	      2.77	      2.59	      5.82	      5.44	81.28	 7.161e-04	     -0.15	Gaussian	0.000000	0.000000
1857	0	  0.025514	  0.030172	     -1.00	   3450.90	   3845.20	      2.37	      1.85	      4.99	      3.88	82.36	 7.957e-04	     -0.15	Gaussian	0.000000	0.000000
1858	0	  0.025141	  0.028491	     -1.00	   5224.20	   3614.45	      2.16	      1.81	      4.54	      3.81	66.24	 5.737e-04	     -0.15	Gaussian	0.000000	0.000000
1859	0	  0.024872	  0.018219	     -1.00	   5901.46	   2991.81	      3.07	      3.06	      6.45	      6.43	21.49	 1.108e-03	     -0.15	Gaussian	0.000000	0.000000
1860	0	  0.024859	  0.021542	     -1.00	    982.88	   3701.80	      2.66	      2.30	      5.60	      4.82	-55.52	 3.840e-04	     -0.15	Gaussian	0.000000	0.000000
1861	0	  0.025189	  0.025086	     -1.00	   4927.13	    240.82	      1.53	      1.49	      3.21	      3.13	22.78	 1.729e-03	     -0.15	Gaussian	0.000000	0.000000
1862	0	  0.025272	  0.033384	     -1.00	   3085.77	    497.89	      2.09	      1.89	      4.39	      3.96	60.24	 3.696e-04	     -0.15	Gaussian	0.000000	0.000000
1863	0	  0.025886	  0.026277	     -1.00	   2704.16	   1589.14	      2.82	      2.21	      5.92	      4.64	86.66	 1.828e-03	     -0.15	Gaussian	0.000000	0.000000
1864	0	  0.025283	  0.031742	     -1.00	   3302.52	    405.01	      2.15	      1.92	      4.51	      4.03	81.77	 4.002e-04	     -0.15	Gaussian	0.000000	0.000000
1865	0	  0.024749	  0.024129	     -1.00	   5790.02	    582.58	      1.55	      1.51	      3.25	      3.17	53.07	 1.505e-03	     -0.15	Gaussian	0.000000	0.000000
1866	0	  0.025640	  0.022776	     -1.00	   2846.73	   1817.55	      1.86	      1.75	      3.92	      3.67	74.79	 1.391e-03	     -0.15	Gaussian	0.000000	0.000000
1867	0	  0.025605	  0.029742	     -1.00	   2646.67	   1959.97	      2.30	      1.90	      4.84	      3.99	-83.97	 3.899e-04	     -0.15	Gaussian	0.000000	0.000000
1868	0	  0.025101	  0.021032	     -1.00	   1128.98	   2081.32	      2.89	      2.70	      6.07	      5.67	31.76	 6.639e-04	     -0.15	Gaussian	0.000000	0.000000
1869	0	  0.025188	  0.031601	     -1.00	   4887.91	   1233.42	      2.15	      1.92	      4.52	      4.05	71.29	 4.229e-04	     -0.15	Gaussian	0.000000	0.000000
1870	0	  0.025062	  0.026833	     -1.00	   1064.29	   2054.50	      2.56	      2.54	      5.38	      5.33	85.22	 6.961e-04	     -0.15	Gaussian	0.000000	0.000000
1871	0	  0.025585	  0.028661	     -1.00	   2446.92	   2842.57	      2.14	      2.12	      4.49	      4.46	50.44	 4.671e-04	     -0.15	Gaussian	0.000000	0.000000
1872	0	  0.024832	  0.026589	     -1.00	   6069.64	   2314.05	      2.62	      1.87	      5.50	      3.93	50.38	 4.340e-04	     -0.15	Gaussian	0.000000	0.000000
1873	0	  0.024755	  0.024762	     -1.00	   6153.76	   2602.59	      2.83	      1.85	      5.94	      3.90	51.49	 4.027e-04	     -0.15	Gaussian	0.000000	0.000000
1874	0	  0.025734	  0.020130	     -1.00	   3228.64	   2255.66	      3.51	      3.46	      7.37	      7.27	8.28	 1.607e-03	     -0.15	Gaussian	0.000000	0.000000
1875	0	  0.025355	  0.012804	     -1.00	   2435.52	   3454.19	      4.63	      4.58	      9.72	      9.62	86.67	 1.854e-03	     -0.15	Gaussian	0.000000	0.000000
1876	0	  0.024728	  0.023841	     -1.00	   1051.85	    461.50	      2.59	      2.10	      5.43	      4.42	12.00	 4.328e-04	     -0.15	Gaussian	0.000000	0.000000
1877	0	  0.025270	  0.030506	     -1.00	   4602.54	   1361.80	      2.06	      2.05	      4.32	      4.32	-17.46	 4.078e-04	     -0.15	Gaussian	0.000000	0.000000
1878	0	  0.025106	  0.022737	     -1.00	   1512.42	   3900.42	      2.67	      2.13	      5.60	      4.48	-66.79	 4.850e-04	     -0.15	Gaussian	0.000000	0.000000
1879	0	  0.025659	  0.029628	     -1.00	   3115.74	   1858.60	      2.20	      1.98	      4.62	      4.17	-82.47	 3.857e-04	     -0.15	Gaussian	0.000000	0.000000
1880	0	  0.025132	  0.029301	     -1.00	   1988.94	    601.78	      2.21	      1.99	      4.65	      4.18	50.56	 3.833e-04	     -0.15	Gaussian	0.000000	0.000000
1881	0	  0.025366	  0.025972	     -1.00	   3281.01	    621.68	      2.74	      2.47	      5.76	      5.19	6.37	 9.107e-04	     -0.15	Gaussian	0.000000	0.000000
1882	0	  0.024996	  0.025984	     -1.00	   1343.85	    933.63	      2.39	      2.08	      5.02	      4.38	12.45	 3.778e-04	     -0.15	Gaussian	0.000000	0.000000
1883	0	  0.025381	  0.027317	     -1.00	   4621.06	   2400.71	      2.60	      2.27	      5.47	      4.78	70.99	 5.486e-04	     -0.15	Gaussian	0.000000	0.000000
1884	0	  0.025101	  0.032398	     -1.00	   4199.89	    245.43	      2.14	      1.86	      4.49	      3.90	54.79	 3.529e-04	     -0.15	Gaussian	0.000000	0.000000
1885	0	  0.025364	  0.019155	     -1.00	   2989.98	   3984.88	      1.80	      1.67	      3.77	      3.52	71.67	 1.711e-03	     -0.15	Gaussian	0.000000	0.000000
1886	0	  0.025185	  0.027479	     -1.00	   1312.20	   1986.79	      2.21	      2.11	      4.64	      4.43	66.15	 3.787e-04	     -0.15	Gaussian	0.000000	0.000000
1887	0	  0.025459	  0.031702	     -1.00	   2382.32	   3307.73	      2.24	      1.80	      4.70	      3.79	88.29	 3.699e-04	     -0.15	Gaussian	0.000000	0.000000
1888	0	  0.025245	  0.025264	     -1.00	   2697.03	   3924.70	      2.79	      2.21	      5.87	      4.65	0.90	 8.086e-04	     -0.15	Gaussian	0.000000	0.000000
1889	0	  0.025469	  0.028866	     -1.00	   2175.73	   2623.59	      2.27	      1.94	      4.77	      4.08	-80.35	 3.724e-04	     -0.15	Gaussian	0.000000	0.000000
1890	0	  0.024940	  0.017138	     -1.00	   5119.87	    496.04	      1.52	      1.42	      3.20	      2.98	63.92	 1.862e-03	     -0.15	Gaussian	0.000000	0.000000
1891	0	  0.025567	  0.016116	     -1.00	   2898.05	   2678.79	      1.59	      1.52	      3.35	      3.19	77.66	 1.813e-03	     -0.15	Gaussian	0.000000	0.000000
1892	0	  0.025528	  0.025695	     -1.00	   3151.46	   3346.16	      2.58	      2.10	      5.41	      4.40	59.21	 5.049e-04	     -0.15	Gaussian	0.000000	0.000000
1893	0	  0.025376	  0.029938	     -1.00	   3532.32	    980.42	      2.18	      1.92	      4.58	      4.03	86.96	 3.871e-04	     -0.15	Gaussian	0.000000	0.000000
1894	0	  0.025545	  0.026922	     -1.00	   1210.86	   3058.69	      2.21	      2.15	      4.64	      4.52	-45.91	 5.285e-04	     -0.15	Gaussian	0.000000	0.000000
1895	0	  0.025223	  0.028291	     -1.00	   5125.01	   2445.92	      2.37	      1.89	      4.97	      3.98	67.94	 3.661e-04	     -0.15	Gaussian	0.000000	0.000000
1896	0	  0.025112	  0.022333	     -1.00	   5431.58	   2119.33	      2.83	      2.17	      5.95	      4.56	57.04	 5.455e-04	     -0.15	Gaussian	0.000000	0.000000
1897	0	  0.025313	  0.027088	     -1.00	   4749.62	   2872.71	      2.40	      1.95	      5.04	      4.10	74.51	 3.565e-04	     -0.15	Gaussian	0.000000	0.000000
1898	0	  0.025628	  0.026918	     -1.00	   2771.65	   2055.49	      2.39	      1.97	      5.02	      4.13	-89.71	 3.584e-04	     -0.15	Gaussian	0.000000	0.000000
1899	0	  0.025630	  0.027499	     -1.00	   3301.66	   2441.55	      2.33	      1.96	      4.90	      4.12	-89.74	 3.547e-04	     -0.14	Gaussian	0.000000	0.000000
1900	0	  0.025519	  0.029362	     -1.00	   1939.60	   1239.71	      2.11	      2.03	      4.43	      4.26	-88.28	 7.501e-04	     -0.14	Gaussian	0.000000	0.000000
1901	0	  0.025388	  0.030280	     -1.00	   1795.39	   1471.80	      2.13	      1.95	      4.47	      4.09	-82.33	 4.457e-04	     -0.14	Gaussian	0.000000	0.000000
1902	0	  0.025141	  0.030108	     -1.00	   4681.87	    702.19	      2.19	      1.90	      4.60	      3.99	63.55	 4.034e-04	     -0.14	Gaussian	0.000000	0.000000
1903	0	  0.025241	  0.030137	     -1.00	   2729.39	    608.11	      2.04	      1.89	      4.28	      3.97	66.65	 4.164e-04	     -0.14	Gaussian	0.000000	0.000000
1904	0	  0.025427	  0.016911	     -1.00	   2353.09	   1205.20	      3.42	      3.40	      7.18	      7.16	83.18	 1.367e-03	     -0.14	Gaussian	0.000000	0.000000
1905	0	  0.025410	  0.022577	     -1.00	   2650.19	    934.64	      2.93	      2.60	      6.16	      5.46	29.23	 1.006e-03	     -0.14	Gaussian	0.000000	0.000000
1906	0	  0.025249	  0.024262	     -1.00	   3276.39	   4227.90	      2.26	      1.78	      4.74	      3.73	-83.98	 6.251e-04	     -0.14	Gaussian	0.000000	0.000000
1907	0	  0.025336	  0.025840	     -1.00	   1793.46	   3149.65	      2.39	      2.01	      5.02	      4.23	-87.28	 3.834e-04	     -0.14	Gaussian	0.000000	0.000000
1908	0	  0.025595	  0.015376	     -1.00	   2488.80	   3253.54	      1.68	      1.37	      3.53	      2.87	13.77	 2.108e-03	     -0.14	Gaussian	0.000000	0.000000
1909	0	  0.025357	  0.030273	     -1.00	   1638.01	   1977.40	      1.85	      1.83	      3.89	      3.85	17.33	 6.279e-04	     -0.14	Gaussian	0.000000	0.000000
1910	0	  0.025450	  0.028900	     -1.00	   3455.13	   3573.94	      2.39	      1.80	      5.02	      3.78	88.32	 3.378e-04	     -0.14	Gaussian	0.000000	0.000000
1911	0	  0.025538	  0.027584	     -1.00	   2203.80	   2440.38	      2.92	      2.42	      6.14	      5.08	33.56	 1.100e-03	     -0.14	Gaussian	0.000000	0.000000
1912	0	  0.025064	  0.030034	     -1.00	   4877.83	    453.90	      2.21	      1.87	      4.64	      3.92	59.51	 3.995e-04	     -0.14	Gaussian	0.000000	0.000000
1913	0	  0.025288	  0.026182	     -1.00	   3833.89	   3904.03	      2.50	      1.88	      5.26	      3.95	81.44	 3.562e-04	     -0.14	Gaussian	0.000000	0.000000
1914	0	  0.025118	  0.023854	     -1.00	   1754.90	   3707.17	      2.54	      2.04	      5.34	      4.29	-76.32	 3.433e-04	     -0.14	Gaussian	0.000000	0.000000
1915	0	  0.025249	  0.030388	     -1.00	   2438.57	    516.70	      2.11	      1.91	      4.44	      4.02	64.23	 3.527e-04	     -0.14	Gaussian	0.000000	0.000000
1916	0	  0.025386	  0.013357	     -1.00	   4155.51	   3406.31	      4.13	      3.73	      8.68	      7.83	13.91	 1.395e-03	     -0.14	Gaussian	0.000000	0.000000
1917	0	  0.025456	  0.028650	     -1.00	   3735.67	   3646.52	      2.31	      1.86	      4.86	      3.91	79.76	 3.859e-04	     -0.14	Gaussian	0.000000	0.000000
1918	0	  0.025492	  0.025623	     -1.00	   4118.40	   1946.44	      2.41	      1.99	      5.06	      4.19	86.89	 3.565e-04	     -0.14	Gaussian	0.000000	0.000000
1919	0	  0.025236	  0.028613	     -1.00	   4976.03	   1042.29	      1.91	      1.81	      4.01	      3.81	78.43	 6.716e-04	     -0.14	Gaussian	0.000000	0.000000
1920	0	  0.025573	  0.029140	     -1.00	   3146.71	   3374.86	      2.30	      1.84	      4.84	      3.86	-88.23	 4.082e-04	     -0.14	Gaussian	0.000000	0.000000
1921	0	  0.024981	  0.022345	     -1.00	   5227.12	    824.38	      2.79	      2.18	      5.87	      4.58	33.05	 6.135e-04	     -0.14	Gaussian	0.000000	0.000000
1922	0	  0.025400	  0.026997	     -1.00	   1893.77	   1642.24	      1.61	      1.43	      3.37	      3.01	65.76	 1.349e-03	     -0.14	Gaussian	0.000000	0.000000
1923	0	  0.025752	  0.029158	     -1.00	   2757.76	   1754.85	      2.22	      1.89	      4.67	      3.98	-86.38	 6.598e-04	     -0.14	Gaussian	0.000000	0.000000
1924	0	  0.025179	  0.025556	     -1.00	   5063.58	   3295.85	      2.52	      1.90	      5.29	      3.99	68.59	 3.346e-04	     -0.14	Gaussian	0.000000	0.000000
1925	0	  0.025192	  0.029431	     -1.00	   4051.57	    441.68	      2.18	      1.91	      4.58	      4.01	65.68	 3.612e-04	     -0.14	Gaussian	0.000000	0.000000
1926	0	  0.025457	  0.028418	     -1.00	   4481.84	   2720.76	      2.28	      1.89	      4.79	      3.97	82.34	 3.505e-04	     -0.14	Gaussian	0.000000	0.000000
1927	0	  0.025258	  0.024451	     -1.00	   2153.98	   3846.44	      2.23	      2.23	      4.69	      4.69	-20.67	 4.023e-04	     -0.14	Gaussian	0.000000	0.000000
1928	0	  0.025150	  0.028266	     -1.00	   1684.31	    891.64	      2.10	      2.06	      4.41	      4.32	37.25	 3.871e-04	     -0.14	Gaussian	0.000000	0.000000
1929	0	  0.025292	  0.026801	     -1.00	   1963.44	   3716.34	      2.57	      2.35	      5.41	      4.95	74.16	 6.168e-04	     -0.14	Gaussian	0.000000	0.000000
1930	0	  0.025519	  0.020724	     -1.00	   2433.23	   3376.35	      2.78	      2.41	      5.84	      5.06	5.14	 7.953e-04	     -0.14	Gaussian	0.000000	0.000000
1931	0	  0.025151	  0.027177	     -1.00	   3592.43	    202.39	      2.44	      1.98	      5.13	      4.15	44.90	 4.088e-04	     -0.14	Gaussian	0.000000	0.000000
1932	0	  0.025155	  0.023057	     -1.00	   1313.40	   3420.54	      2.49	      2.11	      5.24	      4.43	-63.86	 5.951e-04	     -0.14	Gaussian	0.000000	0.000000
1933	0	  0.025501	  0.016640	     -1.00	   3248.02	   3672.78	      1.74	      1.64	      3.66	      3.46	76.18	 1.601e-03	     -0.14	Gaussian	0.000000	0.000000
1934	0	  0.025275	  0.028585	     -1.00	   4094.59	    751.61	      2.16	      1.96	      4.53	      4.11	77.12	 3.660e-04	     -0.14	Gaussian	0.000000	0.000000
1935	0	  0.025260	  0.020431	     -1.00	   4662.24	   1329.37	      3.17	      2.32	      6.66	      4.87	9.93	 9.813e-04	     -0.14	Gaussian	0.000000	0.000000
1936	0	  0.025126	  0.027709	     -1.00	   4687.56	    679.10	      2.23	      1.94	      4.68	      4.08	60.04	 3.355e-04	     -0.14	Gaussian	0.000000	0.000000
1937	0	  0.024875	  0.020184	     -1.00	   5857.15	   2958.56	      3.71	      3.67	      7.79	      7.71	17.89	 1.658e-03	     -0.14	Gaussian	0.000000	0.000000
1938	0	  0.025495	  0.026250	     -1.00	   4191.68	   1993.85	      2.32	      1.96	      4.88	      4.13	89.68	 3.501e-04	     -0.14	Gaussian	0.000000	0.000000
1939	0	  0.025108	  0.029857	     -1.00	   4428.04	    255.80	      2.14	      1.87	      4.50	      3.93	59.43	 4.553e-04	     -0.14	Gaussian	0.000000	0.000000
1940	0	  0.025591	  0.028967	     -1.00	   3320.97	   3023.78	      2.26	      1.83	      4.75	      3.85	89.06	 3.924e-04	     -0.14	Gaussian	0.000000	0.000000
1941	0	  0.025380	  0.028719	     -1.00	   1649.09	   1257.78	      2.09	      1.99	      4.40	      4.18	62.99	 5.377e-04	     -0.14	Gaussian	0.000000	0.000000
1942	0	  0.025558	  0.028180	     -1.00	   2679.52	   2978.75	      2.22	      1.90	      4.68	      3.99	87.15	 3.418e-04	     -0.14	Gaussian	0.000000	0.000000
1943	0	  0.025502	  0.025513	     -1.00	   3839.61	   3225.48	      2.40	      1.94	      5.05	      4.09	79.27	 3.725e-04	     -0.14	Gaussian	0.000000	0.000000
1944	0	  0.025282	  0.027839	     -1.00	   1886.85	   1225.59	      2.11	      2.04	      4.44	      4.28	-89.91	 3.870e-04	     -0.14	Gaussian	0.000000	0.000000
1945	0	  0.025048	  0.013296	     -1.00	   5532.90	   1730.62	      1.73	      1.39	      3.64	      2.91	5.80	 1.773e-03	     -0.14	Gaussian	0.000000	0.000000
1946	0	  0.025059	  0.024951	     -1.00	   5225.47	   1066.29	      1.79	      1.53	      3.77	      3.22	61.17	 9.851e-04	     -0.14	Gaussian	0.000000	0.000000
1947	0	  0.025195	  0.027544	     -1.00	   4783.94	   1000.02	      2.14	      2.01	      4.50	      4.23	54.83	 3.585e-04	     -0.14	Gaussian	0.000000	0.000000
1948	0	  0.025397	  0.027777	     -1.00	   4376.68	   1580.65	      2.21	      1.94	      4.65	      4.09	74.48	 3.446e-04	     -0.14	Gaussian	0.000000	0.000000
1949	0	  0.025279	  0.029675	     -1.00	   3958.98	    608.13	      2.12	      1.89	      4.46	      3.97	76.86	 4.102e-04	     -0.14	Gaussian	0.000000	0.000000
1950	0	  0.025441	  0.028762	     -1.00	   3542.57	   1188.81	      2.18	      1.90	      4.58	      4.00	-79.22	 3.478e-04	     -0.14	Gaussian	0.000000	0.000000
1951	0	  0.025612	  0.023700	     -1.00	   3343.55	   1580.16	      1.91	      1.72	      4.02	      3.61	75.18	 9.282e-04	     -0.14	Gaussian	0.000000	0.000000
1952	0	  0.025611	  0.026669	     -1.00	   4813.15	   3217.63	      2.81	      2.80	      5.90	      5.89	25.04	 1.848e-03	     -0.14	Gaussian	0.000000	0.000000
1953	0	  0.025309	  0.026665	     -1.00	   2040.95	   3965.41	      2.03	      1.85	      4.26	      3.88	-45.63	 6.699e-04	     -0.14	Gaussian	0.000000	0.000000
1954	0	  0.024896	  0.017407	     -1.00	   5901.05	   2159.09	      3.39	      3.37	      7.12	      7.09	71.34	 1.251e-03	     -0.14	Gaussian	0.000000	0.000000
1955	0	  0.025290	  0.026591	     -1.00	   3957.06	   4103.60	      1.94	      1.62	      4.08	      3.40	74.31	 7.841e-04	     -0.14	Gaussian	0.000000	0.000000
1956	0	  0.025377	  0.026324	     -1.00	   1972.39	   2616.76	      2.30	      1.94	      4.84	      4.07	-87.86	 3.465e-04	     -0.14	Gaussian	0.000000	0.000000
1957	0	  0.025650	  0.022375	     -1.00	   2065.22	   1490.48	      3.00	      2.58	      6.31	      5.42	7.06	 1.579e-03	     -0.14	Gaussian	0.000000	0.000000
1958	0	  0.025508	  0.021945	     -1.00	   4197.42	   2389.21	      1.95	      1.63	      4.09	      3.43	74.64	 8.892e-04	     -0.14	Gaussian	0.000000	0.000000
1959	0	  0.025686	  0.026382	     -1.00	   2863.57	   2356.65	      2.32	      1.93	      4.88	      4.05	-86.99	 3.475e-04	     -0.14	Gaussian	0.000000	0.000000
1960	0	  0.025540	  0.028105	     -1.00	   2768.36	   1343.58	      2.20	      1.89	      4.63	      3.97	-89.68	 5.250e-04	     -0.14	Gaussian	0.000000	0.000000
1961	0	  0.025304	  0.026720	     -1.00	   1663.41	   1711.65	      2.17	      2.02	      4.57	      4.25	86.81	 3.886e-04	     -0.14	Gaussian	0.000000	0.000000
1962	0	  0.025134	  0.027673	     -1.00	   2301.31	    207.64	      2.18	      1.95	      4.58	      4.10	61.60	 3.857e-04	     -0.14	Gaussian	0.000000	0.000000
1963	0	  0.025454	  0.025306	     -1.00	   4603.66	   1925.25	      3.21	      2.46	      6.75	      5.17	-81.63	 1.075e-03	     -0.14	Gaussian	0.000000	0.000000
1964	0	  0.025686	  0.027020	     -1.00	   3220.97	   1946.86	      2.31	      1.88	      4.85	      3.96	-82.79	 3.670e-04	     -0.14	Gaussian	0.000000	0.000000
1965	0	  0.025385	  0.024835	     -1.00	   4780.37	   2439.60	      2.39	      1.98	      5.02	      4.16	86.26	 3.781e-04	     -0.14	Gaussian	0.000000	0.000000
1966	0	  0.025452	  0.023933	     -1.00	   2515.16	    943.71	      1.63	      1.59	      3.43	      3.34	24.96	 1.376e-03	     -0.14	Gaussian	0.000000	0.000000
1967	0	  0.025504	  0.015675	     -1.00	   2797.05	   1213.72	      1.81	      1.76	      3.80	      3.70	74.90	 1.608e-03	     -0.14	Gaussian	0.000000	0.000000
1968	0	  0.025484	  0.028892	     -1.00	   4505.37	    921.88	      2.14	      1.88	      4.49	      3.95	65.10	 6.951e-04	     -0.13	Gaussian	0.000000	0.000000
1969	0	  0.025363	  0.026277	     -1.00	   3635.56	    659.38	      1.92	      1.78	      4.04	      3.73	56.73	 6.408e-04	     -0.13	Gaussian	0.000000	0.000000
1970	0	  0.025514	  0.011444	     -1.00	   3309.84	   3228.02	      1.83	      1.83	      3.84	      3.84	21.66	 1.734e-03	     -0.13	Gaussian	0.000000	0.000000
1971	0	  0.025418	  0.027164	     -1.00	   2612.48	    969.41	      2.31	      2.03	      4.86	      4.27	70.45	 4.576e-04	     -0.13	Gaussian	0.000000	0.000000
1972	0	  0.024633	  0.017514	     -1.00	   6111.55	    720.05	      1.91	      1.80	      4.01	      3.77	64.91	 1.363e-03	     -0.13	Gaussian	0.000000	0.000000
1973	0	  0.025411	  0.026235	     -1.00	   1846.00	   1748.44	      2.09	      2.09	      4.39	      4.39	3.36	 3.911e-04	     -0.13	Gaussian	0.000000	0.000000
1974	0	  0.025290	  0.027634	     -1.00	   3159.79	    625.44	      2.26	      1.93	      4.75	      4.06	54.11	 4.427e-04	     -0.13	Gaussian	0.000000	0.000000
1975	0	  0.025517	  0.026294	     -1.00	   2521.42	   1715.84	      2.37	      2.00	      4.99	      4.21	-86.73	 3.844e-04	     -0.13	Gaussian	0.000000	0.000000
1976	0	  0.025582	  0.025651	     -1.00	   3695.42	   3097.75	      2.32	      1.93	      4.87	      4.05	82.28	 3.192e-04	     -0.13	Gaussian	0.000000	0.000000
1977	0	  0.025348	  0.024086	     -1.00	   1821.46	   3473.10	      1.57	      1.51	      3.30	      3.18	-87.53	 1.287e-03	     -0.13	Gaussian	0.000000	0.000000
1978	0	  0.025429	  0.026874	     -1.00	   4547.41	   2691.33	      1.97	      1.75	      4.15	      3.67	65.79	 5.531e-04	     -0.13	Gaussian	0.000000	0.000000
1979	0	  0.025948	  0.027978	     -1.00	   3639.04	   1672.81	      2.27	      1.79	      4.77	      3.77	-85.47	 2.080e-03	     -0.13	Gaussian	0.000000	0.000000
1980	0	  0.025667	  0.026847	     -1.00	   4782.40	   1832.04	      1.40	      1.31	      2.94	      2.75	74.82	 1.856e-03	     -0.13	Gaussian	0.000000	0.000000
1981	0	  0.025285	  0.024334	     -1.00	    961.61	   2340.59	      2.16	      2.16	      4.55	      4.55	62.34	 1.234e-03	     -0.13	Gaussian	0.000000	0.000000
1982	0	  0.025330	  0.014589	     -1.00	   2832.85	    800.15	      1.76	      1.45	      3.69	      3.05	86.34	 1.608e-03	     -0.13	Gaussian	0.000000	0.000000
1983	0	  0.025221	  0.016626	     -1.00	   1515.82	   1548.06	      1.74	      1.64	      3.66	      3.46	69.49	 1.616e-03	     -0.13	Gaussian	0.000000	0.000000
1984	0	  0.025514	  0.019715	     -1.00	   3902.14	   3064.35	      2.75	      2.47	      5.78	      5.19	8.31	 6.853e-04	     -0.13	Gaussian	0.000000	0.000000
1985	0	  0.025281	  0.024475	     -1.00	   4105.16	    729.11	      2.05	      1.77	      4.30	      3.72	69.30	 6.047e-04	     -0.13	Gaussian	0.000000	0.000000
1986	0	  0.025379	  0.023625	     -1.00	   2549.54	   3605.51	      2.41	      1.99	      5.06	      4.19	89.94	 4.010e-04	     -0.13	Gaussian	0.000000	0.000000
1987	0	  0.024846	  0.026372	     -1.00	   4620.49	     36.88	      1.93	      1.53	      4.05	      3.22	36.04	 7.812e-04	     -0.13	Gaussian	0.000000	0.000000
1988	0	  0.025477	  0.023515	     -1.00	   4368.40	   3794.95	      1.89	      1.62	      3.98	      3.41	-78.34	 1.349e-03	     -0.13	Gaussian	0.000000	0.000000
1989	0	  0.025346	  0.028866	     -1.00	   3493.89	    760.26	      2.13	      1.82	      4.48	      3.84	74.65	 3.744e-04	     -0.13	Gaussian	0.000000	0.000000
1990	0	  0.025437	  0.020116	     -1.00	   5100.73	   1497.73	      1.69	      1.57	      3.55	      3.30	63.39	 1.617e-03	     -0.13	Gaussian	0.000000	0.000000
1991	0	  0.025289	  0.025928	     -1.00	   2407.87	    666.48	      2.19	      1.96	      4.60	      4.13	72.46	 3.753e-04	     -0.13	Gaussian	0.000000	0.000000
1992	0	  0.024920	  0.024230	     -1.00	   5589.83	   1039.08	      2.34	      1.95	      4.91	      4.10	46.52	 4.006e-04	     -0.13	Gaussian	0.000000	0.000000
1993	0	  0.025164	  0.017668	     -1.00	   4473.63	    563.36	      1.81	      1.66	      3.81	      3.48	77.91	 1.334e-03	     -0.13	Gaussian	0.000000	0.000000
1994	0	  0.025675	  0.082714	     -1.00	   4519.03	   3324.56	      1.49	      0.88	      3.14	      1.86	36.81	 2.564e-03	     -0.13	Gaussian	0.000000	0.000000
1995	0	  0.024887	  0.025349	     -1.00	   4889.87	    319.18	      2.21	      1.95	      4.65	      4.09	52.20	 3.642e-04	     -0.13	Gaussian	0.000000	0.000000
1996	0	  0.025404	  0.019709	     -1.00	   1922.55	   3278.71	      1.68	      1.53	      3.52	      3.22	79.74	 1.357e-03	     -0.13	Gaussian	0.000000	0.000000
1997	0	  0.025652	  0.014926	     -1.00	   3882.63	   2489.57	      1.81	      1.51	      3.80	      3.17	12.43	 1.668e-03	     -0.12	Gaussian	0.000000	0.000000
1998	0	  0.025941	  0.019132	     -1.00	   3339.13	   3026.51	      2.72	      2.49	      5.71	      5.24	4.28	 1.997e-03	     -0.12	Gaussian	0.000000	0.000000
1999	0	  0.025939	  0.023907	     -1.00	   3356.18	   2296.61	      1.85	      1.79	      3.89	      3.76	-63.31	 1.347e-03	     -0.12	Gaussian	0.000000	0.000000
2000	0	  0.026018	  0.024017	     -1.00	   3281.93	   1996.59	      1.48	      1.45	      3.11	      3.04	5.48	 1.469e-03	     -0.11	Gaussian	0.000000	0.000000
